course_id,university_id,subject_code,title,level,start_year,start_month,duration_years,location,entry_requirements,overview,modules,course_url
C_TCD001_RES_GEN,IRL001,ARTS,Master in Philosophy (Research) - Arts & Humanities,MRes,2026,September,2 Years,Main Campus Dublin,2.1 Honors degree; Research Proposal; IELTS 6.5,Independent research degree for humanities and arts subjects.,"Research Skills, Thesis Preparation",www.tcd.ie/courses/postgraduate/postgraduate-research/
C_TCD001_RES_SCI,IRL001,BIOLOGY,M.Sc. by Research - Science & STEM,MRes,2026,September,2 Years,Main Campus Dublin,2.1 Honors degree; Research Proposal; IELTS 6.5,"Research-focused Masters in Life Sciences, Chemistry, and Physics.","Scientific Writing, Research Seminar, Thesis",www.tcd.ie/courses/postgraduate/postgraduate-research/
C_TCD001_RES_MED,IRL001,MEDICAL_SCIENCES,M.Sc. by Research - Health Sciences,MRes,2026,September,2 Years,Main Campus Dublin,2.1 Honors degree; Research Proposal; IELTS 7.0,Clinical or laboratory-based medical research.,"Bioethics, Biostatistics, Thesis",www.tcd.ie/medicine/postgraduate/research/
C_UCD002_RES_AG,IRL002,AGRICULTURE,M.Sc. Agriculture and Food Science (Research),MRes,2026,May,2 Years,Belfield Campus,2.1 Honors degree; Supervisor agreement; IELTS 6.5,Advanced research in sustainable food systems and animal science.,"Research Professional Development, Thesis",www.ucd.ie/agfood/study/graduateresearchprogrammes/
C_UCD002_RES_ENG,IRL002,CIVIL_ENGINEERING,M.Eng.Sc. (Research) Engineering,MRes,2026,September,2 Years,Belfield Campus,2.1 Honors degree in Engineering; Supervisor agreement; IELTS 6.5,"Research covering Civil, Mechanical, and Electrical engineering.","Technical Writing, Lab Safety, Thesis",www.ucd.ie/engineering/study/graduateresearch/
C_UCD002_RES_BUS,IRL002,BUSINESS_MANAGEMENT,M.Phil. (Research) Business,MRes,2026,September,2 Years,Smurfit School,First Class Honors; Research Proposal; IELTS 7.0,"High-level research in finance, marketing, or management.","Quantitative Methods, Literature Review, Thesis",www.smurfitschool.ie/programmes/res/
C_UCC009_RES_01,IRL009,BIOCHEMISTRY,MRes Biochemistry and Biosciences,MRes,2026,September,1 Year,Main Campus Cork,2.1 Honors degree in Science; IELTS 6.5,"Scientific, research-intensive course including laboratory rotations.","Scientific Research Planning, Lab Rotations, Thesis",www.ucc.ie/en/mres/
C_UCC009_RES_02,IRL009,BIOLOGY,MRes Plant Biology,MRes,2026,September,1 Year,Main Campus Cork,2.1 Honors degree; IELTS 6.5,Focus on plant genetic engineering and sustainable food production.,"Frontiers in Biology, Plant Genetics, Thesis",ucc-ie-public.courseleaf.com/programmes/mrespb/
C_UCC009_RES_03,IRL009,BIOENGINEERING,MRes Biotechnological Engineering,MRes,2026,September,1 Year,Main Campus Cork,2.1 Honors degree in Eng; IELTS 6.5,Research in molecular microbial biotechnology and bioprocess engineering.,"Bioprocess Engineering, Molecular Techniques, Thesis",ucc-ie-public.courseleaf.com/programmes/mresbe/
C_UCC009_RES_04,IRL009,ARTS,MRes Arts (Humanities),MRes,2026,September,1 Year,Main Campus Cork,2.1 Honors degree; Research Proposal; IELTS 6.5,Research-led degree across 20+ disciplines including History and Philosophy.,"Digital Skills, Research Methods, Thesis",www.ucc.ie/en/mres-arts/
C_GAL011_RES_01,IRL011,MEDICAL_SCIENCES,M.Sc. Clinical Research,MRes,2026,September,1 Year,Galway Campus,2.1 Honors degree in Medicine/Health; IELTS 6.5,Empowers healthcare professionals to lead medical research.,"Introduction to Biostatistics, Ethical Frameworks, Thesis",www.universityofgalway.ie/courses/taught-postgraduate-courses/clinical-research.html
C_GAL011_RES_02,IRL011,MATHEMATICS,M.Sc. by Research Mathematics,MRes,2026,September,1 Year,Galway Campus,2.1 Honors degree; Supervisor agreement; IELTS 6.5,Independent research in pure or applied mathematics.,"Advanced Math Seminars, Thesis",www.universityofgalway.ie/maths/
C_GAL011_RES_03,IRL011,CLASSICS,Structured Research Masters (Classics),MRes,2026,September,1 Year,Galway Campus,2.1 Honors degree; Research Proposal; IELTS 6.5,Focused research training in classical civilisations and languages.,"Classics Research Methods, Thesis",www.universityofgalway.ie/arts/
C_UL015_RES_01,IRL015,BIOLOGY,M.Sc. by Research (Science & Engineering),MRes,2026,September,2 Years,Main Campus Limerick,2.1 Honors degree; Supervisor agreement; Research proposal; IELTS 6.5,"Independent research projects in biological sciences, chemistry, or physics.","Generic Research Skills, Thesis Preparation",www.ul.ie/research/postgraduate-research/
C_UL015_RES_02,IRL015,SOCIOLOGY,"M.A. by Research (Arts, Humanities & Social Sciences)",MRes,2026,September,2 Years,Main Campus Limerick,2.1 Honors degree; Supervisor agreement; Research proposal; IELTS 6.5,"Research-based degree in history, sociology, politics, or linguistics.","Qualitative Methods, Ethics, Thesis",www.ul.ie/research/postgraduate-research/
C_UL015_RES_03,IRL015,EDUCATION,M.Sc. by Research (Education & Health Sciences),MRes,2026,September,2 Years,Main Campus Limerick,2.1 Honors degree; Supervisor agreement; Research proposal; IELTS 6.5,"Research focused on pedagogy, nursing, clinical therapies, or sports science.","Health Research Methods, Thesis",www.ul.ie/research/postgraduate-research/
C_UL015_RES_04,IRL015,BUSINESS_MANAGEMENT,M.Sc. by Research (Kemmy Business School),MRes,2026,September,2 Years,Main Campus Limerick,2.1 Honors degree; Supervisor agreement; Research proposal; IELTS 6.5,"Advanced research in economics, finance, marketing, or human resources.","Business Research Methods, Thesis",www.ul.ie/research/postgraduate-research/
C_UL015_RES_05,IRL015,HEALTH_SCIENCES,M.Sc. Health Research (Structured),MRes,2026,September,1 Year,Main Campus Limerick,2.1 Honors degree; IELTS 6.5,Structured research training providing a foundation for clinical and health research.,"Advanced Data Analysis, Systematic Review, Thesis",www.ul.ie/gps/health-research-msc
C_MIC016_RES_01,IRL016,EDUCATION,M.Ed. by Research,MRes,2026,September,2 Years,Limerick Campus,2.1 Honors degree in Education; Research Proposal; IELTS 6.5,"Independent research into pedagogical theory, leadership, or curriculum development.","Education Research Methods, Thesis",www.mic.ul.ie/research/postgraduate-research/
C_MIC016_RES_02,IRL016,HUMANITIES,M.A. by Research (Arts),MRes,2026,September,2 Years,Limerick Campus,2.1 Honors degree; Research Proposal; IELTS 6.5,"Advanced research in English, History, Philosophy, or Theology.","Research Skills for Humanities, Thesis",www.mic.ul.ie/research/postgraduate-research/
C_RCS017_RES_01,IRL017,MEDICAL_SCIENCES,M.Sc. by Research (Healthcare & Pharmacy),MRes,2026,September,2 Years,St. Stephens Green Dublin,2.1 Honors degree in Science/Health; Supervisor agreement; IELTS 7.0,"Laboratory or clinical research in drug development, pharmacology, or medicine.","Research Ethics, Biostatistics, Thesis",://www.rcsi.com
C_RCS017_RES_02,IRL017,MEDICINE,Master of Surgery (MCh) by Research,MRes,2026,September,1 Year,St. Stephens Green Dublin,Medical degree (MB BCh BAO); Registered with Medical Council; Supervisor agreement,Specialized surgical research for medically qualified practitioners.,"Surgical Research Methods, Thesis",://www.rcsi.com
C_RCS017_RES_03,IRL017,NURSING,M.Sc. by Research (Nursing & Midwifery),MRes,2026,September,2 Years,St. Stephens Green Dublin,2.1 Honors degree in Nursing; Active Registration; IELTS 7.0,"Investigation into clinical nursing practice, patient safety, or healthcare policy.","Advanced Research Methods, Thesis",://www.rcsi.com
C_MAY018_RES_01,IRL018,ANTHROPOLOGY,M.A. by Research Anthropology,MRes,2026,September,2 Years,Main Campus Maynooth,2.1 Honors degree; Research Proposal; IELTS 6.5,Ethnographic research training including independent fieldwork and theory analysis.,"Ethnographic Methods, Literature Review, Thesis",www.maynoothuniversity.ie/anthropology/our-courses/master-arts-research
C_MAY018_RES_02,IRL018,BIOLOGY,M.Sc. by Research Biology,MRes,2026,September,2 Years,Main Campus Maynooth,2.1 Honors degree; Supervisor agreement; IELTS 6.5,"Specialized laboratory research in immunology, genetics, or environmental biology.","Scientific Writing, Research Integrity, Thesis",www.maynoothuniversity.ie/biology/our-courses/msc-biology-research
C_MAY018_RES_03,IRL018,COMPUTER_SCIENCE,M.Sc. by Research Computer Science,MRes,2026,September,2 Years,Main Campus Maynooth,2.1 Honors degree; Supervisor agreement; IELTS 6.5,"Independent research into AI, geocomputation, or software engineering.","Research Methods, Thesis",www.maynoothuniversity.ie/computer-science/our-courses/msc-computer-science-research
C_MAY018_RES_04,IRL018,ECONOMICS,M.Litt. by Research Economics,MRes,2026,September,2 Years,Main Campus Maynooth,2.1 Honors degree; Research Proposal; IELTS 6.5,Economic research utilizing quantitative analysis and primary data sets.,"Econometrics, Research Workshop, Thesis",www.maynoothuniversity.ie/economics/our-courses/mlitt-economics
C_MAY018_RES_05,IRL018,HISTORY,M.Litt. by Research History,MRes,2026,September,2 Years,Main Campus Maynooth,2.1 Honors degree; Research Proposal; IELTS 6.5,"In-depth historical study across Irish, European, or Global history.","Historiography, Research Skills, Thesis",www.maynoothuniversity.ie/history/our-courses/mlitt-history
C_IAD019_RES_01,IRL019,DESIGN,Masters by Research (Creative Arts & Design),MRes,2026,September,2 Years,Dun Laoghaire Campus,2.1 Honors degree; Portfolio; Research Proposal; IELTS 6.5,"Practice-based research in visual communication, design, or fine art.","Research Methodologies, Thesis",iadt.ie/courses/masters-by-research/
C_IAD019_RES_02,IRL019,COMPUTER_SCIENCE,Masters by Research (Cybersecurity & Technology),MRes,2026,September,2 Years,Dun Laoghaire Campus,2.1 Honors degree; Research Proposal; IELTS 6.0,"Technical research in AI, data science, or human-computer interaction.","Technical Research Skills, Thesis",iadt.ie/courses/masters-by-research/
C_DCU020_RES_BUS,IRL020,BUSINESS_MANAGEMENT,Masters by Research (Business),MRes,2026,September,2 Years,DCU Business School,2.1 Honors degree; Research Proposal; IELTS 6.5,"Advanced research in marketing, HR, finance, or digital business.","Research Integrity, Thesis",www.dcu.ie/business/postgraduate-research-programmes
C_DCU020_RES_SCI,IRL020,BIOLOGY,Masters by Research (Science & Health),MRes,2026,September,2 Years,Glasnevin Campus,2.1 Honors degree; Supervisor agreement; IELTS 6.5,"Research in biotechnology, physical sciences, or health and human performance.","Research Ethics, Thesis",www.dcu.ie/science-and-health/research-masters
C_DCU020_RES_ENG,IRL020,CIVIL_ENGINEERING,Masters by Research (Engineering & Computing),MRes,2026,September,2 Years,Glasnevin Campus,2.1 Honors degree; Supervisor agreement; IELTS 6.5,"Research in mechanical, electronic, or computing and software systems.","Technical Writing, Thesis",www.dcu.ie/engineering-and-computing/research
C_DCU020_RES_HUM,IRL020,SOCIOLOGY,Masters by Research (Humanities & Social Sciences),MRes,2026,September,2 Years,Glasnevin Campus,2.1 Honors degree; Research Proposal; IELTS 6.5,"Research in history, communications, sociology, or law.","Social Research Methods, Thesis",www.dcu.ie/humanities-and-social-sciences/research
C_DCU020_RES_EDU,IRL020,EDUCATION,Masters by Research (Education),MRes,2026,September,2 Years,St. Patrick's Campus,2.1 Honors degree in Education; Research Proposal; IELTS 6.5,Scholarly research into pedagogical theories and educational policy.,"Education Research Skills, Thesis",www.dcu.ie/institute-of-education/research
C_ATU022_RES_SCI,IRL022,ENVIRONMENTAL_SCIENCE,Masters by Research (Science),MRes,2026,September,2 Years,Galway Campus,2.1 Honors degree; Supervisor agreement; IELTS 6.0,"Research in marine science, agriculture, or molecular biology.","Research Ethics, Thesis",www.atu.ie/research/postgraduate-research/
C_ATU022_RES_BUS,IRL022,BUSINESS_MANAGEMENT,Masters by Research (Business),MRes,2026,September,2 Years,Galway Campus,2.1 Honors degree; Research Proposal; IELTS 6.0,"Specialized research in accounting, finance, or management.","Business Research Methods, Thesis",www.atu.ie/research/postgraduate-research/
C_ATU022_RES_ENG,IRL022,MECHANICAL_ENGINEERING,Masters by Research (Engineering),MRes,2026,September,2 Years,Galway Campus,2.1 Honors degree in Eng; IELTS 6.0,"Research in civil, mechanical, or sustainable energy engineering.","Technical Research Skills, Thesis",www.atu.ie/research/postgraduate-research/
C_SET023_RES_COM,IRL023,COMPUTER_SCIENCE,Masters by Research (Computing),MRes,2026,September,2 Years,Waterford Campus,2.1 Honors degree; Supervisor agreement; IELTS 6.0,"Research in data science, AI, or software engineering.","Research Methods, Thesis",www.setu.ie/research/
C_SET023_RES_SCI,IRL023,BIOLOGY,Masters by Research (Science),MRes,2026,September,2 Years,Waterford Campus,2.1 Honors degree; Supervisor agreement; IELTS 6.0,"Research in pharmaceutical science, biology, or chemistry.","Lab Techniques, Thesis",www.setu.ie/research/
C_SET023_RES_ENG,IRL023,CIVIL_ENGINEERING,Masters by Research (Engineering),MRes,2026,September,2 Years,Carlow Campus,2.1 Honors degree; Supervisor agreement; IELTS 6.0,Independent research in mechanical or electronic engineering.,"Technical Writing, Thesis",www.setu.ie/research/
C_SET023_RES_BUS,IRL023,BUSINESS_MANAGEMENT,Masters by Research (Business),MRes,2026,September,2 Years,Waterford Campus,2.1 Honors degree; Research Proposal; IELTS 6.0,"Research in marketing, management, or economic policy.","Business Research Methods, Thesis",www.setu.ie/research/
C_STP025_RES_THE,IRL025,THEOLOGY,M.Th. by Research (Theology),MRes,2026,September,2 Years,Maynooth Campus,2.1 Honors degree in Theology; Research Proposal; IELTS 6.5,"Rigorous independent research into biblical studies, ethics, or theology.","Theological Research Skills, Thesis",sppu.ie/courses/research-masters
C_TUS026_RES_SCI,IRL026,BIOLOGY,Masters by Research (Science),MRes,2026,September,2 Years,Athlone Campus,2.1 Honors degree; Supervisor agreement; IELTS 6.0,"Research in polymer science, toxicology, or applied biology.","Research Methodologies, Thesis",tus.ie/research/
C_TUS026_RES_ENG,IRL026,MECHANICAL_ENGINEERING,Masters by Research (Engineering),MRes,2026,September,2 Years,Limerick Campus,2.1 Honors degree; Supervisor agreement; IELTS 6.0,Specialized engineering research in renewable energy or mechanics.,"Technical Writing, Thesis",tus.ie/research/
C_TUS026_RES_BUS,IRL026,BUSINESS_MANAGEMENT,Masters by Research (Business),MRes,2026,September,2 Years,Athlone Campus,2.1 Honors degree; Research Proposal; IELTS 6.0,"Research in digital marketing, social media management, or HR.","Business Research Methods, Thesis",tus.ie/research/
C_TUD027_RES_ART,IRL027,FINE_ART,Masters by Research (Creative Arts),MRes,2026,September,2 Years,Grangegorman Campus,2.1 Honors degree; Portfolio; IELTS 6.5,"Practice-based research in fine art, design, or media.","Creative Research Methods, Thesis",www.tudublin.ie/research/
C_TUD027_RES_ENG,IRL027,CIVIL_ENGINEERING,Masters by Research (Engineering),MRes,2026,September,2 Years,Bolton St Campus,2.1 Honors degree; Supervisor agreement; IELTS 6.5,Independent engineering research across all disciplines.,"Technical Research Skills, Thesis",www.tudublin.ie/research/
C_TUD027_RES_SCI,IRL027,BIOLOGY,Masters by Research (Science),MRes,2026,September,2 Years,Tallaght Campus,2.1 Honors degree; Supervisor agreement; IELTS 6.5,"Research in chemical, biological, or physical sciences.","Research Integrity, Thesis",www.tudublin.ie/research/
C_TUD027_RES_BUS,IRL027,BUSINESS_MANAGEMENT,Masters by Research (Business),MRes,2026,September,2 Years,Aungier St Campus,2.1 Honors degree; Research Proposal; IELTS 6.5,"Scholarly investigation into management, accounting, or retail.","Business Research Methods, Thesis",www.tudublin.ie/research/
C_ABE001_RES_01,UK001,BUSINESS_MANAGEMENT,Business and Management MSc by Research,MRes,2026,October,1 Year,Dundee Campus,2.1 Honours degree; Research Proposal; IELTS 6.0,"Broad themes include sustainable business, digital transformation, HRM, and international management.","Research Methods, Thesis",www.abertay.ac.uk/course-search/postgraduate-research/business-and-management/
C_ABE001_RES_02,UK001,COMPUTER_SCIENCE,Computing MSc by Research,MRes,2026,October,1 Year,Dundee Campus,2.1 Honours degree; Research Proposal; IELTS 6.0,"Focus areas: Usable security, HCI, immersive experiences, and interdisciplinary cybersecurity.","Technical Research Skills, Thesis",www.abertay.ac.uk/course-search/postgraduate-research/computing/
C_ABE001_RES_03,UK001,GAME_DESIGN,Applied Games MSc by Research,MRes,2026,October,1 Year,Dundee Campus,2.1 Honours degree; Portfolio/Proposal; IELTS 6.0,"Investigates games as educational or investigative tools, including games for health and social impact.","Games Research Design, Thesis",www.abertay.ac.uk/course-search/postgraduate-research/applied-games/
C_ABE001_RES_04,UK001,CYBER_SECURITY,Cybersecurity MSc by Research,MRes,2026,October,1 Year,Dundee Campus,2.1 Honours degree in Computing/Math; IELTS 6.0,Specialized research into securing online identities and resilient system architecture.,"Advanced Cybersecurity Research, Thesis",www.abertay.ac.uk/course-search/postgraduate-research/computing/
C_ABE001_RES_05,UK001,DATA_SCIENCE,Data Science and Systems Modelling MSc by Research,MRes,2026,October,1 Year,Dundee Campus,2.1 Honours degree; Supervisor agreement; IELTS 6.0,"Research into complex systems modelling, data analytics for decision-making, and AI.","Data Analysis Methods, Thesis",www.abertay.ac.uk/course-search/postgraduate-research/data-science-and-systems-modelling/
C_ABE001_RES_06,UK001,FOOD_SCIENCE,Food Science and Technology MSc by Research,MRes,2026,October,1 Year,Dundee Campus,2.1 Honours degree in Science; IELTS 6.0,"Covers food antioxidants, sensory science, sustainable raw materials, and fermentation.","Lab Research Techniques, Thesis",www.abertay.ac.uk/course-search/postgraduate-research/food-drink-science-technology/
C_ABE001_RES_07,UK001,PSYCHOLOGY,Psychology MSc by Research,MRes,2026,October,1 Year,Dundee Campus,2.1 Honours degree in Psychology; Research Proposal; IELTS 6.0,"Research strengths in developmental psychology, cognition, and forensic psychology (witness testimony).","Psychological Research Methods, Thesis",www.abertay.ac.uk/course-search/postgraduate-research/postgraduate-research-opportunities-in-psychology/
C_ABE001_RES_08,UK001,NURSING,Mental Health Nursing MSc by Research,MRes,2026,October,1 Year,Dundee Campus,2.1 Honours degree; Nursing Registration; IELTS 6.5,"Research focuses on nursing care contexts, resilience, and long-term health condition impact.","Healthcare Research Ethics, Thesis",www.abertay.ac.uk/course-search/postgraduate-research/professional-development-in-mental-health-nursing-and-counselling/
C_ABE001_RES_09,UK001,GENETICS,Infertility and Sperm Function MSc by Research,MRes,2026,October,1 Year,Dundee Campus,2.1 Honours degree in Biomedical Science; IELTS 6.0,High-impact molecular research into the pathophysiology of human infertility.,"Biomolecular Techniques, Thesis",www.abertay.ac.uk/course-search/postgraduate-research/infertility-and-sperm-function/
C_ABE002_RES_01,UK002,BIOLOGY,MRes Biosciences,MRes,2026,September,1 Year,Aberystwyth Campus,2.1 Honours degree in Biology/Science; IELTS 6.5,"Advanced research training in molecular biology, biochemistry, or ecology with a large thesis component.","Research Methods in the Biosciences, Thesis",www.aber.ac.uk/en/postgrad/taught/ibers/biosciences-mres/
C_ABE002_RES_02,UK002,AGRICULTURE,MRes Parasitology,MRes,2026,September,1 Year,Aberystwyth Campus,2.1 Honours degree in Biomedical or Veterinary Science; IELTS 6.5,Specialized research into the biology and control of parasites in humans and livestock.,"Core Parasitology, Research Techniques, Thesis",www.aber.ac.uk/en/postgrad/taught/ibers/parasitology-mres/
C_ABE002_RES_03,UK002,INTERNATIONAL_RELATIONS,MRes International Politics,MRes,2026,September,1 Year,Aberystwyth Campus,2.1 Honours degree in Politics; IELTS 7.0,Research-intensive programme in the world's oldest International Politics department.,"Research Training in IR, Critical Security Studies, Thesis",www.aber.ac.uk/en/postgrad/taught/interpol/international-politics-mres/
C_ABE002_RES_04,UK002,HISTORY,MRes Modern History,MRes,2026,September,1 Year,Aberystwyth Campus,2.1 Honours degree in History; IELTS 7.0,Focuses on research methodologies and independent study in modern historical periods.,"The Practice of History, Archive Skills, Thesis",www.aber.ac.uk/en/postgrad/taught/history/modern-history-mres/
C_ABE002_RES_05,UK002,ARTS,"MRes Media, Communication and Creative Practice",MRes,2026,September,1 Year,Aberystwyth Campus,2.1 Honours degree; Portfolio; IELTS 6.5,Combines creative practice with rigorous academic research in media and film.,"Creative Practice Methods, Thesis",www.aber.ac.uk/en/postgrad/taught/tfa/media-comm-creative-practice-mres/
C_ABE002_RES_06,UK002,PSYCHOLOGY,M.Phil. by Research Psychology,MRes,2026,September,2 Years,Aberystwyth Campus,2.1 Honours degree; Research Proposal; IELTS 6.5,"Deep-dive independent research into cognitive, social, or health psychology.","Advanced Research Design, Thesis",www.aber.ac.uk/en/postgrad/research-degrees/psychology/
C_ABE002_RES_07,UK002,GEOGRAPHY,M.Sc. by Research Geography,MRes,2026,September,1 Year,Aberystwyth Campus,2.1 Honours degree; Supervisor agreement; IELTS 6.5,"Research in physical or human geography, glaciology, or earth observation.","Geographical Research Skills, Thesis",www.aber.ac.uk/en/postgrad/research-degrees/geography-earth-sciences/
C_ABE002_RES_08,UK002,COMPUTER_SCIENCE,M.Sc. by Research Computer Science,MRes,2026,September,1 Year,Aberystwyth Campus,2.1 Honours degree; Supervisor agreement; IELTS 6.0,"Research strengths in robotics, AI, and bioinformatics.","Technical Writing for Computing, Thesis",www.aber.ac.uk/en/postgrad/research-degrees/computer-science/
C_ABE002_RES_09,UK002,WELSH_LANGUAGE,M.Phil. by Research Welsh / Cymraeg,MRes,2026,September,2 Years,Aberystwyth Campus,2.1 Honours degree; Proficiency in Welsh; IELTS 6.5,"Research into Welsh literature, sociolinguistics, or professional translation.","Research Methods in Celtic Studies, Thesis",www.aber.ac.uk/en/postgrad/research-degrees/welsh/
C_ARU003_RES_01,UK003,MEDICAL_SCIENCES,M.Sc. by Research (Medicine & Health),MRes,2026,September,1 Year,Cambridge Campus,2.1 Honours degree; Research Proposal; IELTS 6.5,"Laboratory or clinical research projects in vision, medicine, or health science.","Research Ethics, Thesis",www.aru.ac.uk/research/postgraduate-research/research-degrees/medical-science-msc
C_ARU003_RES_02,UK003,COMPUTER_SCIENCE,M.Sc. by Research (Computing & Information Science),MRes,2026,September,1 Year,Cambridge Campus,2.1 Honours degree; Supervisor agreement; IELTS 6.0,"Research into AI, cybersecurity, or data science.","Technical Writing, Thesis",www.aru.ac.uk/research/postgraduate-research/research-degrees/computer-science-msc
C_ARU003_RES_03,UK003,BIOLOGY,M.Sc. by Research (Life Sciences),MRes,2026,September,1 Year,Cambridge Campus,2.1 Honours degree; Supervisor agreement; IELTS 6.5,"Research projects in conservation, animal behaviour, or forensic science.","Lab Research Skills, Thesis",www.aru.ac.uk/research/postgraduate-research/research-degrees/life-sciences-msc
C_ARU003_RES_04,UK003,PSYCHOLOGY,M.Sc. by Research (Psychology),MRes,2026,September,1 Year,Cambridge Campus,2.1 Honours degree in Psychology; IELTS 6.5,"Research in cognitive, developmental, or social psychology within the Science faculty.","Psychology Research Methods, Thesis",www.aru.ac.uk/research/postgraduate-research/research-degrees/psychology-msc
C_ARU003_RES_05,UK003,BUSINESS_MANAGEMENT,M.Phil. by Research (Business),MRes,2026,September,2 Years,Chelmsford Campus,2.1 Honours degree; Research Proposal; IELTS 6.5,"Deep independent research into management, accounting, or business strategy.","Business Research Methodologies, Thesis",www.aru.ac.uk/research/postgraduate-research/research-degrees/business-mphil
C_ARU003_RES_06,UK003,ARTS,M.Phil. by Research (Creative Arts & Design),MRes,2026,September,2 Years,Cambridge Campus,2.1 Honours degree; Portfolio; IELTS 6.5,"Practice-based research in fine art, illustration, or film.","Art Research Practice, Thesis",www.aru.ac.uk/research/postgraduate-research/research-degrees/art-design-mphil
C_ARU003_RES_07,UK003,EDUCATION,M.Phil. by Research (Education),MRes,2026,September,2 Years,Chelmsford Campus,2.1 Honours degree; Research Proposal; IELTS 6.5,"Scholarly investigation into education policy, leadership, or pedagogy.","Educational Research Design, Thesis",www.aru.ac.uk/research/postgraduate-research/research-degrees/education-mphil
C_ARU003_RES_08,UK003,MUSIC,M.Phil. by Research (Music & Performing Arts),MRes,2026,September,2 Years,Cambridge Campus,2.1 Honours degree; Audition/Portfolio; IELTS 6.5,"Specialized research in music therapy, performance, or musicology.","Music Research Methods, Thesis",www.aru.ac.uk/research/postgraduate-research/research-degrees/music-mphil
C_AUB005_RES_01,UK005,FINE_ART,M.Phil. by Research (Arts),MRes,2026,September,2 Years,Bournemouth Campus,2.1 Honours degree; Portfolio; Research Proposal; IELTS 6.5,"Practice-led research in fine art, design, media, or architecture.","Creative Research Methods, Thesis",aub.ac.uk/research/degrees/
C_AST007_RES_01,UK007,BUSINESS_MANAGEMENT,MRes Business and Management,MRes,2026,September,1 Year,Main Campus Birmingham,2.1 Honours degree; Research Proposal; IELTS 7.0,"Research-intensive foundation for a PhD in management, finance, or marketing.","Management Research Methods, Advanced Analytics, Thesis",www.aston.ac.uk/study/courses/mres-business-and-management/
C_AST007_RES_02,UK007,MEDICAL_SCIENCES,M.Sc. by Research (Health Sciences),MRes,2026,September,1 Year,Main Campus Birmingham,2.1 Honours degree; Supervisor agreement; IELTS 6.5,"Specialized laboratory research in optometry, pharmacy, or psychology.","Research Ethics, Experimental Design, Thesis",www.aston.ac.uk/study/courses/msc-by-research-health-sciences/
C_AST007_RES_03,UK007,ENGINEERING,M.Sc. by Research (Engineering & Physical Sciences),MRes,2026,September,1 Year,Main Campus Birmingham,2.1 Honours degree; Supervisor agreement; IELTS 6.0,"Technical research in sustainable energy, computer science, or photonics.","Technical Research Skills, Thesis",www.aston.ac.uk/study/courses/msc-by-research-engineering/
C_BAN008_RES_01,UK008,PSYCHOLOGY,MRes Psychology,MRes,2026,September,1 Year,Bangor Campus,2.1 Honours degree in Psychology; IELTS 6.5,"Strong emphasis on neuroimaging, cognitive science, and clinical psychology.","Advanced Research Methods, Lab Rotation, Thesis",www.bangor.ac.uk/courses/postgraduate-taught/psychology-mres
C_BAN008_RES_02,UK008,ENVIRONMENTAL_SCIENCE,MRes Marine Biology,MRes,2026,September,1 Year,Bangor Campus,2.1 Honours degree in Science; IELTS 6.5,"Research in marine ecology, oceanography, and sustainable fisheries.","Marine Research Skills, Thesis",www.bangor.ac.uk/courses/postgraduate-taught/marine-biology-mres
C_BAN008_RES_03,UK008,EDUCATION,MRes Education,MRes,2026,September,1 Year,Bangor Campus,2.1 Honours degree in Education; IELTS 6.5,"Focuses on bilingualism, educational psychology, and pedagogy research.","Educational Enquiry, Research Ethics, Thesis",www.bangor.ac.uk/courses/postgraduate-taught/education-mres
C_BAN008_RES_04,UK008,SOCIOLOGY,MRes Social Policy,MRes,2026,September,1 Year,Bangor Campus,2.1 Honours degree; Research Proposal; IELTS 6.5,Research training for social scientists in policy evaluation and sociology.,"Social Research Methods, Thesis",www.bangor.ac.uk/courses/postgraduate-taught/social-policy-mres
C_BAN008_RES_05,UK008,SPORT_SCIENCE,MRes Sport and Exercise Science,MRes,2026,September,1 Year,Bangor Campus,2.1 Honours degree; IELTS 6.5,"Investigation into physiology, psychology, and motor control in sports.","Sport Science Research Methods, Thesis",www.bangor.ac.uk/courses/postgraduate-taught/sport-and-exercise-sciences-mres
C_BAN008_RES_06,UK008,BUSINESS_MANAGEMENT,M.Phil. by Research (Business),MRes,2026,September,2 Years,Bangor Campus,2.1 Honours degree; Research Proposal; IELTS 6.5,"Independent research in management, accounting, or finance.","Business Research Methodologies, Thesis",www.bangor.ac.uk/business/research-degrees
C_BAS009_RES_01,UK009,FINE_ART,M.Phil. in Art and Design,MRes,2026,September,2 Years,Newton Park Campus,2.1 Honours degree; Portfolio; Research Proposal; IELTS 6.0,"Independent practice-based research in fine art, ceramics, or visual design.","Creative Research Methods, Thesis",www.bathspa.ac.uk/courses/pg-art-and-design-mphil/
C_BAS009_RES_02,UK009,ENGLISH_LITERATURE,M.Phil. in Humanities,MRes,2026,September,2 Years,Newton Park Campus,2.1 Honours degree; Research Proposal; IELTS 6.5,"Advanced research in English literature, history, or heritage studies.","Humanities Research Skills, Thesis",www.bathspa.ac.uk/courses/pg-humanities-mphil/
C_BAS009_RES_03,UK009,MUSIC,M.Phil. in Music,MRes,2026,September,2 Years,Newton Park Campus,2.1 Honours degree; Audition/Portfolio; IELTS 6.5,"Research focused on composition, performance, or music technology.","Music Research Methodologies, Thesis",www.bathspa.ac.uk/courses/pg-music-mphil/
C_BAS009_RES_04,UK009,EDUCATION,M.Phil. in Education,MRes,2026,September,2 Years,Newton Park Campus,2.1 Honours degree; Research Proposal; IELTS 6.5,"Investigation into pedagogical practices, policy, and educational leadership.","Educational Enquiry, Thesis",www.bathspa.ac.uk/courses/pg-education-mphil/
C_BBK011_RES_01,UK011,SOCIOLOGY,MRes Social Research,MRes,2026,September,1 Year,Bloomsbury London,2.1 Honours degree; IELTS 6.5,Interdisciplinary research training in qualitative and quantitative social science methods.,"Quantitative Methods, Qualitative Research, Thesis",www.bbk.ac.uk/courses/postgraduate/social-research-mres
C_BBK011_RES_02,UK011,POLITICAL_SCIENCE,MRes Politics,MRes,2026,September,1 Year,Bloomsbury London,2.1 Honours degree in Politics/IR; IELTS 6.5,Intensive research training in political theory and comparative politics.,"Politics Research Design, Advanced Theory, Thesis",www.bbk.ac.uk/courses/postgraduate/politics-mres
C_BBK011_RES_03,UK011,HISTORY,MRes History,MRes,2026,September,1 Year,Bloomsbury London,2.1 Honours degree in History; IELTS 6.5,"Training in historical research skills, historiography, and primary source analysis.","Historical Research Methods, Thesis",www.bbk.ac.uk/courses/postgraduate/history-mres
C_BBK011_RES_04,UK011,PSYCHOLOGY,M.Phil. in Psychology,MRes,2026,September,2 Years,Bloomsbury London,2.1 Honours degree; Research Proposal; IELTS 7.0,"Research projects in cognitive development, neuroscience, and educational psychology.","Advanced Psychology Methods, Thesis",www.bbk.ac.uk/courses/postgraduate/psychology-mphil
C_BBK011_RES_05,UK011,COMPUTER_SCIENCE,M.Phil. in Computer Science,MRes,2026,September,2 Years,Bloomsbury London,2.1 Honours degree; Supervisor agreement; IELTS 6.5,"Research in data science, AI, and information systems.","Technical Research Skills, Thesis",www.bbk.ac.uk/courses/postgraduate/computer-science-mphil
C_BCU012_RES_01,UK012,SPORTS_SCIENCE,MRes Sport and Exercise,MRes,2026,September,1 Year,City South Campus,2.1 Honours degree; Research Proposal; IELTS 6.5,"Specialised research training in physiology, psychology, or biomechanics.","Research Methods in Sport, Data Analysis, Thesis",www.bcu.ac.uk/courses/sport-and-exercise-mres/
C_BCU012_RES_02,UK012,FINE_ART,"M.Phil. by Research (Arts, Design & Media)",MRes,2026,September,2 Years,City Centre Campus,2.1 Honours degree; Portfolio; Research Proposal; IELTS 6.5,"Practice-based research in art, fashion, jewellery, or media.","Creative Research Methodologies, Thesis",www.bcu.ac.uk/research/postgraduate-research/art-design-media/
C_BCU012_RES_03,UK012,CIVIL_ENGINEERING,"M.Phil. by Research (Computing, Engineering & Built Environment)",MRes,2026,September,2 Years,City Centre Campus,2.1 Honours degree; Supervisor agreement; IELTS 6.0,"Technical research in AI, sustainable construction, or manufacturing.","Technical Writing, Research Integrity, Thesis",www.bcu.ac.uk/research/postgraduate-research/cebe/
C_BCU012_RES_04,UK012,BUSINESS_MANAGEMENT,"M.Phil. by Research (Business, Law & Social Sciences)",MRes,2026,September,2 Years,City Centre Campus,2.1 Honours degree; Research Proposal; IELTS 6.5,"Research focused on management, finance, criminology, or sociology.","Social Research Methods, Thesis",www.bcu.ac.uk/research/postgraduate-research/blss/
C_BCU012_RES_05,UK012,HEALTH_SCIENCES,"M.Phil. by Research (Health, Education & Life Sciences)",MRes,2026,September,2 Years,City South Campus,2.1 Honours degree; Supervisor agreement; IELTS 6.5,"Research into nursing, professional education, or biomedical sciences.","Healthcare Research Ethics, Thesis",www.bcu.ac.uk/research/postgraduate-research/hels/
C_BOU014_RES_01,UK014,ENVIRONMENTAL_SCIENCE,MRes Science (Ecology & Marine Biology),MRes,2026,September,1 Year,Talbot Campus,2.1 Honours degree in Science; IELTS 6.5,Focused research training in environmental conservation and marine ecology.,"Research Methods in Science, Thesis",www.bournemouth.ac.uk/study/courses/mres-science/
C_BOU014_RES_02,UK014,ANTHROPOLOGY,MRes Science (Archaeology & Anthropology),MRes,2026,September,1 Year,Talbot Campus,2.1 Honours degree; IELTS 6.5,Intensive research in biological anthropology or archaeological science.,"Analytical Research Skills, Thesis",www.bournemouth.ac.uk/study/courses/mres-science/
C_BOU014_RES_03,UK014,PSYCHOLOGY,MRes Science (Psychology),MRes,2026,September,1 Year,Talbot Campus,2.1 Honours degree in Psychology; IELTS 6.5,Advanced psychology research training with laboratory components.,"Experimental Psychology Methods, Thesis",www.bournemouth.ac.uk/study/courses/mres-science/
C_BOU014_RES_04,UK014,FINE_ART,M.Phil. by Research (Media & Design),MRes,2026,September,2 Years,Talbot Campus,2.1 Honours degree; Portfolio; IELTS 6.5,"Research into computer animation, media, and creative design.","Creative Practice Methods, Thesis",www.bournemouth.ac.uk/research/research-degrees/
C_BOU014_RES_05,UK014,BUSINESS_MANAGEMENT,M.Phil. by Research (Management),MRes,2026,September,2 Years,Talbot Campus,2.1 Honours degree; Research Proposal; IELTS 6.5,"Doctoral-track research in finance, marketing, or management.","Business Research Methodologies, Thesis",www.bournemouth.ac.uk/research/research-degrees/
C_BRU015_RES_01,UK015,SOCIAL_POLICY,MRes Social Policy,MRes,2026,September,1 Year,Uxbridge Campus,2.1 Honours degree; Research Proposal; IELTS 6.5,Research training for social science professionals in policy and evaluation.,"Qualitative & Quantitative Methods, Thesis",www.brunel.ac.uk/study/postgraduate/social-policy-mres
C_BRU015_RES_02,UK015,EDUCATION,MRes Education,MRes,2026,September,1 Year,Uxbridge Campus,2.1 Honours degree in Education; IELTS 6.5,Intensive research training in educational practice and policy.,"Education Research Design, Thesis",www.brunel.ac.uk/study/postgraduate/education-mres
C_BRU015_RES_03,UK015,MECHANICAL_ENGINEERING,M.Phil. by Research (Engineering),MRes,2026,September,2 Years,Uxbridge Campus,2.1 Honours degree in Eng; IELTS 6.0,"Technical research across civil, mechanical, and aerospace engineering.","Technical Research Skills, Thesis",www.brunel.ac.uk/research/research-degrees/mphil
C_BRU015_RES_04,UK015,BIOLOGY,M.Phil. by Research (Biosciences),MRes,2026,September,2 Years,Uxbridge Campus,2.1 Honours degree in Science; IELTS 6.5,"Independent research in environmental science, toxicology, or genetics.","Lab Research Ethics, Thesis",www.brunel.ac.uk/research/research-degrees/mphil
C_BNU016_RES_01,UK016,HEALTH_SCIENCES,Masters by Research (Health and Social Care),MRes,2026,September,1 Year,High Wycombe Campus,2.1 Honours degree; Research Proposal; IELTS 6.5,"Independent research into nursing, social work, or community health.","Research Methods, Thesis",www.bucks.ac.uk/research/postgraduate-research/
C_BNU016_RES_02,UK016,BUSINESS_MANAGEMENT,Masters by Research (Business and Law),MRes,2026,September,1 Year,High Wycombe Campus,2.1 Honours degree; Research Proposal; IELTS 6.5,"Independent research in management, aviation, or commercial law.","Business Research Methodologies, Thesis",www.bucks.ac.uk/research/postgraduate-research/
C_BNU016_RES_03,UK016,DESIGN,Masters by Research (Creative and Digital Industries),MRes,2026,September,1 Year,High Wycombe Campus,2.1 Honours degree; Portfolio; IELTS 6.5,"Practice-based research in film, media, design, or fine art.","Creative Practice Methods, Thesis",www.bucks.ac.uk/research/postgraduate-research/
C_CCC017_RES_01,UK017,HUMANITIES,MRes Humanities,MRes,2026,September,1 Year,Canterbury Campus,2.1 Honours degree; Research Proposal; IELTS 6.5,"Specialised research training across History, English, Theology, and International Relations.","Research Skills, Thesis",www.canterbury.ac.uk/study-here/postgraduate-taught/humanities-mres/
C_CCC017_RES_02,UK017,BIOLOGY,MSc by Research (Science),MRes,2026,September,1 Year,Canterbury Campus,2.1 Honours degree; Supervisor agreement; IELTS 6.0,"Laboratory-based research in plant biology, ecology, or biomedical science.","Scientific Research Methods, Thesis",www.canterbury.ac.uk/study-here/postgraduate-research/msc-by-research-science/
C_CCC017_RES_03,UK017,HEALTH_SCIENCES,MSc by Research (Health and Wellbeing),MRes,2026,September,1 Year,Canterbury Campus,2.1 Honours degree; Supervisor agreement; IELTS 6.5,"Focus on public health, nursing, or clinical practice evaluation.","Health Research Ethics, Thesis",www.canterbury.ac.uk/study-here/postgraduate-research/msc-by-research-health/
C_CCC017_RES_04,UK017,SPORTS_SCIENCE,MSc by Research (Sport and Exercise Science),MRes,2026,September,1 Year,Canterbury Campus,2.1 Honours degree; IELTS 6.5,"Applied research into sports physiology, biomechanics, or psychology.","Sport Science Methods, Thesis",www.canterbury.ac.uk/study-here/postgraduate-research/msc-by-research-sport-science/
C_CCC017_RES_05,UK017,BUSINESS_MANAGEMENT,MSc by Research (Business and Management),MRes,2026,September,1 Year,Canterbury Campus,2.1 Honours degree; Research Proposal; IELTS 6.5,"Specialized research into management, retail, or human resources.","Business Enquiry Methods, Thesis",www.canterbury.ac.uk/study-here/postgraduate-research/msc-by-research-business/
C_CMU018_RES_01,UK018,SPORT_SCIENCE,MRes Sport and Exercise Science,MRes,2026,September,1 Year,Cyncoed Campus,2.1 Honours degree in Sport; IELTS 6.5,"Specialised research training in elite performance, health, and biomechanics.","Research Methods in Sport, Data Analysis, Thesis",www.cardiffmet.ac.uk/courses/mres-sport-and-exercise-science/
C_CMU018_RES_02,UK018,HEALTH_SCIENCES,MRes Biomedical Sciences,MRes,2026,September,1 Year,Llandaff Campus,2.1 Honours degree in Science; IELTS 6.5,"Advanced research in microbiology, immunology, or molecular genetics.","Biomedical Research Techniques, Thesis",www.cardiffmet.ac.uk/courses/mres-biomedical-sciences/
C_CMU018_RES_03,UK018,BUSINESS_MANAGEMENT,Master by Research (Management),MRes,2026,September,1 Year,Llandaff Campus,2.1 Honours degree; Research Proposal; IELTS 6.0,"Specialized research into management, human resources, or marketing.","Business Research Methods, Thesis",www.cardiffmet.ac.uk/research/master-by-research-management/
C_CMU018_RES_04,UK018,SOCIOLOGY,Master by Research (Health and Social Policy),MRes,2026,September,1 Year,Llandaff Campus,2.1 Honours degree; Research Proposal; IELTS 6.5,"Research focused on sociology, psychology, or health policy evaluation.","Social Research Design, Thesis",www.cardiffmet.ac.uk/research/master-by-research-social-policy/
C_CMU018_RES_05,UK018,DESIGN,Master by Research (Art and Design),MRes,2026,September,1 Year,Llandaff Campus,2.1 Honours degree; Portfolio; IELTS 6.5,"Practice-based research in fine art, design, or craft.","Creative Practice Methodologies, Thesis",www.cardiffmet.ac.uk/research/master-by-research-art-design/
C_CAR019_RES_01,UK019,SOCIAL_SCIENCES,MRes Social Science Research Methods,MRes,2026,September,1 Year,Main Campus Cardiff,2.1 Honours degree; IELTS 7.0,"ESRC-recognised research training covering sociology, politics, and social policy.","Quantitative Methods, Qualitative Research, Thesis",www.cardiff.ac.uk/study/postgraduate/taught/courses/mres-social-science-research-methods/
C_CAR019_RES_02,UK019,BIOLOGY,MRes Biosciences,MRes,2026,September,1 Year,Main Campus Cardiff,2.1 Honours degree in Biology; IELTS 6.5,"Intensive research training in genetics, neuroscience, or ecology.","Advanced Lab Techniques, Thesis",www.cardiff.ac.uk/study/postgraduate/taught/courses/mres-biosciences/
C_CAR019_RES_03,UK019,ARCHAEOLOGY,MSc by Research Archaeology,MRes,2026,September,1 Year,Main Campus Cardiff,2.1 Honours degree; Supervisor agreement; IELTS 6.5,"Independent research in bioarchaeology, heritage, or classical archaeology.","Research Design, Thesis",www.cardiff.ac.uk/study/postgraduate/research/programmes/archaeology-mscd
C_CAR019_RES_04,UK019,ARCHITECTURE,MPhil Architecture,MRes,2026,September,2 Years,Main Campus Cardiff,2.1 Honours degree; Portfolio; IELTS 6.5,"Independent research in urban design, environmental design, or architectural history.","Research Methods in Design, Thesis",www.cardiff.ac.uk/study/postgraduate/research/programmes/architecture-mphil
C_CAR019_RES_05,UK019,BUSINESS_MANAGEMENT,MPhil Business and Management,MRes,2026,September,2 Years,Cardiff Business School,First Class Honours; Research Proposal; IELTS 7.0,"Doctoral-track research in finance, marketing, or logistics.","Business Research Methodologies, Thesis",www.cardiff.ac.uk/study/postgraduate/research/programmes/business-and-management-mphil
C_CAR019_RES_06,UK019,CHEMISTRY,MPhil Chemistry,MRes,2026,September,2 Years,Main Campus Cardiff,2.1 Honours degree; Supervisor agreement; IELTS 6.5,"Original research in organic, inorganic, or physical chemistry.","Lab Safety, Research Techniques, Thesis",www.cardiff.ac.uk/study/postgraduate/research/programmes/chemistry-mphil
C_CAR019_RES_07,UK019,COMPUTER_SCIENCE,MPhil Computer Science and Informatics,MRes,2026,September,2 Years,Main Campus Cardiff,2.1 Honours degree; Supervisor agreement; IELTS 6.5,"Research into AI, cybersecurity, or data science.","Technical Writing, Thesis",www.cardiff.ac.uk/study/postgraduate/research/programmes/computer-science-and-informatics-mphil
C_CAR019_RES_08,UK019,CIVIL_ENGINEERING,MPhil Engineering,MRes,2026,September,2 Years,Main Campus Cardiff,2.1 Honours degree in Eng; IELTS 6.5,"Covers Civil, Electrical, and Mechanical engineering research.","Engineering Research Methods, Thesis",www.cardiff.ac.uk/study/postgraduate/research/programmes/engineering-mphil
C_CAR019_RES_09,UK019,ENGLISH_LITERATURE,MPhil English Literature,MRes,2026,September,2 Years,Main Campus Cardiff,2.1 Honours degree; Research Proposal; IELTS 7.5,Scholarly investigation into literature from medieval to contemporary.,"Historiography, Research Skills, Thesis",www.cardiff.ac.uk/study/postgraduate/research/programmes/english-literature-mphil
C_CAR019_RES_10,UK019,GEOGRAPHY,MPhil Geography and Planning,MRes,2026,September,2 Years,Main Campus Cardiff,2.1 Honours degree; IELTS 7.0,"Research into urban planning, human geography, or environmental policy.","Spatial Analysis, Thesis",www.cardiff.ac.uk/study/postgraduate/research/programmes/geography-and-planning-mphil
C_CAR019_RES_11,UK019,HISTORY,MPhil History,MRes,2026,September,2 Years,Main Campus Cardiff,2.1 Honours degree; Research Proposal; IELTS 7.0,In-depth historical research based on primary source analysis.,"Historical Methods, Thesis",www.cardiff.ac.uk/study/postgraduate/research/programmes/history-mphil
C_CAR019_RES_12,UK019,LAW,MPhil Law,MRes,2026,September,2 Years,Main Campus Cardiff,2.1 Honours degree; Research Proposal; IELTS 7.0,Independent legal scholarship in national or international law.,"Legal Research Methods, Thesis",www.cardiff.ac.uk/study/postgraduate/research/programmes/law-mphil
C_CAR019_RES_13,UK019,MATHEMATICS,MPhil Mathematics,MRes,2026,September,2 Years,Main Campus Cardiff,2.1 Honours degree; Supervisor agreement; IELTS 6.5,Original research in pure or applied mathematics.,"Advanced Math Seminars, Thesis",www.cardiff.ac.uk/study/postgraduate/research/programmes/mathematics-mphil
C_CAR019_RES_14,UK019,MEDICINE,MPhil Medicine,MRes,2026,September,2 Years,Heath Park Campus,2.1 Honours degree; Supervisor agreement; IELTS 7.0,"Clinical or lab-based research in cancer, infection, or immunity.","Bioethics, Biostatistics, Thesis",www.cardiff.ac.uk/study/postgraduate/research/programmes/medicine-mphil
C_CAR019_RES_15,UK019,MUSIC,MPhil Music,MRes,2026,September,2 Years,Main Campus Cardiff,2.1 Honours degree; Portfolio; IELTS 7.0,Scholarly research in musicology or composition.,"Music Research Methods, Thesis",www.cardiff.ac.uk/study/postgraduate/research/programmes/music-mphil
C_CAR019_RES_16,UK019,PHYSICS,MPhil Physics and Astronomy,MRes,2026,September,2 Years,Main Campus Cardiff,2.1 Honours degree; Supervisor agreement; IELTS 6.5,"Research in astrophysics, nanotech, or magnetism.","Advanced Physics Techniques, Thesis",www.cardiff.ac.uk/study/postgraduate/research/programmes/physics-and-astronomy-mphil
C_CAR019_RES_17,UK019,PSYCHOLOGY,MPhil Psychology,MRes,2026,September,2 Years,Main Campus Cardiff,2.1 Honours degree; Research Proposal; IELTS 7.0,Broad range of research topics in experimental psychology.,"Psychology Research Methods, Thesis",www.cardiff.ac.uk/study/postgraduate/research/programmes/psychology-mphil
C_CSG020_RES_01,UK020,MEDICAL_SCIENCES,MRes Clinical Research,MRes,2026,September,1 Year,St George’s Campus,2.1 Honours degree; Professional healthcare registration; IELTS 7.0,Specialist research training for clinicians to lead medical trials and healthcare evaluations.,"Statistics, Research Ethics, Thesis",www.sgul.ac.uk/study/postgraduate/research-degrees/mres-clinical-research
C_CSG020_RES_02,UK020,BIOLOGY,MRes Biomedical Science,MRes,2026,September,1 Year,St George’s Campus,2.1 Honours degree in Science; IELTS 7.0,"Laboratory-intensive research in infection, immunity, or molecular genetics.","Research Methods, Lab Rotation, Thesis",www.sgul.ac.uk/study/postgraduate/research-degrees/mres-biomedical-science
C_CSG020_RES_03,UK020,ECONOMICS,MRes Economics,MRes,2026,September,1 Year,Northampton Square,2.1 Honours degree in Economics; IELTS 6.5,Rigorous PhD-track training in econometrics and advanced micro/macro theory.,"Econometrics, Research Design, Thesis",www.city.ac.uk/prospective-students/courses/postgraduate/economics-mres
C_CSG020_RES_04,UK020,FINANCE,MRes Finance,MRes,2026,September,1 Year,Bayes Business School,First Class Honours; GMAT/GRE; IELTS 7.0,Quantitative research foundation in asset pricing and corporate finance.,"Asset Pricing, Corporate Finance, Thesis",www.bayes.city.ac.uk/courses/mres/finance
C_CSG020_RES_05,UK020,MANAGEMENT,MRes Management,MRes,2026,September,1 Year,Bayes Business School,First Class Honours; GMAT/GRE; IELTS 7.0,"Research training in organizational behaviour, marketing, and business strategy.","Management Theory, Research Methods, Thesis",www.bayes.city.ac.uk/courses/mres/management
C_CSG020_RES_06,UK020,PSYCHOLOGY,MRes Psychology,MRes,2026,September,1 Year,Northampton Square,2.1 Honours degree in Psychology; IELTS 7.0,Advanced psychological research methods and independent project work.,"Advanced Statistics, Qualitative Methods, Thesis",www.city.ac.uk/prospective-students/courses/postgraduate/psychology-mres
C_CSG020_RES_07,UK020,HEALTH_SCIENCES,MRes Health Management and Food Policy,MRes,2026,September,1 Year,Northampton Square,2.1 Honours degree; Research Proposal; IELTS 7.0,Independent research into global food systems and public health management.,"Health Policy Methods, Thesis",www.city.ac.uk/prospective-students/courses/postgraduate/health-management-food-policy-mres
C_CSG020_RES_08,UK020,LAW,MPhil Law,MRes,2026,September,2 Years,The City Law School,2.1 Honours degree; Research Proposal; IELTS 7.0,"Independent legal scholarship in commercial, criminal, or international law.","Legal Research Skills, Thesis",www.city.ac.uk/prospective-students/courses/postgraduate/law-mphil
C_CSG020_RES_09,UK020,MECHANICAL_ENGINEERING,MPhil Engineering,MRes,2026,September,2 Years,Northampton Square,2.1 Honours degree; Supervisor agreement; IELTS 6.5,"Research in aeronautics, robotics, energy systems, and civil engineering.","Technical Research Skills, Thesis",www.city.ac.uk/prospective-students/courses/postgraduate/engineering-mphil
C_CSG020_RES_10,UK020,MUSIC,MPhil Music,MRes,2026,September,2 Years,Northampton Square,2.1 Honours degree; Portfolio; IELTS 6.5,"Specialized research in musicology, ethnomusicology, or composition.","Music Research Methods, Thesis",www.city.ac.uk/prospective-students/courses/postgraduate/music-mphil
C_CSG020_RES_11,UK020,COMMUNICATION_STUDIES,MPhil Journalism,MRes,2026,September,2 Years,Northampton Square,2.1 Honours degree; Portfolio; IELTS 7.0,"Research into media ethics, digital journalism, and communication history.","Journalism Research Methods, Thesis",www.city.ac.uk/prospective-students/courses/postgraduate/journalism-mphil
C_COV021_RES_01,UK021,BUSINESS_MANAGEMENT,MRes Business and Management,MRes,2026,September,1 Year,Main Campus Coventry,2.1 Honours degree; Research Proposal; IELTS 6.5,Specialised training in business research methodologies and independent project work.,"Research Design, Quantitative & Qualitative Methods, Thesis",www.coventry.ac.uk/study-at-coventry/course-search/postgraduate/research/business-and-management-mres/
C_COV021_RES_02,UK021,PSYCHOLOGY,MRes Psychology,MRes,2026,September,1 Year,Main Campus Coventry,2.1 Honours degree in Psychology; IELTS 6.5,"Advanced research training in cognitive, social, and forensic psychology.","Advanced Psychology Methods, Data Analysis, Thesis",www.coventry.ac.uk/study-at-coventry/course-search/postgraduate/research/psychology-mres/
C_COV021_RES_03,UK021,ARTS,MRes Arts and Humanities,MRes,2026,September,1 Year,Main Campus Coventry,2.1 Honours degree; Portfolio; IELTS 6.5,"Research-led track in digital media, performing arts, or cultural heritage.","Creative Research Methods, Thesis",www.coventry.ac.uk/study-at-coventry/course-search/postgraduate/research/arts-and-humanities-mres/
C_COV021_RES_04,UK021,BIOLOGY,MSc by Research (Life Sciences),MRes,2026,September,1 Year,Main Campus Coventry,2.1 Honours degree; Supervisor agreement; IELTS 6.5,Specialized laboratory research in biomedical science and molecular biology.,"Scientific Research Methods, Thesis",www.coventry.ac.uk/research/research-opportunities/postgraduate-research/msc-by-research/
C_COV021_RES_05,UK021,MECHANICAL_ENGINEERING,MSc by Research (Engineering),MRes,2026,September,1 Year,Main Campus Coventry,2.1 Honours degree; Supervisor agreement; IELTS 6.0,"Technical research in automotive design, aerospace, or manufacturing systems.","Technical Research Skills, Thesis",www.coventry.ac.uk/research/research-opportunities/postgraduate-research/msc-by-research/
C_COV021_RES_06,UK021,COMPUTER_SCIENCE,MSc by Research (Computing),MRes,2026,September,1 Year,Main Campus Coventry,2.1 Honours degree; Supervisor agreement; IELTS 6.0,"Research into AI, cybersecurity, and future transport technologies.","Technical Writing, Thesis",www.coventry.ac.uk/research/research-opportunities/postgraduate-research/msc-by-research/
C_CRA022_RES_01,UK022,AEROSPACE_ENGINEERING,MSc by Research (Aerospace),MRes,2026,September,1 Year,Cranfield Campus,2.1 Honours degree; Supervisor agreement; IELTS 6.5,"Advanced research in aircraft design, autonomous systems, or propulsion.","Technical Research Skills, Thesis",www.cranfield.ac.uk/courses/research/aerospace/
C_CRA022_RES_02,UK022,MECHANICAL_ENGINEERING,MSc by Research (Energy and Sustainability),MRes,2026,September,1 Year,Cranfield Campus,2.1 Honours degree; Supervisor agreement; IELTS 6.5,"Research into renewable energy, carbon capture, or thermal power.","Technical Writing, Thesis",www.cranfield.ac.uk/courses/research/energy-and-power/
C_CRA022_RES_03,UK022,BUSINESS_MANAGEMENT,MRes Management and Business,MRes,2026,September,1 Year,School of Management,First Class Honours; GMAT/GRE; IELTS 7.0,Research-intensive PhD-track foundation in organizational behavior or strategy.,"Management Research Methods, Advanced Theory, Thesis",www.cranfield.ac.uk/courses/taught/management-and-business-mres/
C_CRA022_RES_04,UK022,ENVIRONMENTAL_ENGINEERING,MSc by Research (Environment and Agrifood),MRes,2026,September,1 Year,Cranfield Campus,2.1 Honours degree; Supervisor agreement; IELTS 6.5,"Research in soil science, water management, or sustainable food systems.","Experimental Design, Thesis",www.cranfield.ac.uk/courses/research/environment-and-agrifood/
C_CRA022_RES_05,UK022,TRANSPORT_MANAGEMENT,MSc by Research (Transport Systems),MRes,2026,September,1 Year,Cranfield Campus,2.1 Honours degree; Supervisor agreement; IELTS 6.5,Specialized research into automotive engineering and future transport.,"Technical Research Skills, Thesis",www.cranfield.ac.uk/courses/research/transport-systems/
C_CRA022_RES_06,UK022,MATERIALS_SCIENCE,MSc by Research (Manufacturing),MRes,2026,September,1 Year,Cranfield Campus,2.1 Honours degree; Supervisor agreement; IELTS 6.5,"Research in advanced materials, robotics, or aerospace manufacturing.","Advanced Materials Analysis, Thesis",www.cranfield.ac.uk/courses/research/manufacturing/
C_CRA022_RES_07,UK022,WATER_SCIENCE,MSc by Research (Water),MRes,2026,September,1 Year,Cranfield Campus,2.1 Honours degree; Supervisor agreement; IELTS 6.5,"Research into wastewater treatment, water policy, or desalination.","Analytical Techniques, Thesis",www.cranfield.ac.uk/courses/research/water/
C_CRA022_RES_08,UK022,COMPUTER_SCIENCE,MSc by Research (Digital and Information Systems),MRes,2026,September,1 Year,Cranfield Campus,2.1 Honours degree; Supervisor agreement; IELTS 6.5,"Research in cybersecurity, AI, and digital twin technology.","Technical Writing, Thesis",www.cranfield.ac.uk/courses/research/digital-and-information-systems/
C_DMU023_RES_01,UK023,ARTS,"MA by Research (Art,  Design and Architecture)",MRes,2026,September,1 Year,Leicester Campus,2.1 Honours degree; Portfolio; Research Proposal; IELTS 6.5,"Practice-based research in fine art, fashion, design, or architecture.","Research Methods for Creative Practice, Thesis",www.dmu.ac.uk/research/graduate-school/masters-by-research.aspx
C_DMU023_RES_02,UK023,COMPUTER_SCIENCE,MSc by Research (Computing and Informatics),MRes,2026,September,1 Year,Leicester Campus,2.1 Honours degree; Supervisor agreement; IELTS 6.0,"Technical research in AI, cybersecurity, or software engineering.","Technical Research Skills, Thesis",www.dmu.ac.uk/research/graduate-school/masters-by-research.aspx
C_DMU023_RES_03,UK023,MECHANICAL_ENGINEERING,MSc by Research (Engineering and Sustainable Development),MRes,2026,September,1 Year,Leicester Campus,2.1 Honours degree in Eng; IELTS 6.0,"Research into renewable energy, mechanical systems, or civil engineering.","Engineering Research Methods, Thesis",www.dmu.ac.uk/research/graduate-school/masters-by-research.aspx
C_DMU023_RES_04,UK023,MEDICAL_SCIENCES,MSc by Research (Health and Life Sciences),MRes,2026,September,1 Year,Leicester Campus,2.1 Honours degree; Supervisor agreement; IELTS 6.5,"Specialised research in pharmacy, nursing, or biomedical science.","Healthcare Research Ethics, Thesis",www.dmu.ac.uk/research/graduate-school/masters-by-research.aspx
C_DMU023_RES_05,UK023,BUSINESS_MANAGEMENT,MA/MSc by Research (Business and Law),MRes,2026,September,1 Year,Leicester Campus,2.1 Honours degree; Research Proposal; IELTS 6.5,"Independent research in management, marketing, or legal studies.","Business Research Methodologies, Thesis",www.dmu.ac.uk/research/graduate-school/masters-by-research.aspx
C_EHU024_RES_01,UK024,BIOLOGY,MRes Biology,MRes,2026,September,1 Year,Ormskirk Campus,2.1 Honours degree in Science; IELTS 6.5,"Advanced research in genetics, microbiology, or ecology within a dedicated lab environment.","Research Methods in Biology, Thesis",www.edgehill.ac.uk/courses/mres-biology/
C_EHU024_RES_02,UK024,COMPUTER_SCIENCE,MRes Computer Science,MRes,2026,September,1 Year,Ormskirk Campus,2.1 Honours degree; Supervisor agreement; IELTS 6.5,"Technical research training in AI, cybersecurity, or data science.","Technical Research Skills, Thesis",www.edgehill.ac.uk/courses/mres-computer-science/
C_EHU024_RES_03,UK024,HISTORY,MRes History,MRes,2026,September,1 Year,Ormskirk Campus,2.1 Honours degree in History; IELTS 7.0,Research-led track focusing on historiography and primary source analysis.,"Historiography and Research Methods, Thesis",www.edgehill.ac.uk/courses/mres-history/
C_EHU024_RES_04,UK024,ENGLISH_LITERATURE,MRes English Literature,MRes,2026,September,1 Year,Ormskirk Campus,2.1 Honours degree; Research Proposal; IELTS 7.0,Scholarly research into literary theory and specific historical periods.,"Literary Research Methods, Thesis",www.edgehill.ac.uk/courses/mres-english-literature/
C_EHU024_RES_05,UK024,PSYCHOLOGY,MRes Psychology,MRes,2026,September,1 Year,Ormskirk Campus,2.1 Honours degree in Psychology; IELTS 7.0,"Specialised research training in cognitive, social, or developmental psychology.","Advanced Statistics and Research Design, Thesis",www.edgehill.ac.uk/courses/mres-psychology/
C_EHU024_RES_06,UK024,SPORT_SCIENCE,MRes Sport and Exercise Science,MRes,2026,September,1 Year,Ormskirk Campus,2.1 Honours degree; IELTS 6.5,"Investigation into physiology, biomechanics, or psychology of sport performance.","Sport Science Research Methods, Thesis",www.edgehill.ac.uk/courses/mres-sport-and-exercise-science/
C_EHU024_RES_07,UK024,CREATIVE_WRITING,MRes Creative Writing,MRes,2026,September,1 Year,Ormskirk Campus,2.1 Honours degree; Portfolio; IELTS 7.0,"Practice-based research in fiction, poetry, or screenwriting.","Creative Writing Research Practice, Thesis",www.edgehill.ac.uk/courses/mres-creative-writing/
C_EHU024_RES_08,UK024,GEOGRAPHY,MRes Geography,MRes,2026,September,1 Year,Ormskirk Campus,2.1 Honours degree; Supervisor agreement; IELTS 6.5,Research in physical or human geography and environmental management.,"Geographical Research Skills, Thesis",www.edgehill.ac.uk/courses/mres-geography/
C_ENU025_RES_01,UK025,COMPUTER_SCIENCE,MRes Computing,MRes,2026,October,1 Year,Merchiston Campus,2.1 Honours degree; Research Proposal; IELTS 6.0,"Specialised research in cybersecurity, software engineering, or AI.","Research Methods, Technical Writing, Thesis",www.napier.ac.uk/research/research-degrees/mres-computing
C_ENU025_RES_02,UK025,BIOLOGY,MRes Applied Sciences,MRes,2026,October,1 Year,Sighthill Campus,2.1 Honours degree in Science; IELTS 6.5,"Research projects in microbiology, environmental science, or biomedical science.","Laboratory Research Skills, Thesis",www.napier.ac.uk/research/research-degrees/mres-applied-sciences
C_ENU025_RES_03,UK025,BUSINESS_MANAGEMENT,MRes Business and Management,MRes,2026,October,1 Year,Craiglockhart Campus,2.1 Honours degree; Research Proposal; IELTS 6.5,"Independent research in marketing, finance, or HR.","Business Research Methodologies, Thesis",www.napier.ac.uk/research/research-degrees/mres-business
C_ENU025_RES_04,UK025,ARTS,MRes Creative Industries,MRes,2026,October,1 Year,Merchiston Campus,2.1 Honours degree; Portfolio; IELTS 6.5,"Practice-based research in design, film, or music.","Creative Practice Methods, Thesis",www.napier.ac.uk/research/research-degrees/mres-creative-industries
C_ENU025_RES_05,UK025,SPORT_SCIENCE,MRes Sport and Exercise Science,MRes,2026,October,1 Year,Sighthill Campus,2.1 Honours degree; IELTS 6.5,"Focus on sports performance, physiology, and biomechanics.","Sport Science Methods, Thesis",www.napier.ac.uk/research/research-degrees/mres-sport-and-exercise-science
C_FAL026_RES_01,UK026,COMPUTER_SCIENCE,MRes Computing for Games,MRes,2026,September,1 Year,Penryn Campus,2.1 Honours degree in Computing/Math; Portfolio; IELTS 6.5,"Specialised research into AI, game engine technology, and immersive systems.","Advanced Programming for Games, Research Methods, Thesis",www.falmouth.ac.uk/study/postgraduate/mres-computing-for-games
C_FAL026_RES_02,UK026,DESIGN,"MPhil Art, Design and Media",MRes,2026,September,2 Years,Falmouth Campus,2.1 Honours degree; Portfolio; Research Proposal; IELTS 6.5,"Independent practice-led research in fine art, photography, or communication design.","Creative Practice Methodologies, Thesis",www.falmouth.ac.uk/research/degrees/mphil
C_FAL026_RES_03,UK026,GAME_DESIGN,MPhil Games and Digital Games,MRes,2026,September,2 Years,Penryn Campus,2.1 Honours degree; Portfolio; Research Proposal; IELTS 6.5,"Independent research into game design, ludology, and digital culture.","Game Design Theory, Research Methods, Thesis",www.falmouth.ac.uk/research/degrees/mphil
C_GCU027_RES_01,UK027,HEALTH_SCIENCES,MRes Health and Social Care,MRes,2026,September,1 Year,Glasgow Campus,2.1 Honours degree; Supervisor agreement; IELTS 6.5,"Advanced research training in nursing, physiotherapy, or public health.","Research Methods, Data Analysis, Thesis",www.gcu.ac.uk/study/courses/mres-health-and-social-care
C_GCU027_RES_02,UK027,BUSINESS_MANAGEMENT,MRes Business and Management,MRes,2026,September,1 Year,Glasgow Campus,2.1 Honours degree; Research Proposal; IELTS 6.5,"Independent research in marketing, finance, or social entrepreneurship.","Business Research Methodologies, Thesis",www.gcu.ac.uk/study/postgraduate/research-degrees/mres-business
C_GCU027_RES_03,UK027,COMPUTER_SCIENCE,MPhil Computing and Creative Technologies,MRes,2026,September,2 Years,Glasgow Campus,2.1 Honours degree; Supervisor agreement; IELTS 6.0,"Technical research into cybersecurity, software systems, and data science.","Technical Research Skills, Thesis",www.gcu.ac.uk/research/postgraduate-research-degrees/mphil
C_GCU027_RES_04,UK027,CIVIL_ENGINEERING,MPhil Engineering and Built Environment,MRes,2026,September,2 Years,Glasgow Campus,2.1 Honours degree; Supervisor agreement; IELTS 6.0,"Research into civil engineering, mechanical systems, or smart cities.","Engineering Research Methods, Thesis",www.gcu.ac.uk/research/postgraduate-research-degrees/mphil
C_GOL028_RES_01,UK028,ANTHROPOLOGY,MRes Anthropology,MRes,2026,September,1 Year,New Cross London,2.1 Honours degree; Research Proposal; IELTS 7.0,Advanced training in ethnographic methods and anthropological theory.,"General Research Skills, Ethnographic Methods, Thesis",www.gold.ac.uk/pg/mres-anthropology/
C_GOL028_RES_02,UK028,SOCIOLOGY,MRes Sociology,MRes,2026,September,1 Year,New Cross London,2.1 Honours degree; Research Proposal; IELTS 7.0,"Specialised research training in social theory, urban studies, and inequality.","Core Qualitative Methods, Quantitative Methods, Thesis",www.gold.ac.uk/pg/mres-sociology/
C_GOL028_RES_03,UK028,PSYCHOLOGY,MRes Psychology,MRes,2026,September,1 Year,New Cross London,2.1 Honours degree in Psychology; IELTS 7.0,Research-intensive track in cognitive neuroscience and social psychology.,"Advanced Quantitative Methods, Lab Rotation, Thesis",www.gold.ac.uk/pg/mres-psychology/
C_GOL028_RES_04,UK028,FINE_ART,MPhil Fine Art,MRes,2026,September,2 Years,New Cross London,2.1 Honours degree; Portfolio; Research Proposal; IELTS 6.5,Independent practice-led research in contemporary art and theory.,"Research Methodologies in Art, Thesis",www.gold.ac.uk/pg/mphil-phd-art/
C_GOL028_RES_05,UK028,DESIGN,MPhil Design,MRes,2026,September,2 Years,New Cross London,2.1 Honours degree; Portfolio; Research Proposal; IELTS 6.5,"Critical research into design practice, social design, and technology.","Design Research Methods, Thesis",www.gold.ac.uk/pg/mphil-phd-design/
C_GOL028_RES_06,UK028,MEDIA_AND_COMMUNICATION,MPhil Media and Communications,MRes,2026,September,2 Years,New Cross London,2.1 Honours degree; Research Proposal; IELTS 7.0,"Independent research in media ethics, digital culture, and journalism.","Media Research Methods, Thesis",www.gold.ac.uk/pg/mphil-phd-media-communications/
C_GOL028_RES_07,UK028,MUSIC,MPhil Music,MRes,2026,September,2 Years,New Cross London,2.1 Honours degree; Portfolio/Audition; IELTS 7.0,"Research in ethnomusicology, composition, or performance studies.","Music Research Methodologies, Thesis",www.gold.ac.uk/pg/mphil-phd-music/
C_GOL028_RES_08,UK028,DRAMA_AND_THEATRE,MPhil Drama,MRes,2026,September,2 Years,New Cross London,2.1 Honours degree; Research Proposal; IELTS 7.0,"Advanced research in theatre history, performance theory, and scenography.","Performance Research Skills, Thesis",www.gold.ac.uk/pg/mphil-phd-theatre-performance/
C_GOL028_RES_09,UK028,COMPUTER_SCIENCE,MPhil Computing,MRes,2026,September,2 Years,New Cross London,2.1 Honours degree; Supervisor agreement; IELTS 6.5,"Research in creative computing, AI, and human-computer interaction.","Technical Research Skills, Thesis",www.gold.ac.uk/pg/mphil-phd-computing/
C_GOL028_RES_10,UK028,CULTURAL_STUDIES,MRes Visual Anthropology,MRes,2026,September,1 Year,New Cross London,2.1 Honours degree; Portfolio; IELTS 7.0,Combining anthropological theory with practical filmmaking and photography.,"Visual Anthropology Methods, Film Project, Thesis",www.gold.ac.uk/pg/mres-visual-anthropology/
C_HAU029_RES_01,UK029,AGRICULTURE,Masters by Research (Agriculture),MRes,2026,September,1 Year,Shropshire Campus,2.1 Honours degree; Research Proposal; IELTS 6.0,"Specialised research in crop science, livestock production, or soil health.","Research Methods, Thesis",www.harper-adams.ac.uk/courses/postgraduate/research/
C_HAU029_RES_02,UK029,VETERINARY_SCIENCE,Masters by Research (Animal Health and Welfare),MRes,2026,September,1 Year,Shropshire Campus,2.1 Honours degree; Supervisor agreement; IELTS 6.5,"Research focusing on animal behavior, veterinary nursing, or epidemiology.","Scientific Research Skills, Thesis",www.harper-adams.ac.uk/courses/postgraduate/research/
C_HAU029_RES_03,UK029,MECHANICAL_ENGINEERING,Masters by Research (Agricultural Engineering),MRes,2026,September,1 Year,Shropshire Campus,2.1 Honours degree in Engineering; IELTS 6.0,"Research into precision farming technology, robotics, and off-road vehicles.","Technical Research Skills, Thesis",www.harper-adams.ac.uk/courses/postgraduate/research/
C_HAU029_RES_04,UK029,BUSINESS_MANAGEMENT,Masters by Research (Agri-Business Management),MRes,2026,September,1 Year,Shropshire Campus,2.1 Honours degree; Research Proposal; IELTS 6.0,"Investigation into food supply chains, rural land management, or agri-marketing.","Business Research Methods, Thesis",www.harper-adams.ac.uk/courses/postgraduate/research/
C_HAR030_RES_01,UK030,SPORT_SCIENCE,MRes Sport Performance,MRes,2026,September,1 Year,Gloucester Campus,2.1 Honours degree; IELTS 6.5,"Research-intensive training in sports coaching, strength & conditioning, or physiology.","Research Methods, Advanced Statistics, Thesis",www.hartpury.ac.uk/university/courses/postgraduate/mres-sport-performance/
C_HAR030_RES_02,UK030,SPORT_SCIENCE,MRes Equestrian Performance,MRes,2026,September,1 Year,Gloucester Campus,2.1 Honours degree; IELTS 6.5,Evidence-based research into rider and horse performance and biomechanics.,"Equine Research Methods, Thesis",www.hartpury.ac.uk/university/courses/postgraduate/mres-equestrian-performance/
C_HAR030_RES_03,UK030,ZOOLOGY,MRes Anthrozoology,MRes,2026,September,1 Year,Gloucester Campus,2.1 Honours degree; IELTS 6.5,Multidisciplinary research into the interactions between humans and animals.,"Social Research Design, Animal Ethics, Thesis",www.hartpury.ac.uk/university/courses/postgraduate/mres-anthrozoology/
C_HWU032_RES_01,UK032,URBAN_PLANNING,MRes Health and Wellbeing in the Built Environment,MRes,2026,September,1 Year,Edinburgh Campus,2.1 Honours degree; IELTS 6.5,Interdisciplinary research exploring the impact of designed environments on human health.,"Environmental Psychology, Research Methods, Thesis",www.hw.ac.uk/study/postgraduate/taught/courses/mres-health-and-wellbeing-in-the-built-environment.htm
C_HWU032_RES_02,UK032,SUSTAINABILITY,MRes Water Management,MRes,2026,September,1 Year,Edinburgh Campus,2.1 Honours degree; IELTS 6.5,"Specialised research into water conservation, drainage, and sustainable water systems.","Water Management Theory, Research Skills, Thesis",www.hw.ac.uk/study/postgraduate/taught/courses/mres-water-management.htm
C_HWU032_RES_03,UK032,GEOLOGY,MRes Reservoir Geophysics,MRes,2026,September,2 Years,Edinburgh Campus,2.1 Honours degree in Geophysics/Physics; IELTS 6.5,High-level research in sub-surface imaging and reservoir characterisation.,"Advanced Geophysics, Fieldwork, Thesis",www.hw.ac.uk/study/postgraduate/taught/courses/mres-reservoir-geophysics.htm
C_HWU032_RES_04,UK032,BIOLOGY,MSc by Research (Life Sciences),MRes,2026,September,1 Year,Edinburgh Campus,2.1 Honours degree; Supervisor agreement; IELTS 6.5,"Research in brewing and distilling, marine biology, or molecular science.","Research Methods, Thesis",www.hw.ac.uk/study/postgraduate/research/life-sciences.htm
C_HWU032_RES_05,UK032,COMPUTER_SCIENCE,MSc by Research (Mathematical and Computer Sciences),MRes,2026,September,1 Year,Edinburgh Campus,2.1 Honours degree; Supervisor agreement; IELTS 6.0,"Technical research in AI, data science, and robotics.","Technical Writing, Thesis",www.hw.ac.uk/study/postgraduate/research/macs.htm
C_KEE033_RES_01,UK033,MEDICAL_SCIENCES,MRes Medical Sciences,MRes,2026,September,1 Year,Keele Campus,2.1 Honours degree in health/science; IELTS 7.0,Research-led training providing a foundation for clinical or laboratory-based medical careers.,"Research Skills, Lab Rotation, Thesis",www.keele.ac.uk/study/postgraduatecourses/medicalsciencesmres/
C_KEE033_RES_02,UK033,HUMANITIES,MRes Humanities,MRes,2026,September,1 Year,Keele Campus,2.1 Honours degree; Research Proposal; IELTS 6.5,"Specialised research track across History, English, Philosophy, or Music.","Humanities Research Methods, Thesis",www.keele.ac.uk/study/postgraduatecourses/humanitiesmres/
C_KEE033_RES_03,UK033,SOCIAL_SCIENCES,MRes Social Science Research Methods,MRes,2026,September,1 Year,Keele Campus,2.1 Honours degree; IELTS 6.5,"ESRC-recognised research training covering sociology, social policy, and education.","Quantitative Methods, Qualitative Research, Thesis",www.keele.ac.uk/study/postgraduatecourses/socialscienceresearchmethodsmres/
C_KEE033_RES_04,UK033,BIOLOGY,MSc by Research (Natural Sciences),MRes,2026,September,1 Year,Keele Campus,2.1 Honours degree; Supervisor agreement; IELTS 6.5,"Independent research in biosciences, chemistry, or environmental science.","Research Ethics, Thesis",www.keele.ac.uk/study/postgraduatecourses/naturalsciencesmscbyresearch/
C_KEE033_RES_05,UK033,COMPUTER_SCIENCE,MSc by Research (Computing and Mathematics),MRes,2026,September,1 Year,Keele Campus,2.1 Honours degree; Supervisor agreement; IELTS 6.0,"Technical research projects in AI, data science, or cybersecurity.","Technical Research Skills, Thesis",www.keele.ac.uk/study/postgraduatecourses/computingandmathematicsmscbyresearch/
C_KCL034_RES_01,UK034,BIOLOGY,MRes Biomedical and Molecular Sciences Research,MRes,2026,September,1 Year,Guy's Campus,2.1 Honours degree in Science; IELTS 7.0,A laboratory-intensive programme providing training for a career in bioscience research.,"Advanced Research Skills, Lab Rotations, Thesis",www.kcl.ac.uk/study/postgraduate-taught/courses/biomedical-molecular-sciences-research-mres
C_KCL034_RES_02,UK034,MEDICAL_SCIENCES,MRes Cardiovascular Sciences,MRes,2026,September,1 Year,Guy's Campus,2.1 Honours degree; IELTS 7.0,In-depth research training in the field of heart and vascular medicine.,"Cardiovascular Research Methods, Thesis",www.kcl.ac.uk/study/postgraduate-taught/courses/cardiovascular-sciences-mres
C_KCL034_RES_03,UK034,SOCIAL_SCIENCES,MRes Health and Social Care Research,MRes,2026,September,1 Year,Waterloo Campus,2.1 Honours degree; IELTS 7.0,"Interdisciplinary research training in public health, nursing, and social care policy.","Health Research Design, Thesis",www.kcl.ac.uk/study/postgraduate-taught/courses/health-social-care-research-mres
C_KCL034_RES_04,UK034,PHARMACY,MRes Pharmacology and Therapeutics,MRes,2026,September,1 Year,Guy's Campus,2.1 Honours degree; IELTS 7.0,"Focuses on drug discovery, delivery, and molecular pharmacology research.","Pharmacology Techniques, Research Project, Thesis",www.kcl.ac.uk/study/postgraduate-taught/courses/pharmacology-and-therapeutics-mres
C_KCL034_RES_05,UK034,DENTISTRY,MRes Oral and Craniofacial Biology,MRes,2026,September,1 Year,Guy's Campus,2.1 Honours degree; IELTS 7.0,Advanced research into dental sciences and craniofacial development.,"Oral Biology Methods, Thesis",www.kcl.ac.uk/study/postgraduate-taught/courses/oral-and-craniofacial-biology-mres
C_KCL034_RES_06,UK034,POLITICAL_SCIENCE,MRes Political Economy,MRes,2026,September,1 Year,Strand Campus,2.1 Honours degree; IELTS 7.0,Research-intensive programme in political theory and institutional analysis.,"Political Research Methods, Thesis",www.kcl.ac.uk/study/postgraduate-taught/courses/political-economy-mres
C_KCL034_RES_07,UK034,PSYCHOLOGY,MRes Translational Cancer Medicine,MRes,2026,September,1 Year,Guy's Campus,2.1 Honours degree; IELTS 7.0,Research into translating cancer biology discoveries into clinical practice.,"Cancer Biology, Translational Science, Thesis",www.kcl.ac.uk/study/postgraduate-taught/courses/translational-cancer-medicine-mres
C_KCL034_RES_08,UK034,SOCIAL_SCIENCES,MRes Interdisciplinary Social Science,MRes,2026,September,1 Year,Waterloo Campus,2.1 Honours degree; IELTS 7.0,"Methodological training for research across geography, sociology, and education.","Quantitative & Qualitative Methods, Thesis",www.kcl.ac.uk/study/postgraduate-taught/courses/interdisciplinary-social-science-mres
C_KCL034_RES_09,UK034,LAW,MPhil Law,MRes,2026,September,2 Years,Somerset House,First Class Honours; Research Proposal; IELTS 7.5,"Independent legal scholarship in international, commercial, or human rights law.","Legal Research Skills, Thesis",www.kcl.ac.uk/study/postgraduate-research/programmes/law-mphil
C_KCL034_RES_10,UK034,HISTORY,MPhil History,MRes,2026,September,2 Years,Strand Campus,2.1 Honours degree; Research Proposal; IELTS 7.5,High-level historical research based on primary archival sources.,"Historiography, Research Methods, Thesis",www.kcl.ac.uk/study/postgraduate-research/programmes/history-mphil
C_KIN035_RES_01,UK035,BUSINESS_MANAGEMENT,Business MSc by Research,MRes,2026,September,1 Year,Kingston Hill,2.1 Honours degree; Research Proposal; IELTS 6.5,"Specialised research into strategy, marketing, human resources, or entrepreneurship.","Business Research Methods, Thesis",www.kingston.ac.uk/postgraduate/courses/business-msc-by-research/
C_KIN035_RES_02,UK035,LAW,Law Master of Laws by Research (LLM),MRes,2026,September,1 Year,Kingston Hill,2.1 Honours degree in Law; Research Proposal; IELTS 6.5,"Independent legal scholarship in commercial, criminal, or international law.","Legal Research Skills, Thesis",www.kingston.ac.uk/postgraduate/courses/law-llm-by-research/
C_KIN035_RES_03,UK035,ARTS,Art & Design MPhil,MRes,2026,September,2 Years,Knights Park Campus,2.1 Honours degree; Portfolio; Research Proposal; IELTS 6.5,"Practice-based research in fine art, fashion, graphic design, or illustration.","Creative Research Methodologies, Thesis",www.kingston.ac.uk/research/research-degrees/art-design-creative-industries/
C_KIN035_RES_04,UK035,COMPUTER_SCIENCE,Computer Science MSc by Research,MRes,2026,September,1 Year,Penrhyn Road Campus,2.1 Honours degree; Supervisor agreement; IELTS 6.0,"Technical research in AI, cybersecurity, software engineering, or data science.","Technical Writing, Thesis",www.kingston.ac.uk/research/research-degrees/science-engineering-computing/
C_KIN035_RES_05,UK035,BIOLOGY,Life Sciences MSc by Research,MRes,2026,September,1 Year,Penrhyn Road Campus,2.1 Honours degree; Supervisor agreement; IELTS 6.5,"Research projects in microbiology, molecular biology, or environmental science.","Scientific Research Methods, Thesis",www.kingston.ac.uk/research/research-degrees/science-engineering-computing/
C_KIN035_RES_06,UK035,CIVIL_ENGINEERING,Engineering MSc by Research,MRes,2026,September,1 Year,Penrhyn Road Campus,2.1 Honours degree; Supervisor agreement; IELTS 6.0,"Research into civil engineering, sustainable construction, or aerospace.","Engineering Research Skills, Thesis",www.kingston.ac.uk/research/research-degrees/science-engineering-computing/
C_LAN036_RES_01,UK036,BUSINESS_MANAGEMENT,MRes Management and Business,MRes,2026,September,1 Year,Main Campus Lancaster,2.1 Honours degree; Research Proposal; IELTS 7.0,"Doctoral-track research training in marketing, management, and strategy.","Advanced Management Theory, Research Methods, Thesis",www.lancaster.ac.uk/study/postgraduate/postgraduate-courses/management-and-business-mres/
C_LAN036_RES_02,UK036,BIOLOGY,MRes Biomedicine,MRes,2026,September,1 Year,Main Campus Lancaster,2.1 Honours degree in Science; IELTS 6.5,"Intensive research training in cancer biology, immunology, or microbiology.","Biomedical Research Skills, Lab Rotations, Thesis",www.lancaster.ac.uk/study/postgraduate/postgraduate-courses/biomedicine-mres/
C_LAN036_RES_03,UK036,STATISTICS,MRes Statistics and Operational Research,MRes,2026,September,1 Year,Main Campus Lancaster,2.1 Honours degree in Maths/Stats; IELTS 6.5,Specialised research training for quantitative analysts and PhD candidates.,"Probability, Statistical Inference, Thesis",www.lancaster.ac.uk/study/postgraduate/postgraduate-courses/statistics-and-operational-research-mres/
C_LAN036_RES_04,UK036,PHYSICS,MSc by Research Physics,MRes,2026,September,1 Year,Main Campus Lancaster,2.1 Honours degree; Supervisor agreement; IELTS 6.5,"Independent research in particle physics, cosmology, or nanotechnology.","Advanced Physics Techniques, Thesis",www.lancaster.ac.uk/study/postgraduate/postgraduate-courses/physics-msc-by-research/
C_LAN036_RES_05,UK036,ENVIRONMENTAL_SCIENCE,MSc by Research (Environment Centre),MRes,2026,September,1 Year,Main Campus Lancaster,2.1 Honours degree; Supervisor agreement; IELTS 6.5,"Research in ecology, plant science, or environmental chemistry.","Scientific Writing, Data Analysis, Thesis",www.lancaster.ac.uk/lec/study/postgraduate-research/msc-by-research/
C_LAN036_RES_06,UK036,ARTS,MA by Research (LICA),MRes,2026,September,1 Year,Main Campus Lancaster,2.1 Honours degree; Portfolio; IELTS 6.5,"Independent research in Fine Art, Design, Film, or Theatre.","Creative Research Methodologies, Thesis",www.lancaster.ac.uk/lica/study/postgraduate/research-degrees/ma-by-research/
C_LAU037_RES_01,UK037,ARTS,Master of Research (MRes) Creative Practice,MRes,2026,September,1 Year,Blenheim Walk Campus,2.1 Honours degree; Portfolio; Research Proposal; IELTS 6.0,A research-intensive programme for artists and designers to develop their practice through rigorous enquiry.,"Research Methodologies, Experimental Practice, Thesis",www.leeds-art.ac.uk/study/postgraduate-courses/mres-creative-practice/
C_LBU038_RES_01,UK038,SPORT_SCIENCE,MRes Sport and Exercise Science,MRes,2026,September,1 Year,Headingley Campus,2.1 Honours degree; IELTS 6.5,Specialised research training in the Carnegie School of Sport.,"Research Methods in Sport, Advanced Statistics, Thesis",www.leedsbeckett.ac.uk/courses/sport-and-exercise-science-mres/
C_LBU038_RES_02,UK038,ARTS,MRes Humanities and Creative Arts,MRes,2026,September,1 Year,City Campus,2.1 Honours degree; Research Proposal; IELTS 6.5,"Independent research across history, literature, media, or film.","Research Skills, Thesis",www.leedsbeckett.ac.uk/research/graduate-school/research-degrees/
C_LBU038_RES_03,UK038,BUSINESS_MANAGEMENT,MRes Business,MRes,2026,September,1 Year,City Campus,2.1 Honours degree; Research Proposal; IELTS 6.5,"Specialised research into management, marketing, or finance.","Business Research Methodologies, Thesis",www.leedsbeckett.ac.uk/research/graduate-school/research-degrees/
C_LBU038_RES_04,UK038,HEALTH_SCIENCES,MRes Health and Social Care,MRes,2026,September,1 Year,City Campus,2.1 Honours degree; Supervisor agreement; IELTS 6.5,"Research focused on public health, nursing, or clinical practice.","Health Research Methods, Thesis",www.leedsbeckett.ac.uk/research/graduate-school/research-degrees/
C_LBU038_RES_05,UK038,COMPUTER_SCIENCE,MRes Computing and Creative Technologies,MRes,2026,September,1 Year,Headingley Campus,2.1 Honours degree; Supervisor agreement; IELTS 6.0,"Technical research in AI, cybersecurity, or data science.","Technical Research Skills, Thesis",www.leedsbeckett.ac.uk/research/graduate-school/research-degrees/
C_LTU039_RES_01,UK039,COMMUNICATION_STUDIES,"MA by Research (Journalism, Media and Culture)",MRes,2026,September,1 Year,Horsforth Campus,2.1 Honours degree; Research Proposal; IELTS 6.5,"Specialised research into digital journalism, media ethics, or film studies.","Research Methods in Humanities, Thesis",www.leedstrinity.ac.uk/postgraduate/research-degrees/
C_LTU039_RES_02,UK039,EDUCATION,MA by Research (Education),MRes,2026,September,1 Year,Horsforth Campus,2.1 Honours degree; Research Proposal; IELTS 6.5,"Independent research into pedagogical theory, leadership, or inclusion.","Educational Enquiry, Thesis",www.leedstrinity.ac.uk/postgraduate/research-degrees/
C_LTU039_RES_03,UK039,PSYCHOLOGY,MSc by Research (Psychology),MRes,2026,September,1 Year,Horsforth Campus,2.1 Honours degree in Psychology; IELTS 6.5,"Research projects in cognitive, social, or forensic psychology.","Psychological Research Methods, Thesis",www.leedstrinity.ac.uk/postgraduate/research-degrees/
C_LTU039_RES_04,UK039,SPORT_SCIENCE,"MSc by Research (Sport,  Health and Nutrition)",MRes,2026,September,1 Year,Horsforth Campus,2.1 Honours degree; IELTS 6.5,"Applied research into sports performance, physiology, or health nutrition.","Scientific Research Methods, Thesis",www.leedstrinity.ac.uk/postgraduate/research-degrees/
C_LTU039_RES_05,UK039,BUSINESS_MANAGEMENT,MA by Research (Business and Management),MRes,2026,September,1 Year,Horsforth Campus,2.1 Honours degree; Research Proposal; IELTS 6.5,"Independent research in marketing, entrepreneurship, or ethics.","Business Research Methodologies, Thesis",www.leedstrinity.ac.uk/postgraduate/research-degrees/
C_BGU040_RES_01,UK040,EDUCATION,Master by Research (Education),MRes,2026,September,1 Year,Lincoln Campus,2.1 Honours degree; Research Proposal; IELTS 6.5,"Specialised research into pedagogical theory, special educational needs, or leadership.","Research Methods in Education, Thesis",www.bishopg.ac.uk/course/master-by-research/
C_BGU040_RES_02,UK040,HUMANITIES,Master by Research (Humanities),MRes,2026,September,1 Year,Lincoln Campus,2.1 Honours degree; Research Proposal; IELTS 6.5,"Independent research in History, English Literature, or Theology.","Humanities Research Skills, Thesis",www.bishopg.ac.uk/course/master-by-research/
C_BGU040_RES_03,UK040,SOCIAL_SCIENCES,Master by Research (Social Sciences),MRes,2026,September,1 Year,Lincoln Campus,2.1 Honours degree; Research Proposal; IELTS 6.5,"Research focused on sociology, psychology, or health and social care.","Social Research Methodologies, Thesis",www.bishopg.ac.uk/course/master-by-research/
C_LHO041_RES_01,UK041,HUMANITIES,MRes Humanities,MRes,2026,September,1 Year,Hope Park Campus,2.1 Honours degree; Research Proposal; IELTS 6.5,"Interdisciplinary research training in History, English, or Philosophy.","Research Skills, Thesis",www.hope.ac.uk/postgraduate/postgraduatecourses/humanitiesmres/
C_LHO041_RES_02,UK041,BIOLOGY,MSc by Research (Life Sciences),MRes,2026,September,1 Year,Hope Park Campus,2.1 Honours degree; Supervisor agreement; IELTS 6.5,"Independent research in environmental science, molecular biology, or psychology.","Scientific Research Methods, Thesis",www.hope.ac.uk/postgraduate/postgraduatecourses/lifesciencesmscbyresearch/
C_LHO041_RES_03,UK041,EDUCATION,Masters by Research (Education),MRes,2026,September,1 Year,Hope Park Campus,2.1 Honours degree in Education; IELTS 6.5,Advanced research in pedagogical theory and policy evaluation.,"Educational Enquiry, Thesis",www.hope.ac.uk/postgraduate/postgraduatecourses/educationmastersbyresearch/
C_LHO041_RES_04,UK041,SPORT_SCIENCE,Masters by Research (Sport and Health),MRes,2026,September,1 Year,Hope Park Campus,2.1 Honours degree; IELTS 6.5,"Research into sports performance, physiology, and health interventions.","Sport Science Methods, Thesis",www.hope.ac.uk/postgraduate/postgraduatecourses/sportandhealthmastersbyresearch/
C_LJM042_RES_01,UK042,SPORT_SCIENCE,MRes Sport and Exercise Science,MRes,2026,September,1 Year,Byrom Street Campus,2.1 Honours degree; Research Proposal; IELTS 6.5,"Specialised research training in biomechanics, physiology, or performance psychology.","Research Methods, Advanced Statistics, Thesis",www.ljmu.ac.uk/study/courses/postgraduate/sport-and-exercise-science-mres
C_LJM042_RES_02,UK042,BIOLOGY,MRes Natural Sciences,MRes,2026,September,1 Year,Byrom Street Campus,2.1 Honours degree in Science; IELTS 6.5,"Intensive research in molecular biology, ecology, or environmental science.","Scientific Research Skills, Thesis",www.ljmu.ac.uk/study/courses/postgraduate/natural-sciences-mres
C_LJM042_RES_03,UK042,PSYCHOLOGY,MRes Psychology,MRes,2026,September,1 Year,Byrom Street Campus,2.1 Honours degree in Psychology; IELTS 7.0,Advanced psychological research methods and independent project work.,"Advanced Data Analysis, Thesis",www.ljmu.ac.uk/study/courses/postgraduate/psychology-mres
C_LJM042_RES_04,UK042,ARTS,MPhil Art and Design,MRes,2026,September,2 Years,Mount Pleasant Campus,2.1 Honours degree; Portfolio; Research Proposal; IELTS 6.5,"Practice-based research in fine art, graphic design, or fashion.","Creative Research Methods, Thesis",www.ljmu.ac.uk/study/courses/postgraduate/art-and-design-mphil
C_LJM042_RES_05,UK042,BUSINESS_MANAGEMENT,MPhil Business and Management,MRes,2026,September,2 Years,Mount Pleasant Campus,2.1 Honours degree; Research Proposal; IELTS 6.5,"Independent research in marketing, finance, or human resource management.","Business Research Methodologies, Thesis",www.ljmu.ac.uk/study/courses/postgraduate/business-and-management-mphil
C_LJM042_RES_06,UK042,HEALTH_SCIENCES,MPhil Public Health,MRes,2026,September,2 Years,Byrom Street Campus,2.1 Honours degree; Supervisor agreement; IELTS 7.0,"Research into epidemiology, health policy, or clinical practice evaluation.","Health Research Ethics, Thesis",www.ljmu.ac.uk/study/courses/postgraduate/public-health-mphil
C_LST043_RES_01,UK043,MEDICAL_SCIENCES,MRes Global Health,MRes,2026,September,1 Year,Pembroke Place,2.1 Honours degree in Medicine/Science; IELTS 6.5,Research-intensive programme in infectious diseases and clinical global health.,"Research Methods in Global Health, Statistics, Thesis",www.lstmed.ac.uk/study/courses/mres-global-health
C_LBS044_RES_01,UK044,ACCOUNTING,MRes Accounting,MRes,2026,September,1 Year,Regent's Park Campus,First Class Honours; GMAT/GRE; Research Proposal; IELTS 7.5,"Doctoral-track research into financial reporting, auditing, and corporate governance.","Empirical Accounting Research, Econometrics, Thesis",www.london.edu/phd/programme-structure/mres-accounting
C_LBS044_RES_02,UK044,ECONOMICS,MRes Economics,MRes,2026,September,1 Year,Regent's Park Campus,First Class Honours; GMAT/GRE; Research Proposal; IELTS 7.5,"Intensive PhD-track training in macroeconomics, microeconomics, and econometrics.","Advanced Microeconomics, Advanced Econometrics, Thesis",www.london.edu/phd/programme-structure/mres-economics
C_LBS044_RES_03,UK044,FINANCE,MRes Finance,MRes,2026,September,1 Year,Regent's Park Campus,First Class Honours; GMAT/GRE; Research Proposal; IELTS 7.5,"Specialised research training in asset pricing, corporate finance, and continuous-time finance.","Asset Pricing Theory, Corporate Finance Theory, Thesis",www.london.edu/phd/programme-structure/mres-finance
C_LBS044_RES_04,UK044,MARKETING,MRes Marketing,MRes,2026,September,1 Year,Regent's Park Campus,First Class Honours; GMAT/GRE; Research Proposal; IELTS 7.5,Research-intensive foundation in consumer behaviour and quantitative marketing models.,"Consumer Behaviour Theory, Marketing Models, Thesis",www.london.edu/phd/programme-structure/mres-marketing
C_LBS044_RES_05,UK044,BUSINESS_MANAGEMENT,MRes Strategy and Entrepreneurship,MRes,2026,September,1 Year,Regent's Park Campus,First Class Honours; GMAT/GRE; Research Proposal; IELTS 7.5,Research training focused on competitive strategy and organizational theory.,"Strategy Content, Entrepreneurship Foundations, Thesis",www.london.edu/phd/programme-structure/mres-strategy-and-entrepreneurship
C_LMU045_RES_01,UK045,SOCIAL_SCIENCES,MRes Social Research,MRes,2026,September,1 Year,Holloway Campus,2.1 Honours degree; Research Proposal; IELTS 6.5,Interdisciplinary research training in qualitative and quantitative social science methods.,"Research Design, Data Analysis, Thesis",www.londonmet.ac.uk/courses/postgraduate/social-research---mres/
C_LMU045_RES_02,UK045,PSYCHOLOGY,MRes Psychology,MRes,2026,September,1 Year,Holloway Campus,2.1 Honours degree in Psychology; IELTS 6.5,Advanced psychological research methods and independent project work.,"Advanced Statistics, Qualitative Methods, Thesis",www.londonmet.ac.uk/courses/postgraduate/psychology---mres/
C_LMU045_RES_03,UK045,BUSINESS_MANAGEMENT,MPhil Business and Law,MRes,2026,September,2 Years,Aldgate Campus,2.1 Honours degree; Research Proposal; IELTS 6.5,"Independent research into management, marketing, or legal theory.","Business Research Methodologies, Thesis",www.londonmet.ac.uk/research/graduate-school/research-degrees/mphil/
C_LMU045_RES_04,UK045,BIOLOGY,MPhil Life Sciences and Computing,MRes,2026,September,2 Years,Holloway Campus,2.1 Honours degree; Supervisor agreement; IELTS 6.0,"Independent research in molecular biology, chemistry, or AI.","Technical Research Skills, Thesis",www.londonmet.ac.uk/research/graduate-school/research-degrees/mphil/
C_LSB046_RES_01,UK046,SOCIAL_SCIENCES,Masters by Research (MRes) Social Sciences,MRes,2026,September,1 Year,Southwark Campus,2.1 Honours degree; Research Proposal; IELTS 6.5,"A structured programme for students to conduct independent research in sociology, politics, or criminology.","Research Methods, Thesis",www.lsbu.ac.uk/study/course-finder/masters-by-research-mres-social-sciences
C_LSB046_RES_02,UK046,BUSINESS_MANAGEMENT,Masters by Research (MRes) Business,MRes,2026,September,1 Year,Southwark Campus,2.1 Honours degree; Research Proposal; IELTS 6.5,"Advanced research training in business, management, or marketing leading to an independent thesis.","Business Research Methods, Thesis",www.lsbu.ac.uk/study/course-finder/masters-by-research-mres-business
C_LSB046_RES_03,UK046,COMPUTER_SCIENCE,Masters by Research (MRes) Computing,MRes,2026,September,1 Year,Southwark Campus,2.1 Honours degree; Supervisor agreement; IELTS 6.0,"Specialised research into data science, AI, or cybersecurity within the School of Engineering.","Technical Research Skills, Thesis",www.lsbu.ac.uk/study/course-finder/masters-by-research-mres-computing
C_LSB046_RES_04,UK046,HEALTH_SCIENCES,Masters by Research (MRes) Health and Social Care,MRes,2026,September,1 Year,Southwark Campus,2.1 Honours degree; Supervisor agreement; IELTS 6.5,Research-intensive track for health professionals to lead clinical or social care evaluations.,"Health Research Design, Ethics, Thesis",www.lsbu.ac.uk/study/course-finder/masters-by-research-mres-health-social-care
C_MMU047_RES_01,UK047,SOCIAL_SCIENCES,MRes Social Learning and Portfolio,MRes,2026,September,1 Year,Main Campus Manchester,2.1 Honours degree; Research Proposal; IELTS 6.5,Advanced research training in qualitative and quantitative social science methods.,"Research Design, Portfolio Development, Thesis",www.mmu.ac.uk/study/postgraduate/course/mres-social-learning-and-portfolio/
C_MMU047_RES_02,UK047,BUSINESS_MANAGEMENT,MRes Business and Management,MRes,2026,September,1 Year,Business School,2.1 Honours degree; Research Proposal; IELTS 7.0,"Research-intensive programme in marketing, finance, or human resource management.","Business Research Methodologies, Thesis",www.mmu.ac.uk/study/postgraduate/course/mres-business-and-management/
C_MMU047_RES_03,UK047,SPORT_SCIENCE,MRes Sport and Exercise Science,MRes,2026,September,1 Year,Institute of Sport,2.1 Honours degree; IELTS 6.5,"Specialised research training in physiology, biomechanics, and sports performance.","Research Methods in Sport, Data Analysis, Thesis",www.mmu.ac.uk/study/postgraduate/course/mres-sport-and-exercise-science/
C_MMU047_RES_04,UK047,BIOLOGY,MSc by Research (Science and Engineering),MRes,2026,September,1 Year,Main Campus Manchester,2.1 Honours degree in Science; IELTS 6.5,"Independent research in molecular biology, chemistry, or environmental science.","Scientific Research Skills, Thesis",www.mmu.ac.uk/study/postgraduate/course/msc-by-research-science-and-engineering/
C_MMU047_RES_05,UK047,COMPUTER_SCIENCE,MSc by Research (Computing),MRes,2026,September,1 Year,Main Campus Manchester,2.1 Honours degree; Supervisor agreement; IELTS 6.0,"Technical research in AI, cybersecurity, and data analytics.","Technical Writing, Thesis",www.mmu.ac.uk/study/postgraduate/course/msc-by-research-computing/
C_MDX048_RES_01,UK048,FINE_ART,MRes Visual Arts,MRes,2026,September,1 Year,Hendon Campus,2.1 Honours degree; Portfolio; Research Proposal; IELTS 6.5,A research-intensive programme for artists and designers to develop their practice through rigorous enquiry.,"Research Methodologies, Experimental Practice, Thesis",www.mdx.ac.uk/courses/postgraduate/visual-arts-mres
C_MDX048_RES_02,UK048,BUSINESS_MANAGEMENT,Masters by Research (Business and Law),MRes,2026,September,1 Year,Hendon Campus,2.1 Honours degree; Research Proposal; IELTS 6.5,"Independent research in management, marketing, or commercial law.","Business Research Methodologies, Thesis",www.mdx.ac.uk/courses/postgraduate/business-and-law-masters-by-research
C_MDX048_RES_03,UK048,COMPUTER_SCIENCE,Masters by Research (Science and Technology),MRes,2026,September,1 Year,Hendon Campus,2.1 Honours degree; Supervisor agreement; IELTS 6.0,"Technical research in AI, cybersecurity, or data science.","Technical Writing, Thesis",www.mdx.ac.uk/courses/postgraduate/science-and-technology-masters-by-research
C_MDX048_RES_04,UK048,HEALTH_SCIENCES,Masters by Research (Health and Social Care),MRes,2026,September,1 Year,Hendon Campus,2.1 Honours degree; Supervisor agreement; IELTS 6.5,Research-intensive track for health professionals to lead clinical or social care evaluations.,"Health Research Design, Ethics, Thesis",www.mdx.ac.uk/courses/postgraduate/health-and-social-care-masters-by-research
C_NEW049_RES_01,UK049,MEDICAL_SCIENCES,MRes Medical Genetics,MRes,2026,September,1 Year,Main Campus Newcastle,2.1 Honours degree in Science; IELTS 6.5,"Specialised research training in human genetics, genomic medicine, and molecular pathology.","Research Skills, Lab Rotations, Thesis",www.ncl.ac.uk/postgraduate/degrees/4816f/
C_NEW049_RES_02,UK049,CANCER_RESEARCH,MRes Cancer Research,MRes,2026,September,1 Year,Main Campus Newcastle,2.1 Honours degree in Science/Medicine; IELTS 6.5,Intensive laboratory-based training in the molecular biology of cancer and drug development.,"Cancer Biology, Lab Rotations, Thesis",www.ncl.ac.uk/postgraduate/degrees/4813f/
C_NEW049_RES_03,UK049,BIOLOGY,MRes Animal Behaviour,MRes,2026,September,1 Year,Main Campus Newcastle,2.1 Honours degree; IELTS 6.5,"Research training focused on animal cognition, welfare, and evolution.","Advanced Animal Behaviour, Research Methods, Thesis",www.ncl.ac.uk/postgraduate/degrees/4822f/
C_NEW049_RES_04,UK049,NEUROSCIENCE,MRes Neuroscience,MRes,2026,September,1 Year,Main Campus Newcastle,2.1 Honours degree in Science; IELTS 6.5,"Research projects in sensory systems, neural development, and neurodegenerative disease.","Neuroscience Theory, Lab Rotations, Thesis",www.ncl.ac.uk/postgraduate/degrees/4820f/
C_NEW049_RES_05,UK049,SOCIAL_SCIENCES,MRes Social Science Research Methods,MRes,2026,September,1 Year,Main Campus Newcastle,2.1 Honours degree; IELTS 6.5,"ESRC-recognised research training in sociology, geography, and politics.","Quantitative & Qualitative Methods, Thesis",www.ncl.ac.uk/postgraduate/degrees/4834f/
C_NEW049_RES_06,UK049,EPIDEMIOLOGY,MRes Epidemiology,MRes,2026,September,1 Year,Main Campus Newcastle,2.1 Honours degree; IELTS 6.5,Specialised research training in public health patterns and statistical modelling.,"Epidemiological Methods, Statistics, Thesis",www.ncl.ac.uk/postgraduate/degrees/4815f/
C_NEW049_RES_07,UK049,HEALTH_SCIENCES,MRes Ageing and Health,MRes,2026,September,1 Year,Main Campus Newcastle,2.1 Honours degree; IELTS 6.5,Interdisciplinary research training on the biological and social impacts of ageing.,"Biology of Ageing, Thesis",www.ncl.ac.uk/postgraduate/degrees/4821f/
C_NEW049_RES_08,UK049,BIOTECHNOLOGY,MRes Biotechnology,MRes,2026,September,1 Year,Main Campus Newcastle,2.1 Honours degree; IELTS 6.5,Research in molecular microbial biotechnology and bioprocess engineering.,"Molecular Biology Techniques, Thesis",www.ncl.ac.uk/postgraduate/degrees/4844f/
C_NEW049_RES_09,UK049,HISTORY,MPhil History,MRes,2026,September,2 Years,Main Campus Newcastle,2.1 Honours degree; Research Proposal; IELTS 7.0,Independent historical investigation based on primary archival research.,"Historical Methods, Thesis",www.ncl.ac.uk/postgraduate/degrees/8100f/
C_NUL050_RES_01,UK050,LAW,MRes Global Governance and Law,MRes,2026,September,1 Year,St Katharine Docks London,2.1 Honours degree in Law or Social Science; Research Proposal; IELTS 7.0,An advanced research degree focusing on international legal frameworks and global institutional governance.,"Advanced Legal Research, Global Governance Theory, Thesis",www.nulondon.ac.uk/study/postgraduate/global-governance-law-mres/
C_NUA051_RES_01,UK051,ARTS,Master of Research (MRes),MRes,2026,September,1 Year,Norwich Campus,2.1 Honours degree; Portfolio; Research Proposal; IELTS 6.0,"A practice-led or theoretical research degree tailored for artists, designers, and media creators.","Research Methodologies in Creative Practice, Thesis",norwichuni.ac.uk/study-at-norwich/postgraduate-study/mres/
C_NTU052_RES_01,UK052,BIOLOGY,MRes Cancer Biology,MRes,2026,September,1 Year,Clifton Campus,2.1 Honours degree in Science; IELTS 6.5,Intensive laboratory research focusing on molecular oncology and therapeutics.,"Research Methods, Lab Rotation, Thesis",www.ntu.ac.uk/course/science-and-technology/pg/mres-cancer-biology
C_NTU052_RES_02,UK052,BIOTECHNOLOGY,MRes Biotechnology,MRes,2026,September,1 Year,Clifton Campus,2.1 Honours degree; IELTS 6.5,Research-intensive training in molecular microbial biotechnology and bioprocesses.,"Biotechnology Techniques, Thesis",www.ntu.ac.uk/course/science-and-technology/pg/mres-biotechnology
C_NTU052_RES_03,UK052,PSYCHOLOGY,MRes Psychological Research Methods,MRes,2026,September,1 Year,City Campus,2.1 Honours degree in Psychology; IELTS 6.5,Advanced psychological research methods and independent project work.,"Advanced Statistics, Qualitative Methods, Thesis",www.ntu.ac.uk/course/social-sciences/pg/mres-psychological-research-methods
C_NTU052_RES_04,UK052,SPORT_SCIENCE,MRes Sport Science,MRes,2026,September,1 Year,Clifton Campus,2.1 Honours degree; IELTS 6.5,"Applied research into sports physiology, biomechanics, or psychology.","Sport Science Methods, Thesis",www.ntu.ac.uk/course/science-and-technology/pg/mres-sport-science
C_NTU052_RES_05,UK052,BUSINESS_MANAGEMENT,MRes Business,MRes,2026,September,1 Year,City Campus,2.1 Honours degree; Research Proposal; IELTS 6.5,"Independent research in management, marketing, or finance at Nottingham Business School.","Business Research Methodologies, Thesis",www.ntu.ac.uk/course/nottingham-business-school/pg/mres-business
C_NTU052_RES_06,UK052,LAW,MRes Law,MRes,2026,September,1 Year,City Campus,2.1 Honours degree in Law; Research Proposal; IELTS 6.5,"Independent legal scholarship in commercial, criminal, or international law.","Legal Research Skills, Thesis",www.ntu.ac.uk/course/nottingham-law-school/pg/mres-law
C_OXB053_RES_01,UK053,SOCIAL_SCIENCES,MRes Social Research,MRes,2026,September,1 Year,Headington Campus,2.1 Honours degree; Research Proposal; IELTS 6.5,ESRC-aligned research training providing high-level qualitative and quantitative skills.,"Quantitative Methods, Qualitative Research, Thesis",www.brookes.ac.uk/courses/postgraduate/mres-social-research/
C_OXB053_RES_02,UK053,HUMANITIES,MRes Humanities,MRes,2026,September,1 Year,Headington Campus,2.1 Honours degree; Research Proposal; IELTS 7.0,"Specialised research track across History, English Literature, or Philosophy.","Advanced Research Methods in Humanities, Thesis",www.brookes.ac.uk/courses/postgraduate/mres-humanities/
C_OXB053_RES_03,UK053,BIOLOGY,MSc by Research (Health and Life Sciences),MRes,2026,September,1 Year,Headington Campus,2.1 Honours degree; Supervisor agreement; IELTS 6.5,"Independent research in biomedical science, conservation, or psychology.","Scientific Research Skills, Thesis",www.brookes.ac.uk/study/postgraduate/research-degrees/
C_OXB053_RES_04,UK053,MECHANICAL_ENGINEERING,MSc by Research (Engineering),MRes,2026,September,1 Year,Wheatley Campus,2.1 Honours degree; Supervisor agreement; IELTS 6.0,"Technical research in automotive engineering, robotics, or sustainable energy.","Technical Research Skills, Thesis",www.brookes.ac.uk/study/postgraduate/research-degrees/
C_OXB053_RES_05,UK053,BUSINESS_MANAGEMENT,MPhil Business and Management,MRes,2026,September,2 Years,Headington Campus,First Class Honours; Research Proposal; IELTS 7.0,"Doctoral-track research in marketing, finance, or human resource management.","Business Research Methodologies, Thesis",www.brookes.ac.uk/study/postgraduate/research-degrees/
C_QMU054_RES_01,UK054,SOCIAL_SCIENCES,MRes Master of Research,MRes,2026,September,1 Year,Edinburgh Campus,2.1 Honours degree; Research Proposal; IELTS 6.5,"Multidisciplinary research training in health, business, or social sciences.","Research Methods, Advanced Statistics, Thesis",www.qmu.ac.uk/study-here/postgraduate-study/2026/master-of-research-mres/
C_QMU054_RES_02,UK054,HEALTH_SCIENCES,MPhil Health Sciences,MRes,2026,September,2 Years,Edinburgh Campus,2.1 Honours degree; Supervisor agreement; IELTS 6.5,"Independent research into nursing, physiotherapy, or dietetics.","Healthcare Research Ethics, Thesis",www.qmu.ac.uk/research-and-knowledge-exchange/graduate-school/research-degrees/
C_QM055_RES_01,UK055,ECONOMICS,MRes Economics,MRes,2026,September,2 Years,Mile End Campus,"2.1 Honors degree in Economics; GRE required; IELTS 7.0","Research-oriented programme providing fundamental training for independent research in economics.","Microeconomics I & II, Macroeconomics I & II, Econometrics I & II, Dissertation",www.qmul.ac.uk/postgraduate/taught/coursefinder/courses/economics-2-years-mres/
C_QM055_RES_02,UK055,FINANCE,MRes Finance,MRes,2026,September,2 Years,Mile End Campus,"2.1 Honors degree in Finance/Maths; GRE required; IELTS 7.0","Designed for students with a strong quantitative background seeking doctoral-level research skills in finance.","Foundations in Asset Pricing, Foundations in Corporate Finance, Econometrics, Dissertation",www.qmul.ac.uk/postgraduate/taught/coursefinder/courses/finance-2-years-mres/
C_QM055_RES_03,UK055,MEDICINE,MRes Clinical Research,MRes,2026,September,1 Year,Whitechapel Campus,"2.1 Honors degree in life sciences or medicine; IELTS 7.0","Advanced training in clinical research methodology and health data analysis for clinicians and scientists.","Research Methods, Health Data Analysis, Clinical Trials, Dissertation",www.qmul.ac.uk/postgraduate/taught/coursefinder/courses/clinical-research-mres/
C_QM055_RES_04,UK055,GEOGRAPHY,MRes Geography,MRes,2026,September,1 Year,Mile End Campus,"2.1 Honors degree in Geography; IELTS 7.0","Specialist research skills and methods training within human geography or environmental science.","Social Science Research Methods, Geographical Thought, Dissertation",www.qmul.ac.uk/postgraduate/taught/coursefinder/courses/geography-mres/
C_QM055_RES_05,UK055,LAW,MRes Criminal Justice,MRes,2026,September,1 Year,Mile End Campus,"2.1 Honors degree in Law or Social Science; IELTS 7.0","Critical research-led approach to criminal justice study, providing pre-doctoral training.","Introduction to Social Science Research, Epistemology, Quantitative Methods, Dissertation",www.qmul.ac.uk/postgraduate/taught/coursefinder/courses/criminal-justice-mres/
C_QM055_RES_06,UK055,LAW,MRes Human Rights Law,MRes,2026,September,1 Year,Mile End Campus,"2.1 Honors degree in Law; IELTS 7.0","Focuses on research-led approaches to human rights law and international legal theory.","Social Science Research Methods, International Human Rights Law, Dissertation",www.qmul.ac.uk/postgraduate/taught/coursefinder/courses/human-rights-law-mres/
C_QM055_RES_07,UK055,BUSINESS,MRes Innovation and Enterprise,MRes,2026,September,1 Year,Mile End Campus,"2.1 Honors degree in Business/Management; IELTS 7.0","Pre-doctoral training exploring the intersections of innovation, enterprise, and economic development.","Qualitative & Quantitative Research Methods, Innovation Theory, Dissertation",www.qmul.ac.uk/postgraduate/taught/coursefinder/courses/innovation-and-enterprise-mres/
C_QM055_RES_08,UK055,PUBLIC_HEALTH,MRes Global Public Health and Policy,MRes,2026,September,1 Year,Whitechapel Campus,"2.1 Honors degree in relevant field; IELTS 7.0","Research-led study of global health challenges and policy-making frameworks.","Epidemiology, Health Systems & Policy, Research Skills, Dissertation",www.qmul.ac.uk/postgraduate/taught/coursefinder/courses/global-public-health-and-policy-mres/C_QUB056_RES_01,UK056,MEDICINE,MRes Translational Medicine,MRes,2026,September,1 Year,Belfast Campus,2.1 Honors degree in life sciences or medicine; IELTS 6.5,A bridge between laboratory science and patient care focusing on drug development and diagnostics.,"Clinical Governance, Laboratory Skills, Translational Research Project",www.qub.ac.uk/courses/postgraduate-taught/translational-medicine-mres/
C_QUB056_RES_02,UK056,SOCIAL_SCIENCE,MRes Social Science Research,MRes,2026,September,1 Year,Belfast Campus,2.1 Honors degree in Social Science; IELTS 6.5,Recognized by the ESRC; provides foundational research training for PhD candidates in social sciences.,"Qualitative & Quantitative Methods, Research Design, Dissertation",www.qub.ac.uk/courses/postgraduate-taught/social-science-research-mres/
C_QUB056_RES_03,UK056,BIOLOGY,MRes Biodiversity and Taxonomy,MRes,2026,September,1 Year,Belfast Campus,2.1 Honors degree in Biology or Geography; IELTS 6.5,Specialist training in the classification and conservation of diverse biological systems.,"Systematics, Field Identification, Data Analysis, Thesis",www.qub.ac.uk/courses/postgraduate-taught/biodiversity-taxonomy-mres/
C_QUB056_RES_04,UK056,LAW,MRes Law,MRes,2026,September,1 Year,Belfast Campus,2.1 Honors degree in Law; IELTS 6.5,Independent research project supported by specialized training in legal methodologies.,"Advanced Legal Research, Critical Perspectives on Law, Dissertation",www.qub.ac.uk/courses/postgraduate-taught/law-mres/
C_RAV057_RES_01,UK057,DESIGN,MRes Design & Communication,MRes,2026,September,1 Year,Greenwich Peninsula,Portfolio; 2.1 Honors degree; IELTS 6.0,"A research-first approach to digital media and creative communication, ideal for industry innovators.","Research through Practice, Design Theory, Major Research Project",www.ravensbourne.ac.uk/study-here/postgraduate/mres-design
C_REG058_RES_01,UK058,BUSINESS,MRes Business & Management,MRes,2026,September,1 Year,Regent's Park,2.1 Honors degree; IELTS 6.5; Interview,"A specialist research degree focusing on global management, entrepreneurship, and organizational behavior.","Advanced Research Methods, Qualitative Analysis, Quantitative Analysis, Dissertation",www.regents.ac.uk/study/postgraduate/business-mres
C_ROE059_RES_01,UK059,PSYCHOLOGY,MRes Psychology,MRes,2026,September,1 Year,Main Campus London,2.1 Honors degree; IELTS 6.5,Specialist training in psychological research methods and statistics for doctoral preparation.,"Advanced Statistics, Qualitative Research Methods, Psychological Research Project",www.roehampton.ac.uk/postgraduate-courses/mres-psychology/
C_ROE059_RES_02,UK059,ANTHROPOLOGY,MRes Evolutionary Anthropology,MRes,2026,September,1 Year,Main Campus London,2.1 Honors degree; IELTS 6.5,"Research-focused study on human evolution, behavior, and primatology.","Evolutionary Theory, Research Methods in Anthropology, Dissertation",www.roehampton.ac.uk/postgraduate-courses/mres-evolutionary-anthropology/
C_ROE059_RES_03,UK059,SOCIAL_SCIENCE,MRes Social Research,MRes,2026,September,1 Year,Main Campus London,2.1 Honors degree; IELTS 6.5,Interdisciplinary training in social science research methodologies and theory.,"Social Theory, Quantitative Methods, Qualitative Methods, Dissertation",www.roehampton.ac.uk/postgraduate-courses/mres-social-research/
C_RAU060_RES_01,UK060,AGRICULTURE,MRes Agricultural Science,MRes,2026,September,1 Year,Cirencester,2.1 Honors degree; IELTS 6.0; Research Proposal,"Specialist research into sustainable crop production, livestock science, or soil health.","Research Project Management, Field Methods, Data Analysis, Thesis",www.rau.ac.uk/study/postgraduate/mres-agricultural-science
C_RVC061_RES_01,UK061,VETERINARY,MRes Veterinary Science,MRes,2026,September,1 Year,Camden/Hawkshead,2.1 Science-based degree; IELTS 7.0,Specialist laboratory or clinical research in animal health and comparative pathology.,"Evidence-based Veterinary Medicine, Laboratory Skills, Research Thesis",www.rvc.ac.uk/study/postgraduate/mres
C_SHU062_RES_01,UK062,HEALTH,MRes Health and Social Care,MRes,2026,September,1 Year,City Campus,2.1 Honors degree; IELTS 6.5,"Specialist research training for health professionals, focusing on evidence-based practice and policy.","Applied Research Methods, Research Ethics, Dissertation",www.shu.ac.uk/courses/health-and-social-care/mres-health-and-social-care/
C_SHU062_RES_02,UK062,SPORT,MRes Sport and Exercise Science,MRes,2026,September,1 Year,Collegiate Campus,2.1 Honors degree in Sport Science; IELTS 6.5,"Advanced research training in biomechanics, physiology, or psychology of sport.","Advanced Research Methods, Data Analysis, Research Project",www.shu.ac.uk/courses/sport-and-physical-activity/mres-sport-and-exercise-science/
C_SHU062_RES_03,UK062,SOCIAL_SCIENCE,MRes Social Science,MRes,2026,September,1 Year,City Campus,2.1 Honors degree; IELTS 6.5,"Interdisciplinary research training in sociology, psychology, or politics.","Qualitative Methods, Quantitative Analysis, Dissertation",www.shu.ac.uk/courses/social-sciences/mres-social-science/
C_SOA063_RES_01,UK063,HUMANITIES,MRes Humanities and Cultural Studies,MRes,2026,September,1 Year,Bloomsbury Campus,2.1 Honors degree; IELTS 7.0,"A research-intensive programme focusing on the cultures and societies of Asia, Africa, and the Middle East.","Core Research Methods, Regional Theory, Dissertation",www.soas.ac.uk/study/postgraduate/humanities-and-cultural-studies-mres
C_SOA063_RES_02,UK063,SOCIAL_SCIENCE,MRes Social Anthropology,MRes,2026,September,1 Year,Bloomsbury Campus,2.1 Honors degree; IELTS 7.0,"Professional research training in anthropological methods and theory, ESRC recognized.","Ethnographic Methods, Statistical Analysis, Dissertation",www.soas.ac.uk/study/postgraduate/social-anthropology-mres
C_SOA063_RES_03,UK063,POLITICS,MRes Politics and International Studies,MRes,2026,September,1 Year,Bloomsbury Campus,2.1 Honors degree in Politics; IELTS 7.0,Specialist research training in global politics with a focus on non-Western perspectives.,"Research Design, Political Analysis, Thesis",www.soas.ac.uk/study/postgraduate/politics-and-international-studies-mres
C_SOL064_RES_01,UK064,BUSINESS,MRes Business,MRes,2026,September,1 Year,Main Campus,2.1 Honors degree; IELTS 6.0,"Advanced research training in management, marketing, and business strategy.","Research Methods, Literature Review, Dissertation",www.solent.ac.uk/courses/postgraduate/business-mres
C_SOL064_RES_02,UK064,CREATIVE_ARTS,MRes Creative Arts and Design,MRes,2026,September,1 Year,Main Campus,2.1 Honors degree; Portfolio; IELTS 6.0,"Practice-led research in digital media, fashion, or visual arts.","Creative Research Methods, Practice as Research, Dissertation",www.solent.ac.uk/courses/postgraduate/creative-arts-mres
C_SOL064_RES_03,UK064,SPORT,"MRes Sport, Health and Applied Science",MRes,2026,September,1 Year,Main Campus,2.1 Honors degree in Sport Science; IELTS 6.0,"Research-focused study in sports performance, nutrition, or exercise psychology.","Scientific Research Methods, Data Analysis, Thesis",www.solent.ac.uk/courses/postgraduate/sport-health-applied-science-mres
C_SMB065_RES_01,UK065,EDUCATION,MRes Education,MRes,2026,September,1 Year,Belfast Campus,2.1 Honors degree; Interview; IELTS 6.5,A research-led programme for education professionals seeking to develop doctoral-level inquiry skills.,"Educational Inquiry, Critical Literature Review, Data Collection and Analysis, Dissertation",www.stmarys-belfast.ac.uk/mres-education
C_SML066_RES_01,UK066,SPORTS_SCIENCE,"MRes Sport, Health and Applied Science",MRes,2026,September,1 Year,Twickenham Campus,2.1 Honors degree in relevant science; IELTS 6.5,"Research-intensive training in physiological, biomechanical, or psychological aspects of human performance.","Research Design, Professional Development, Data Analysis, Dissertation",www.stmarys.ac.uk/postgraduate/mres-sport-science
C_SML066_RES_02,UK066,HUMANITIES,MRes Humanities,MRes,2026,September,1 Year,Twickenham Campus,"2.1 Honors degree in History, English or Theology; IELTS 6.5",Advanced research-based study in liberal arts with focused supervisory support for a major thesis.,"Research Methods in Humanities, Advanced Critical Theory, Dissertation",www.stmarys.ac.uk/postgraduate/mres-humanities
C_SML066_RES_03,UK066,THEOLOGY,MRes Theology and Religious Studies,MRes,2026,September,1 Year,Twickenham Campus,2.1 Honors degree in Theology; IELTS 6.5,"Specialist research preparation for doctoral study in biblical studies, ethics, or systematic theology.","Theological Research Methods, Critical Bibliography, Dissertation",www.stmarys.ac.uk/postgraduate/mres-theology
C_SWA068_RES_01,UK068,ENGINEERING,MRes Materials Engineering,MRes,2026,September,1 Year,Bay Campus,2.1 Honors degree in Engineering or Physical Sciences; IELTS 6.5,Research-led programme focused on the development and characterization of advanced materials.,"Research Methods, Advanced Materials Characterization, Dissertation",www.swansea.ac.uk/postgraduate/research/engineering/materials-mres/
C_SWA068_RES_02,UK068,COMPUTER_SCIENCE,MRes Visual Computing,MRes,2026,September,1 Year,Bay Campus,2.1 Honors degree in Computer Science; IELTS 6.5,"Specialist research training in computer graphics, vision, and data visualization.","Scientific Computing, Visual Analytics, Research Project",www.swansea.ac.uk/postgraduate/research/maths-comp-sci/visual-computing-mres/
C_SWA068_RES_03,UK068,SOCIAL_SCIENCE,MRes Social Research,MRes,2026,September,1 Year,Singleton Park Campus,2.1 Honors degree; IELTS 6.5,Interdisciplinary research training recognized by the ESRC for doctoral preparation.,"Qualitative Methods, Quantitative Methods, Research Design, Dissertation",www.swansea.ac.uk/postgraduate/research/social-sciences/social-research-mres/
C_SWA068_RES_04,UK068,MEDICINE,MRes Health and Wellbeing,MRes,2026,September,1 Year,Singleton Park Campus,2.1 Honors degree in a health-related subject; IELTS 6.5,Provides high-level training in health research methodologies and clinical evidence evaluation.,"Research Methods in Health, Systematic Reviews, Thesis",www.swansea.ac.uk/postgraduate/research/health-social-care/health-wellbeing-mres/
C_TEE069_RES_01,UK069,SCIENCE,MRes Science and Engineering,MRes,2026,September,1 Year,Middlesbrough Campus,2.1 Honors degree; IELTS 6.5,"Specialist research training in biological sciences, chemistry, or environmental engineering.","Research Methods, Advanced Laboratory Skills, Dissertation",www.tees.ac.uk/postgraduate_courses/science_&_engineering/mres.cfm
C_TEE069_RES_02,UK069,SOCIAL_SCIENCE,MRes Social Research,MRes,2026,September,1 Year,Middlesbrough Campus,2.1 Honors degree; IELTS 6.5,"Pre-doctoral training in sociological, psychological, and criminology research methodologies.","Qualitative Methods, Quantitative Data Analysis, Research Ethics, Dissertation",www.tees.ac.uk/postgraduate_courses/social_sciences_&_law/mres_social_research.cfm
C_TEE069_RES_03,UK069,HEALTH,MRes Health and Social Care Research,MRes,2026,September,1 Year,Middlesbrough Campus,2.1 Honors degree; IELTS 6.5,Designed for practitioners to develop high-level clinical research skills.,"Evidence-Based Practice, Research Design, Systematic Reviews, Thesis",www.tees.ac.uk/postgraduate_courses/health_&_social_care/mres_health.cfm
C_RGU070_RES_01,UK070,BUSINESS,MRes Business and Management,MRes,2026,September,1 Year,Garthdee Campus,2.1 Honors degree; IELTS 6.5,"Advanced research training in corporate social responsibility, entrepreneurship, or digital marketing.","Research Philosophies, Research Design, Quantitative and Qualitative Analysis, Thesis",www.rgu.ac.uk/study/courses/287-mres-business-and-management
C_RGU070_RES_02,UK070,SOCIAL_SCIENCE,MRes Applied Social Studies,MRes,2026,September,1 Year,Garthdee Campus,2.1 Honors degree; IELTS 6.5,"Specialist research preparation for doctoral study in social work, psychology, or sociology.","Qualitative Research Methods, Social Research Principles, Dissertation",www.rgu.ac.uk/study/courses/1066-mres-applied-social-studies
C_RGU070_RES_03,UK070,CREATIVE_ARTS,MRes Art and Design,MRes,2026,September,1 Year,Garthdee Campus,2.1 Honors degree; Portfolio; IELTS 6.5,Practice-based research training for professional artists and designers.,"Creative Practice Research, Critical Contexts, Research Methodologies, Dissertation",www.rgu.ac.uk/study/courses/288-mres-art-and-design
C_BUC071_RES_01,UK071,HUMANITIES,MRes Humanities,MRes,2026,September,1 Year,Buckingham Campus,2.1 Honors degree; IELTS 6.5; Interview,"A research-focused degree offering pathways in History, English Literature, or Biography.","Research Methods in Humanities, Advanced Bibliography, Dissertation",www.buckingham.ac.uk/humanities/mres/
C_BUC071_RES_02,UK071,POLITICS,MRes Modern War Studies and Military History,MRes,2026,September,1 Year,Buckingham Campus,2.1 Honors degree in History or Politics; IELTS 6.5,"Specialist research training in military strategy, conflict history, and security.","The Evolution of Modern War, Research Skills, Thesis",www.buckingham.ac.uk/humanities/mres/modern-war-studies/
C_BUC071_RES_03,UK071,EDUCATION,MRes Education,MRes,2026,September,1 Year,Buckingham Campus,2.1 Honors degree; IELTS 6.5,Designed for educational practitioners to conduct high-level pedagogical research.,"Educational Research Methods, Ethics, Literature Review, Dissertation",www.buckingham.ac.uk/education/mres/
C_NTH073_RES_01,UK073,BUSINESS,MRes Business and Management,MRes,2026,September,1 Year,Waterside Campus,2.1 Honors degree; IELTS 6.5; Research Proposal,Designed to develop advanced research skills for those aiming for a PhD or a research career in industry.,"Research Philosophies, Qualitative & Quantitative Methods, Dissertation",www.northampton.ac.uk/courses/business-and-management-mres/
C_NTH073_RES_02,UK073,SOCIAL_SCIENCE,MRes Social Science,MRes,2026,September,1 Year,Waterside Campus,2.1 Honors degree in Social Science; IELTS 6.5,Interdisciplinary training in the methods and ethics of social research across diverse societal contexts.,"Foundations of Social Research, Advanced Data Analysis, Dissertation",www.northampton.ac.uk/courses/social-science-mres/
C_NTH073_RES_03,UK073,HEALTH,MRes Health and Social Care,MRes,2026,September,1 Year,Waterside Campus,2.1 Honors degree; Professional registration; IELTS 6.5,Applied research training for health and social care professionals to lead evidence-based practice.,"Evidence-Based Healthcare, Research Design, Systematic Reviews, Thesis",www.northampton.ac.uk/courses/health-and-social-care-mres/
C_SAL074_RES_01,UK074,HEALTH,MRes Health and Social Care,MRes,2026,September,1 Year,Frederick Road Campus,2.1 Honors degree; IELTS 6.5,Specialist research training for health professionals to lead evidence-based clinical practice.,"Research Methods, Evidence-Based Practice, Dissertation",www.salford.ac.uk/courses/postgraduate/health-and-social-care-mres
C_SAL074_RES_02,UK074,BIOLOGY,MRes Biological Sciences,MRes,2026,September,1 Year,Peel Park Campus,2.1 Honors degree in Biology; IELTS 6.5,"Research-intensive program focusing on biotechnology, microbiology, or infectious diseases.","Advanced Laboratory Techniques, Research Design, Thesis",www.salford.ac.uk/courses/postgraduate/biological-sciences-mres
C_SAL074_RES_03,UK074,GEOGRAPHY,MRes Geography and Environmental Management,MRes,2026,September,1 Year,Peel Park Campus,2.1 Honors degree; IELTS 6.5,"Focused research training in urban ecology, climate change, or spatial analysis.","Research Methods in Geography, Field Techniques, Dissertation",www.salford.ac.uk/courses/postgraduate/geography-mres
C_SHE075_RES_01,UK075,SOCIAL_SCIENCE,MRes Social Sciences,MRes,2026,September,1 Year,Main Campus,2.1 Honors degree; IELTS 6.5 (min 6.0 in bands),ESRC-accredited research training providing a foundation for PhD study across social science disciplines.,"Philosophy of Social Science, Research Design, Quantitative & Qualitative Methods, Dissertation",www.sheffield.ac.uk/postgraduate/taught/courses/2026/social-sciences-mres
C_SHE075_RES_02,UK075,MEDICINE,MRes Medicine,MRes,2026,September,1 Year,Medical School,2.1 Honors degree in life sciences; IELTS 7.0,A research-intensive program focusing on clinical and translational medical sciences.,"Research Methods in Medicine, Advanced Lab Skills, Literature Review, Research Project",www.sheffield.ac.uk/postgraduate/taught/courses/2026/medicine-mres
C_SHE075_RES_03,UK075,BIOLOGY,MRes Ecology and Environment,MRes,2026,September,1 Year,Main Campus,2.1 Honors degree in Biology; IELTS 6.5,"Specialist research training in field ecology, environmental change, and conservation biology.","Field Research Techniques, Data Analysis for Ecologists, Research Project",www.sheffield.ac.uk/postgraduate/taught/courses/2026/ecology-and-environment-mres
C_SHE075_RES_04,UK075,SPEECH_THERAPY,MRes Speech and Language Therapy,MRes,2026,September,1 Year,Main Campus,2.1 Honors degree; Professional registration; IELTS 7.0,Designed for practitioners to develop research leadership in communication disorders and therapy.,"Research Methods in Clinical Practice, Systematic Reviews, Dissertation",www.sheffield.ac.uk/postgraduate/taught/courses/2026/speech-and-language-therapy-mres
C_UWL076_RES_01,UK076,BUSINESS,MRes Business,MRes,2026,September,1 Year,St Mary's Road Campus,2.1 Honors degree; IELTS 6.5; Research Proposal,Pre-doctoral training providing advanced skills in management research and organizational analysis.,"Research Philosophies, Qualitative Methods, Quantitative Analysis, Dissertation",www.uwl.ac.uk/study/postgraduate/mres-business
C_UWL076_RES_02,UK076,PSYCHOLOGY,MRes Psychology,MRes,2026,September,1 Year,St Mary's Road Campus,2.1 Honors degree in Psychology; IELTS 6.5,Specialist training in psychological research design and advanced statistical modeling.,"Advanced Psychological Research, Experimental Design, Thesis",www.uwl.ac.uk/study/postgraduate/mres-psychology
C_UWL076_RES_03,UK076,HEALTH,MRes Clinical Practice,MRes,2026,September,1 Year,Reading/Brentford,2.1 Honors degree; Professional registration; IELTS 7.0,Designed for healthcare professionals to develop research leadership within clinical settings.,"Evidence-Based Practice, Research Governance, Systematic Reviews, Dissertation",www.uwl.ac.uk/study/postgraduate/mres-clinical-practice
C_WIN077_RES_01,UK077,HUMANITIES,MRes Humanities and Social Sciences,MRes,2026,September,1 Year,King Alfred Campus,2.1 Honors degree; Research Proposal; IELTS 6.5,"A flexible research degree allowing for deep specialization in history, theology, or sociology.","Research Methods in the Arts, Critical Theory, Thesis",www.winchester.ac.uk/study/postgraduate/courses/mres-humanities-and-social-sciences/
C_WIN077_RES_02,UK077,SPORT,MRes Sport and Exercise,MRes,2026,September,1 Year,King Alfred Campus,2.1 Honors degree in Sport Science; IELTS 6.5,"Advanced research training in sports performance, coaching, or exercise physiology.","Advanced Research Methods, Biomechanics/Physiology Project, Dissertation",www.winchester.ac.uk/study/postgraduate/courses/mres-sport-and-exercise/
C_WIN077_RES_03,UK077,EDUCATION,MRes Education,MRes,2026,September,1 Year,King Alfred Campus,2.1 Honors degree; IELTS 6.5,Specialist training for educational researchers focusing on pedagogy and social justice.,"Educational Research Design, Ethics in Education, Thesis",www.winchester.ac.uk/study/postgraduate/courses/mres-education/
C_WOR078_RES_01,UK078,BIOLOGY,MRes Biology,MRes,2026,September,1 Year,St John's Campus,2.1 Honors degree; IELTS 6.5; Research Proposal,"Specialist research training in ecology, plant science, or biomedical sciences within the School of Science and the Environment.","Research Methods in Science, Advanced Laboratory Techniques, Thesis",www.worcester.ac.uk/courses/biology-mres
C_WOR078_RES_02,UK078,SPORT,MRes Sport and Exercise Science,MRes,2026,September,1 Year,St John's Campus,2.1 Honors degree in Sport Science; IELTS 6.5,"Advanced research training in biomechanics, sports psychology, or physiology using world-class facilities.","Research Design in Sport, Advanced Data Analysis, Research Project",www.worcester.ac.uk/courses/sport-and-exercise-science-mres
C_WOR078_RES_03,UK078,HUMANITIES,MRes Humanities,MRes,2026,September,1 Year,City Campus,2.1 Honors degree; IELTS 6.5,"Independent research project in History, English, or Media, supported by specialized methodological training.","Research Methods in the Humanities, Critical Theory, Dissertation",www.worcester.ac.uk/courses/humanities-mres
C_UCB079_RES_01,UK079,SPORT,MRes Sport and Exercise Science,MRes,2026,September,1 Year,Moss House Campus,2.1 Honors degree in Sport Science; IELTS 6.0,"Advanced research training in strength and conditioning, sports nutrition, or physiology.","Research Methods, Advanced Data Analysis, Research Project",www.ucb.ac.uk/courses/postgraduate/sport-and-exercise-science-mres/
C_UCB079_RES_02,UK079,HEALTH,MRes Health and Social Care,MRes,2026,September,1 Year,Moss House Campus,2.1 Honors degree; IELTS 6.0,Specialist research preparation for clinical leadership or doctoral study in health services.,"Evidence-Based Practice, Research Design, Dissertation",www.ucb.ac.uk/courses/postgraduate/health-and-social-care-mres/
C_UCL080_RES_01,UK080,ARCHITECTURE,MRes Architecture and Digital Theory,MRes,2026,September,1 Year,Bartlett School,2.1 Honors degree; IELTS 7.5,"Research into the history, theory and criticism of digital design and fabrication.","Computational Synthesis, Critical Theory, Thesis",www.ucl.ac.uk/bartlett/architecture/mres-architecture-and-digital-theory
C_UCL080_RES_02,UK080,BIOLOGY,"MRes Biodiversity, Evolution and Conservation",MRes,2026,September,1 Year,Bloomsbury Campus,2.1 Honors degree in Biology; IELTS 7.5,Specialist training in evolutionary genetics and conservation biology in partnership with NHM and ZSL.,"Evolutionary Analysis, Conservation Research, Dissertation",www.ucl.ac.uk/biosciences/mres-biodiversity-evolution-and-conservation
C_UCL080_RES_03,UK080,BIOMEDICAL_SCIENCE,MRes Biomedicine,MRes,2026,September,1 Year,Bloomsbury Campus,2.1 Honors degree in Life Sciences; IELTS 7.5,Research-intensive foundation in molecular and cellular mechanisms of disease.,"Research Techniques, Lab Rotations, Dissertation",www.ucl.ac.uk/biosciences/mres-biomedicine
C_UCL080_RES_04,UK080,COMPUTER_SCIENCE,MRes Computer Science,MRes,2026,September,1 Year,Bloomsbury Campus,First Class Honors in CS; IELTS 7.5,"Pre-doctoral training for high-calibre students in AI, systems, or graphics.","Advanced Research Topics, Literature Review, Thesis",www.ucl.ac.uk/computer-science/mres-computer-science
C_UCL080_RES_05,UK080,MANAGEMENT,MRes Management,MRes,2026,September,1 Year,Canary Wharf,First Class Honors; GRE/GMAT; IELTS 7.5,The first year of the MRes/PhD programme focusing on organizational behavior and strategy.,"Quantitative Methods, Microeconomics, Research Seminar, Thesis",www.mgmt.ucl.ac.uk/mres-phd-management
C_UCL080_RES_06,UK080,SOCIAL_SCIENCE,MRes Social Research,MRes,2026,September,1 Year,Bloomsbury Campus,2.1 Honors degree; IELTS 7.5,ESRC-recognised training in advanced qualitative and quantitative social research methods.,"Statistical Analysis, Qualitative Research, Research Design, Thesis",www.ucl.ac.uk/social-science/mres-social-research
C_UCA081_RES_01,UK081,CREATIVE_ARTS,MRes Creative Arts,MRes,2026,September,1 Year,Farnham Campus,2.1 Honors degree; Portfolio/Research Proposal; IELTS 6.0,"A practice-led or theoretical research degree tailored to fine art, photography, or film studies.","Research Methods, Critical Theory in the Arts, Major Research Project",www.uca.ac.uk/study/courses/mres-creative-arts/
C_UCA081_RES_02,UK081,FASHION,MRes Fashion and Textiles,MRes,2026,September,1 Year,Epsom Campus,2.1 Honors degree in Fashion/Textiles; Portfolio; IELTS 6.0,"Specialist research training focusing on sustainable fashion, material innovation, or heritage textiles.","Material Culture Research, Design Methodologies, Dissertation",www.uca.ac.uk/study/courses/mres-fashion-textiles/
C_ABD082_RES_01,UK082,MEDICINE,MRes Health Sciences Research,MRes,2026,September,1 Year,Old Aberdeen Campus,2.1 Honors degree; IELTS 6.5 (min 6.0),"Research-intensive training in population health, nutrition, and clinical research methodologies.","Research Methods, Epidemiology, Statistics, Dissertation",www.abdn.ac.uk/study/postgraduate-taught/degree-programmes/1122/health-sciences-research/
C_ABD082_RES_02,UK082,SOCIAL_SCIENCE,MRes Social Research,MRes,2026,September,1 Year,Old Aberdeen Campus,2.1 Honors degree; IELTS 6.5,ESRC-recognized training in advanced qualitative and quantitative social science research.,"Social Theory, Quantitative Methods, Qualitative Methods, Dissertation",www.abdn.ac.uk/study/postgraduate-taught/degree-programmes/1041/social-research/
C_ABD082_RES_03,UK082,PSYCHOLOGY,MRes Psychology,MRes,2026,September,1 Year,Old Aberdeen Campus,2.1 Honors degree in Psychology; IELTS 6.5,Foundation for doctoral study focusing on experimental psychology and cognitive neuroscience.,"Advanced Statistics, Psychological Research Methods, Thesis",www.abdn.ac.uk/study/postgraduate-taught/degree-programmes/1123/psychology-mres/
C_BAT083_RES_01,UK083,SOCIAL_SCIENCE,MRes Social Research,MRes,2026,September,1 Year,Claverton Down,2.1 Honors degree; IELTS 7.0 (min 6.5),ESRC-accredited training for students intending to progress to a PhD in social sciences.,"Principles of Research Design, Qualitative Methods, Quantitative Methods, Dissertation",www.bath.ac.uk/courses/postgraduate-2026/mres-social-research/
C_BAT083_RES_02,UK083,PSYCHOLOGY,MRes Psychology,MRes,2026,September,1 Year,Claverton Down,2.1 Honors degree in Psychology; IELTS 7.0,Provides research-specific training for doctoral-level psychology studies.,"Advanced Statistics, Psychological Research Methods, Dissertation",www.bath.ac.uk/courses/postgraduate-2026/mres-psychology/
C_BAT083_RES_03,UK083,ECONOMICS,MRes Economics,MRes,2026,September,1 Year,Claverton Down,First Class Honors in Economics; IELTS 7.0,Highly quantitative program designed for students targeting PhD research in economics.,"Microeconomic Theory, Macroeconomic Theory, Econometrics, Thesis",www.bath.ac.uk/courses/postgraduate-2026/mres-economics/
C_BED084_RES_01,UK084,BUSINESS,Masters by Research (MRes) Business and Management,MRes,2026,September,1 Year,Luton Campus,2.1 Honors degree; Research Proposal; IELTS 6.0,Specialist research degree providing a pathway to PhD study in management and leadership.,"Research Philosophies, Methodologies, Thesis",www.beds.ac.uk/howtoapply/courses/postgraduate/research/
C_BED084_RES_02,UK084,SCIENCE,Masters by Research (MRes) Applied Sciences,MRes,2026,September,1 Year,Luton Campus,2.1 Honors degree in Science; IELTS 6.0,"Laboratory-based research training in biotechnology, forensic science, or environmental chemistry.","Laboratory Techniques, Data Analysis, Thesis",www.beds.ac.uk/howtoapply/courses/postgraduate/research/
C_BED084_RES_03,UK084,HEALTH,Masters by Research (MRes) Health and Social Care,MRes,2026,September,1 Year,Luton Campus,2.1 Honors degree; IELTS 6.0,"Focused research investigation into public health, nursing practices, or social policy.","Evidence-Based Research, Ethics, Thesis",www.beds.ac.uk/howtoapply/courses/postgraduate/research/
C_BIR085_RES_01,UK085,SOCIAL_SCIENCE,MRes Social Research,MRes,2026,September,1 Year,Edgbaston Campus,2.1 Honors degree; IELTS 6.5 (min 6.0),ESRC-recognised training providing a robust foundation for PhD study across social sciences.,"Research Design, Social Theory, Quantitative Methods, Qualitative Methods, Dissertation",www.birmingham.ac.uk/postgraduate/courses/taught/social-policy/social-research.aspx
C_BIR085_RES_02,UK085,CANCER_SCIENCES,MRes Cancer Sciences,MRes,2026,September,1 Year,Medical School,2.1 Honors degree in Life Sciences; IELTS 6.5,"A research-intensive programme focused on molecular biology, drug discovery, and translational oncology.","Research Methods, Cancer Biology, Lab Rotations, Dissertation",www.birmingham.ac.uk/postgraduate/courses/taught/cancer-genomics/cancer-sciences.aspx
C_BIR085_RES_03,UK085,HUMANITIES,MRes Sexuality and Gender Studies,MRes,2026,September,1 Year,Edgbaston Campus,2.1 Honors degree in Humanities/Social Science; IELTS 6.5,"Interdisciplinary research training exploring the historical, cultural, and political dimensions of gender.","Critical Theory, Research Methods in Humanities, Thesis",www.birmingham.ac.uk/postgraduate/courses/taught/sexuality-gender/sexuality-gender-mres.aspx
C_BIR085_RES_04,UK085,PSYCHOLOGY,MRes Psychology,MRes,2026,September,1 Year,Edgbaston Campus,2.1 Honors degree in Psychology; IELTS 6.5,"Specialist preparation for doctoral research in cognitive, behavioral, or experimental psychology.","Advanced Statistics, Psychological Research Methods, Dissertation",www.birmingham.ac.uk/postgraduate/courses/taught/psychology/psychology-mres.aspx
C_BRA086_RES_01,UK086,BIOLOGY,MRes Cancer Drug Discovery,MRes,2026,September,1 Year,City Campus,2.1 Honors degree in Life Sciences; IELTS 6.0,Laboratory-based research training focused on the design and development of novel cancer therapeutics.,"Principles of Drug Discovery, Advanced Laboratory Skills, Research Project",www.bradford.ac.uk/courses/pg/cancer-drug-discovery-mres/
C_BRA086_RES_02,UK086,PHARMACY,MRes Pharmaceutical Sciences,MRes,2026,September,1 Year,City Campus,2.1 Honors degree in Pharmacy or Chemistry; IELTS 6.0,"Advanced training in drug delivery systems, pharmacology, and pharmaceutical analysis.","Pharmaceutical Techniques, Research Methodologies, Dissertation",www.bradford.ac.uk/courses/pg/pharmaceutical-sciences-mres/
C_BRA086_RES_03,UK086,SOCIAL_SCIENCE,MRes Social Sciences,MRes,2026,September,1 Year,City Campus,2.1 Honors degree; IELTS 6.0,"Interdisciplinary research training in sociology, psychology, or peace studies for doctoral preparation.","Quantitative Methods, Qualitative Research Design, Ethics, Thesis",www.bradford.ac.uk/courses/pg/social-sciences-mres/
C_BRI088_RES_01,UK088,BIOLOGY,MRes Biological Sciences,MRes,2026,September,1 Year,Moulsecoomb Campus,2.1 Honors degree; IELTS 6.5 (min 6.0),"Research-intensive training in molecular biology, genomics, and ecology.","Research Methods, Advanced Laboratory Skills, Dissertation",www.brighton.ac.uk/courses/study/biological-sciences-mres.aspx
C_BRI088_RES_02,UK088,CHEMISTRY,MRes Chemistry,MRes,2026,September,1 Year,Moulsecoomb Campus,2.1 Honors degree in Chemistry; IELTS 6.5,"Advanced research-based study in organic, inorganic, or physical chemistry.","Laboratory Techniques, Research Project Management, Thesis",www.brighton.ac.uk/courses/study/chemistry-mres.aspx
C_BRI088_RES_03,UK088,ECOLOGY,MRes Ecology,MRes,2026,September,1 Year,Moulsecoomb Campus,2.1 Honors degree; IELTS 6.5,"Field-based research training focused on biodiversity, conservation, and ecosystem management.","Field Research Methods, Data Analysis for Ecologists, Dissertation",www.brighton.ac.uk/courses/study/ecology-mres.aspx
C_BRI088_RES_04,UK088,HUMANITIES,MRes Humanities and Social Science,MRes,2026,September,1 Year,Falmer Campus,2.1 Honors degree; IELTS 6.5,"Interdisciplinary research training in history, politics, or sociology for doctoral preparation.","Critical Theory, Qualitative Research Methods, Dissertation",www.brighton.ac.uk/courses/study/humanities-and-social-science-mres.aspx
C_BRS089_RES_01,UK089,ECONOMICS,MRes Economics,MRes,2026,September,1 Year,Priory Road Complex,First Class Honors in Economics; IELTS 7.0 (min 6.5),A highly quantitative research-focused degree designed for students intending to progress to a PhD in Economics.,"Advanced Microeconomics, Advanced Macroeconomics, Econometrics, Dissertation",www.bristol.ac.uk/study/postgraduate/2026/ssl/mres-economics/
C_BRS089_RES_02,UK089,SOCIAL_SCIENCE,MRes Health and Wellbeing,MRes,2026,September,1 Year,Priory Road Complex,2.1 Honors degree; IELTS 7.0 (min 6.5),"Interdisciplinary research training in health-related social sciences, accredited by the ESRC.","Social Science Research Methods, Philosophy of Social Science, Dissertation",www.bristol.ac.uk/study/postgraduate/2026/ssl/mres-health-and-wellbeing/
C_BRS089_RES_03,UK089,POLITICS,MRes Global Political Economy,MRes,2026,September,1 Year,Priory Road Complex,2.1 Honors degree in Politics/International Relations; IELTS 7.0,Advanced research training focused on the interaction between global politics and economic markets.,"Global Political Economy, Research Methods in Politics, Thesis",www.bristol.ac.uk/study/postgraduate/2026/ssl/mres-global-political-economy/
C_BRS089_RES_04,UK089,BIOLOGY,MRes Sustainable Futures,MRes,2026,September,1 Year,Life Sciences Building,2.1 Honors degree; IELTS 7.0,"Interdisciplinary research into environmental sustainability, social justice, and ecological management.","Research Design, Environmental Governance, Sustainable Systems, Thesis",www.bristol.ac.uk/study/postgraduate/2026/ssl/mres-sustainable-futures/
C_CAM090_RES_01,UK090,BIOLOGY,MRes Biological Science (Stem Cell Biology),MRes,2026,October,1 Year,Cambridge Campus,1st Class Honors; IELTS 7.5; Research Proposal,Elite research training within the Wellcome-MRC Cambridge Stem Cell Institute.,"Research Rotations, Critical Appraisal, Thesis",www.postgraduate.study.cam.ac.uk/courses/directory/blscmrscb
C_CAM090_RES_02,UK090,PHYSICS,MRes Nanoscience and Nanotechnology,MRes,2026,October,1 Year,Cavendish Laboratory,1st Class Honors in Physics/Engineering; IELTS 7.5,Interdisciplinary research foundation in nanoscale science and device fabrication.,"Nano-characterisation, Physics of Nanostructures, Dissertation",www.postgraduate.study.cam.ac.uk/courses/directory/pcpnmrpnn
C_CAM090_RES_03,UK090,MEDICINE,MRes Medical Science (CIMR),MRes,2026,October,1 Year,Addenbrooke's Hospital,1st Class Honors; IELTS 7.5,Research-led study at the Cambridge Institute for Medical Research focusing on molecular mechanisms.,"Laboratory Rotations, Technical Skills, Research Thesis",www.postgraduate.study.cam.ac.uk/courses/directory/cvmdmrmsc
C_CAM090_RES_04,UK090,SOCIAL_SCIENCE,MRes Social Anthropology,MRes,2026,October,1 Year,Cambridge Campus,1st Class Honors; IELTS 7.5,Specialist pre-doctoral training in ethnographic methods and anthropological theory.,"Ethnographic Methods, Statistical Analysis, Thesis",www.postgraduate.study.cam.ac.uk/courses/directory/asasmrsan
C_CAM090_RES_05,UK090,MANAGEMENT,MRes Management Studies,MRes,2026,October,1 Year,Judge Business School,1st Class Honors; GMAT/GRE; IELTS 7.5,"The foundation year for the PhD in Management, focusing on organizational analysis.","Quantitative Methods, Microeconomics, Dissertation",www.postgraduate.study.cam.ac.uk/courses/directory/mgjbmrman
C_CHE091_RES_01,UK091,BIOLOGY,MRes Biological Sciences,MRes,2026,September,1 Year,Parkgate Road Campus,2.1 Honors degree in Biology; IELTS 6.5,"Specialist research training in genetics, microbiology, or animal behavior within the School of Science.","Research Methods in Science, Advanced Laboratory Techniques, Dissertation",www.chester.ac.uk/postgraduate/biological-sciences-mres/
C_CHE091_RES_02,UK091,PSYCHOLOGY,MRes Psychology,MRes,2026,September,1 Year,Parkgate Road Campus,2.1 Honors degree in Psychology; IELTS 6.5,Foundation for PhD study focusing on experimental psychology and advanced quantitative analysis.,"Advanced Statistics, Psychological Research Methods, Thesis",www.chester.ac.uk/postgraduate/psychology-mres/
C_CHE091_RES_03,UK091,SPORT,MRes Sport and Exercise Sciences,MRes,2026,September,1 Year,Parkgate Road Campus,2.1 Honors degree in Sport Science; IELTS 6.5,"Focused research training in biomechanics, physiology, or sports psychology.","Advanced Research Design, Performance Analysis, Thesis",www.chester.ac.uk/postgraduate/sport-and-exercise-sciences-mres/
C_CHE091_RES_04,UK091,SOCIAL_SCIENCE,MRes Social Science,MRes,2026,September,1 Year,Parkgate Road Campus,2.1 Honors degree; IELTS 6.5,"Interdisciplinary research training in sociology, politics, or criminology for doctoral preparation.","Qualitative Methods, Quantitative Analysis, Social Theory, Dissertation",www.chester.ac.uk/postgraduate/social-science-mres/
C_CHI093_RES_01,UK093,HUMANITIES,MRes Humanities,MRes,2026,September,1 Year,Bishop Otter Campus,2.1 Honors degree; Research Proposal; IELTS 6.5,"Advanced research-based study in History, English, or Theology with a focus on primary source analysis.","Research Methods in Humanities, Critical Theory, Dissertation",www.chi.ac.uk/humanities/mres/
C_CHI093_RES_02,UK093,SPORT,MRes Sport and Exercise Science,MRes,2026,September,1 Year,Bishop Otter Campus,2.1 Honors degree in Sport Science; IELTS 6.5,"Specialist research training in biomechanics, sports psychology, or physiology.","Advanced Research Design, Laboratory Techniques, Research Project",www.chi.ac.uk/sport/mres/
C_CHI093_RES_03,UK093,EDUCATION,MRes Education,MRes,2026,September,1 Year,Bishop Otter Campus,2.1 Honors degree; IELTS 6.5,Designed for educational practitioners to conduct high-level pedagogical or policy research.,"Educational Research Methods, Ethics, Dissertation",www.chi.ac.uk/education/mres/
C_CUM094_RES_01,UK094,HEALTH,MRes Health and Wellbeing,MRes,2026,September,1 Year,Fusehill Street Campus,2.1 Honors degree; IELTS 6.5,Advanced research training for health professionals focusing on evidence-based practice and clinical leadership.,"Research Methods, Ethics in Health, Systematic Reviews, Dissertation",www.cumbria.ac.uk/study/courses/postgraduate/mres-health-and-wellbeing/
C_CUM094_RES_02,UK094,SOCIAL_SCIENCE,MRes Social Science,MRes,2026,September,1 Year,Lancaster Campus,2.1 Honors degree; IELTS 6.5,Interdisciplinary research training providing a foundation for doctoral study in sociology or social policy.,"Qualitative & Quantitative Methods, Social Theory, Research Project",www.cumbria.ac.uk/study/courses/postgraduate/mres-social-science/
C_DER095_RES_01,UK095,SOCIAL_SCIENCE,MRes Social Sciences and Humanities,MRes,2026,September,1 Year,Kedleston Road Campus,2.1 Honors degree; Research Proposal; IELTS 6.5,A research-led programme providing advanced training in qualitative and quantitative methodologies.,"Research Methods, Advanced Critical Theory, Dissertation",www.derby.ac.uk/postgraduate/social-sciences-courses/social-sciences-humanities-mres/
C_DER095_RES_02,UK095,SPORT,MRes Sport and Exercise,MRes,2026,September,1 Year,Kedleston Road Campus,2.1 Honors degree in Sport Science; IELTS 6.5,"Focused research training in biomechanics, physiology, or sports psychology.","Advanced Research Design, Performance Analysis, Research Thesis",www.derby.ac.uk/postgraduate/sport-exercise-courses/sport-exercise-mres/
C_DUN096_RES_01,UK096,HUMANITIES,MRes Humanities,MRes,2026,September,1 Year,City Campus,2.1 Honors degree; IELTS 6.5,"Research-focused program offering pathways in History, English, or Philosophy.","Research Methods in Humanities, Archive Skills, Dissertation",www.dundee.ac.uk/postgraduate/humanities-mres
C_DUR097_RES_01,UK097,SOCIAL_SCIENCE,MRes Social Research,MRes,2026,September,1 Year,Durham City,2.1 Honors degree; IELTS 7.0,"ESRC-accredited training for doctoral preparation in sociology, politics, or education.","Philosophy of Social Science, Quantitative Methods, Qualitative Methods, Dissertation",www.durham.ac.uk/study/postgraduate/mres-social-research/
C_DUR097_RES_02,UK097,ANTHROPOLOGY,MRes Anthropology,MRes,2026,September,1 Year,Durham City,2.1 Honors degree; IELTS 7.0,Advanced training in biological or evolutionary anthropology research.,"Anthropological Theory, Research Design, Statistics, Thesis",www.durham.ac.uk/study/postgraduate/mres-anthropology/
C_UEA098_RES_01,UK098,SOCIAL_SCIENCE,MRes Social Science Research Methods,MRes,2026,September,1 Year,Norwich Campus,2.1 Honors degree; IELTS 6.5,"Specialist training in social research, ideal for ESRC-funded PhD pathways.","Research Design, Qualitative Methods, Quantitative Analysis, Dissertation",www.uea.ac.uk/course/postgraduate/mres-social-science-research-methods
C_UEL099_RES_01,UK099,PSYCHOLOGY,MRes Psychology,MRes,2026,September,1 Year,Stratford Campus,2.1 Honors degree in Psychology; IELTS 6.0,Focused research training in psychological science for doctoral entry.,"Advanced Research Methods, Statistical Analysis, Research Project",www.uel.ac.uk/postgraduate/courses/mres-psychology
C_EDI100_RES_01,UK100,SOCIAL_SCIENCE,MRes Social and Political Science,MRes,2026,September,1 Year,Central Campus,2.1 Honors degree; IELTS 7.0,"Foundational research training across sociology, politics, and social policy.","Research Design, Social Theory, Qualitative Methods, Thesis",www.ed.ac.uk/studying/postgraduate/degrees/index.php?r=site/view&edition=2026&id=862
C_EDI100_RES_02,UK100,ECONOMICS,MRes Economics,MRes,2026,September,1 Year,Central Campus,First Class Honors in Economics; IELTS 7.0,Advanced quantitative research training for PhD candidates in Economics.,"Advanced Microeconomics, Advanced Macroeconomics, Econometrics, Thesis",www.ed.ac.uk/studying/postgraduate/degrees/index.php?r=site/view&edition=2026&id=927
C_ESS101_RES_01,UK101,BUSINESS,MRes Business and Management,MRes,2026,September,1 Year,Colchester Campus,2.1 Honors degree; IELTS 6.5,Doctoral-level research training in organizational behavior and strategy.,"Quantitative Methods, Qualitative Analysis, Research Design, Thesis",www.essex.ac.uk/courses/pg01234/1/mres-business-and-management
C_EXE102_RES_01,UK102,SOCIAL_SCIENCE,MRes Social Research,MRes,2026,September,1 Year,Streatham Campus,2.1 Honors degree; IELTS 6.5,Advanced methodological training across social science disciplines for PhD preparation.,"Social Theory, Quantitative Methods, Research Design, Dissertation",www.exeter.ac.uk/postgraduate/courses/socialresearch/social-research-mres/
C_GLA103_RES_01,UK103,SOCIAL_SCIENCE,MRes Socio-Legal Studies,MRes,2026,September,1 Year,Gilmorehill Campus,2.1 Honors degree; IELTS 7.0,Interdisciplinary research training exploring the intersection of law and society.,"Legal Research Methods, Social Theory, Qualitative Analysis, Dissertation",www.gla.ac.uk/postgraduate/taught/socio-legalstudies/
C_GLA103_RES_02,UK103,MEDICINE,MRes Biomedical Sciences,MRes,2026,September,1 Year,Gilmorehill Campus,2.1 Honors degree in Life Sciences; IELTS 6.5,Research-intensive program focusing on molecular genetics and disease mechanisms.,"Research Methods, Lab Rotations, Thesis",www.gla.ac.uk/postgraduate/taught/biomedicalsciences/
C_GLO104_RES_01,UK104,CREATIVE_ARTS,MRes Creative Arts,MRes,2026,September,1 Year,Cheltenham Campus,2.1 Honors degree; Portfolio; IELTS 6.0,"Specialist practice-based research in film, media, or fine art.","Research Methods, Critical Theory, Thesis",www.glos.ac.uk/courses/postgraduate/creative-arts-mres/
C_GRE106_RES_01,UK106,SCIENCE,MRes Science (Natural Resources),MRes,2026,September,1 Year,Medway Campus,2.1 Honors degree; IELTS 6.5,Research training at the Natural Resources Institute focused on agriculture and environment.,"Research Methods, Technical Skills, Dissertation",www.gre.ac.uk/postgraduate-courses/ach/mres-science
C_HER107_RES_01,UK107,BIOLOGY,MRes Biological Science,MRes,2026,September,1 Year,College Lane Campus,2.1 Honors degree in Biology; IELTS 6.5,"Laboratory-based research focusing on molecular biology, microbiology, or pharmacology.","Advanced Research Methods, Laboratory Techniques, Thesis",www.herts.ac.uk/courses/postgraduate-masters/mres-biological-science
C_HUD108_RES_01,UK108,MUSIC,MRes Music,MRes,2026,September,1 Year,Queensgate Campus,2.1 Honors degree; Portfolio; IELTS 6.5,"Advanced research-based study in composition, musicology, or music technology.","Music Research Methods, Literature Review, Dissertation",www.hud.ac.uk/postgraduate/research/music-mres/
C_HUL109_RES_01,UK109,BIOLOGY,MRes Biological Science,MRes,2026,September,1 Year,Hull Campus,2.1 Honors degree in Science; IELTS 6.0,"Laboratory or field-based research in ecology, biotechnology, or microbiology.","Research Methods in Science, Technical Skills, Dissertation",www.hull.ac.uk/study/postgraduate/research/biological-sciences-mres
C_KEN110_RES_01,UK110,SOCIAL_SCIENCE,MRes Social Research,MRes,2026,September,1 Year,Canterbury Campus,2.1 Honors degree; IELTS 6.5,ESRC-recognised foundation for doctoral study in social and community research.,"Quantitative Methods, Qualitative Methods, Research Ethics, Dissertation",www.kent.ac.uk/courses/postgraduate/social-research-mres
C_LNC111_RES_01,UK111,BIOLOGY,MRes Biological Sciences,MRes,2026,September,1 Year,Preston Campus,2.1 Honors degree; IELTS 6.5,"Laboratory-based research training in molecular biology, biochemistry, or microbiology.","Research Methods, Advanced Laboratory Techniques, Dissertation",www.uclan.ac.uk/postgraduate/courses/biological-sciences-mres
C_LNC111_RES_02,UK111,PSYCHOLOGY,MRes Psychology,MRes,2026,September,1 Year,Preston Campus,2.1 Honors degree in Psychology; IELTS 6.5,Focused research training in psychological science for professional or doctoral entry.,"Advanced Research Design, Statistical Analysis, Research Project",www.uclan.ac.uk/postgraduate/courses/psychology-mres
C_LNC111_RES_03,UK111,HEALTH,MRes Health and Wellbeing,MRes,2026,September,1 Year,Preston Campus,2.1 Honors degree; IELTS 6.5,Designed for practitioners to lead clinical research within health and social care settings.,"Evidence-Based Practice, Research Governance, Systematic Reviews, Thesis",www.uclan.ac.uk/postgraduate/courses/health-and-wellbeing-mres
C_LEE112_RES_01,UK112,SOCIAL_SCIENCE,MRes Social Research,MRes,2026,September,1 Year,Main Campus,2.1 Honors degree; IELTS 6.5 (min 6.0),ESRC-accredited research training providing a foundation for PhD study across social sciences.,"Philosophy of Social Science, Quantitative Methods, Qualitative Methods, Dissertation",www.leeds.ac.uk/courses/mres-social-research/
C_LEE112_RES_02,UK112,MEDICINE,MRes Medicine,MRes,2026,September,1 Year,Medical School,2.1 Honors degree in life sciences; IELTS 7.0,Research-intensive program focusing on clinical and translational medical sciences.,"Research Methods in Medicine, Advanced Lab Skills, Literature Review, Research Project",www.leeds.ac.uk/courses/medicine-mres/
C_LEE112_RES_03,UK112,BIOLOGY,MRes Plant Science and Biotechnology,MRes,2026,September,1 Year,Main Campus,2.1 Honors degree in Biology; IELTS 6.5,"Advanced research training in plant genetics, sustainable agriculture, and crop science.","Plant Biotechnology, Research Techniques, Laboratory Rotations, Thesis",www.leeds.ac.uk/courses/plant-science-biotechnology-mres/
C_LEI113_RES_01,UK113,SOCIAL_SCIENCE,MRes Social Science Research,MRes,2026,September,1 Year,Main Campus,2.1 Honors degree; IELTS 6.5,"Specialist research training in sociology, politics, and media studies for doctoral preparation.","Quantitative Analysis, Qualitative Methods, Social Theory, Dissertation",le.ac.uk/courses/social-science-research-mres/
C_LEI113_RES_02,UK113,BIOLOGY,MRes Biological Sciences,MRes,2026,September,1 Year,Main Campus,2.1 Honors degree in Biology; IELTS 6.5,"Advanced research-based study in molecular genetics, ecology, or microbiology.","Research Methods, Advanced Lab Techniques, Dissertation",le.ac.uk/courses/biological-sciences-mres/
C_LIN114_RES_01,UK114,BUSINESS,MRes Business and Management,MRes,2026,September,1 Year,Brayford Pool Campus,2.1 Honors degree; IELTS 6.5,Advanced training for a research career in industry or for progression to PhD study.,"Research Philosophies, Methodologies, Qualitative and Quantitative Analysis, Thesis",www.lincoln.ac.uk/course/businessandmanagementmres/
C_LIN114_RES_02,UK114,SPORT,MRes Sport and Exercise Science,MRes,2026,September,1 Year,Brayford Pool Campus,2.1 Honors degree in Sport Science; IELTS 6.5,"Specialist research training in biomechanics, sports psychology, or performance physiology.","Advanced Research Design, Technical Laboratory Skills, Research Project",www.lincoln.ac.uk/course/sportandexercisesciencemres/
C_LIV115_RES_01,UK115,SOCIAL_SCIENCE,MRes Social Research,MRes,2026,September,1 Year,Main Campus,2.1 Honors degree; IELTS 6.5,ESRC-recognised training program providing a foundation for research in sociology and social policy.,"Research Design, Social Theory, Qualitative Methods, Dissertation",www.liverpool.ac.uk/courses/mres-social-research/
C_LIV115_RES_02,UK115,BIOLOGY,MRes Biomedical Sciences and Translational Medicine,MRes,2026,September,1 Year,Main Campus,2.1 Honors degree in Life Sciences; IELTS 6.5,"Laboratory-based research training focused on genetics, cellular biology, or clinical medicine.","Technical Research Skills, Lab Rotations, Research Project",www.liverpool.ac.uk/courses/mres-biomedical-sciences/
C_MAN117_RES_01,UK117,MANAGEMENT,MRes Management,MRes,2026,September,1 Year,Oxford Road,First Class Honors; GMAT/GRE; IELTS 7.0,"Foundational year for the PhD in Management, focusing on organizational analysis and quantitative research.","Quantitative Methods, Social Research Principles, Dissertation",www.manchester.ac.uk/study/masters/courses/list/02059/mres-management/
C_MAN117_RES_02,UK117,SOCIAL_SCIENCE,MRes Social Research,MRes,2026,September,1 Year,Oxford Road,2.1 Honors degree; IELTS 7.0,Advanced interdisciplinary research training accredited by the ESRC for doctoral entry.,"Philosophy of Social Science, Qualitative Methods, Quantitative Analysis, Dissertation",www.manchester.ac.uk/study/masters/courses/list/02060/mres-social-research/
C_NOR118_RES_01,UK118,BUSINESS,MRes Business and Management,MRes,2026,September,1 Year,City Campus,2.1 Honors degree; IELTS 6.5,Advanced research skills training within a triple-accredited business school.,"Research Philosophies, Qualitative and Quantitative Analysis, Thesis",www.northumbria.ac.uk/study-at-northumbria/courses/business-and-management-mres/
C_NOR118_RES_02,UK118,SOCIAL_SCIENCE,MRes Social Science,MRes,2026,September,1 Year,City Campus,2.1 Honors degree; IELTS 6.5,Interdisciplinary research training focusing on contemporary social challenges.,"Social Theory, Qualitative Methods, Research Ethics, Dissertation",www.northumbria.ac.uk/study-at-northumbria/courses/social-science-mres/
C_NOT119_RES_01,UK119,AGRICULTURE,MRes Agricultural Sciences,MRes,2026,September,1 Year,Sutton Bonington,2.1 Honors degree; IELTS 6.5,"Research-led study in crop science, animal nutrition, or global food security.","Research Project Management, Field Methods, Advanced Lab Skills, Dissertation",www.nottingham.ac.uk/pgstudy/courses/biosciences/agricultural-sciences-mres.aspx
C_NOT119_RES_02,UK119,SOCIAL_SCIENCE,MRes Social Science Research Methods,MRes,2026,September,1 Year,University Park,2.1 Honors degree; IELTS 6.5,"Specialist training in social research, ideal for ESRC-funded PhD pathways.","Philosophy of Social Science, Qualitative Methods, Quantitative Analysis, Thesis",www.nottingham.ac.uk/pgstudy/courses/social-sciences/social-science-research-methods-mres.aspx
C_OXF120_RES_01,UK120,BIOLOGY,MRes Biomedical Sciences,MRes,2026,October,1 Year,Medical Sciences Division,1st Class Honors; IELTS 7.5; Interview,"Intensive research training in oncology, neurosciences, or immunology.","Laboratory Rotations, Critical Appraisal, Advanced Techniques, Thesis",www.ox.ac.uk/admissions/graduate/courses/mres-biomedical-sciences
C_OXF120_RES_02,UK120,SOCIAL_SCIENCE,MRes Social Data Science,MRes,2026,October,1 Year,Oxford Internet Institute,1st Class Honors; IELTS 7.5,Research-focused training in the application of data science to social challenges.,"Statistical Programming, Machine Learning, Research Design, Dissertation",www.ox.ac.uk/admissions/graduate/courses/mres-social-data-science
C_PLY121_RES_01,UK121,MARINE_SCIENCE,MRes Marine Biology,MRes,2026,September,1 Year,Main Campus,2.1 Honors degree in Biology; IELTS 6.5,Advanced research training in marine ecology and conservation biology.,"Research Skills, Marine Laboratory Techniques, Dissertation",www.plymouth.ac.uk/courses/postgraduate/mres-marine-biology
C_POR122_RES_01,UK122,SCIENCE,MRes Science and Health,MRes,2026,September,1 Year,Main Campus,2.1 Honors degree; IELTS 6.5,"Specialist research training in biological sciences, geography, or psychology.","Research Methods, Advanced Data Analysis, Thesis",www.port.ac.uk/study/courses/mres-science-and-health
C_REA123_RES_01,UK123,AGRICULTURE,MRes Agricultural and Food Economics,MRes,2026,September,1 Year,Whiteknights Campus,2.1 Honors degree; IELTS 6.5,Research training focusing on global food security and agricultural policy.,"Economic Research Methods, Econometrics, Dissertation",www.reading.ac.uk/ready-to-study/study/2026/mres-agricultural-and-food-economics
C_USW124_RES_01,UK124,SCIENCE,MRes Science,MRes,2026,September,1 Year,Treforest Campus,2.1 Honors degree; IELTS 6.5,"Flexible research degree focused on biology, chemistry, or environmental science.","Research Methods, Technical Skills, Thesis",www.southwales.ac.uk/courses/mres-science
C_SOU125_RES_01,UK125,OCEANOGRAPHY,MRes Ocean Science,MRes,2026,September,1 Year,National Oceanography Centre,2.1 Honors degree in Science; IELTS 6.5,"Elite research training in physical oceanography, marine biology, or marine geoscience.","Oceanographic Methods, Field Techniques, Dissertation",www.southampton.ac.uk/courses/mres-ocean-science
C_STA126_RES_01,UK126,BIOLOGY,MRes Marine Mammal Science,MRes,2026,September,1 Year,St Andrews Campus,2.1 Honors degree in Biology/Environmental Science; IELTS 7.0,"World-leading research training in the biology, conservation, and acoustics of marine mammals.","Quantitative Methods, Biology of Marine Mammals, Research Project",www.st-andrews.ac.uk/subjects/marine-biology/marine-mammal-science-mres/
C_STA126_RES_02,UK126,SOCIAL_SCIENCE,MRes Social Anthropology,MRes,2026,September,1 Year,St Andrews Campus,2.1 Honors degree; IELTS 7.0,Specialist research training in ethnographic methods and anthropological theory for PhD preparation.,"Anthropological Theory, Ethnographic Methods, Research Design, Dissertation",www.st-andrews.ac.uk/subjects/anthropology/social-anthropology-mres/
C_STA126_RES_03,UK126,MEDICINE,MRes Medicine,MRes,2026,September,1 Year,North Haugh Campus,2.1 Honors degree in Life Sciences; IELTS 7.0,"A research-intensive foundation in molecular medicine, neuroscience, or infection and immunity.","Technical Research Skills, Laboratory Rotations, Thesis",www.st-andrews.ac.uk/subjects/medicine/medicine-mres/
C_MAR127_RES_01,UK127,SPORT,"MRes Sport, PE & Coaching",MRes,2026,September,1 Year,Derriford Road,2.1 Honors degree; IELTS 6.0; DBS check,Advanced research training in sports pedagogy and performance coaching.,"Research Methods, Data Analysis, Dissertation",www.marjon.ac.uk/courses/mres-sport-pe-coaching/
C_MAR127_RES_02,UK127,HEALTH,MRes Health & Wellbeing,MRes,2026,September,1 Year,Derriford Road,2.1 Honors degree; IELTS 6.0; DBS check,Specialist research preparation for healthcare practitioners and policy influencers.,"Evidence-Based Practice, Research Design, Thesis",www.marjon.ac.uk/courses/mres-health-wellbeing/
C_STA128_RES_01,UK128,SCIENCE,MRes Science,MRes,2026,September,1 Year,Stoke-on-Trent,2.1 Honors degree; IELTS 6.5,A flexible research degree allowing for specialization in forensics or psychology.,"Research Methods, Advanced Data Analysis, Thesis",www.staffs.ac.uk/course/science-mres
C_STI129_RES_01,UK129,HEALTH,MRes Health Research,MRes,2026,September,1 Year,Stirling Campus,2.1 Honors degree; IELTS 6.5,Interdisciplinary research training focusing on aging and population health.,"Quantitative Methods, Research Ethics, Dissertation",www.stir.ac.uk/courses/pg-taught/health-sciences/health-research/
C_STR130_RES_01,UK130,SCIENCE,MRes Physics,MRes,2026,September,1 Year,Glasgow Campus,2.1 Honors degree; IELTS 6.5,Research-intensive foundation in photonics and nanoscience.,"Research Skills, Technical Techniques, Dissertation",www.strath.ac.uk/courses/postgraduatetaught/physicsmres/
C_SUN132_RES_01,UK132,SCIENCE,MRes Applied Sciences,MRes,2026,September,1 Year,City Campus,2.1 Honors degree; IELTS 6.0,Specialist research training in drug discovery or environmental science.,"Research Methods, Technical Skills, Thesis",www.sunderland.ac.uk/study/pharmacy-pharmaceutical-and-cosmetic-sciences/mres-applied-sciences/
C_SUR133_RES_01,UK133,PSYCHOLOGY,MRes Psychology,MRes,2026,September,1 Year,Guildford Campus,2.1 Honors degree; IELTS 6.5,Pre-doctoral training focusing on cognitive and behavioral research.,"Advanced Statistics, Experimental Design, Dissertation",www.surrey.ac.uk/postgraduate/psychology-mres
C_SUS134_RES_01,UK134,SOCIAL_SCIENCE,MRes Social Research Methods,MRes,2026,September,1 Year,Falmer Campus,2.1 Honors degree; IELTS 6.5,ESRC-recognized training across sociology and international development.,"Research Design, Social Theory, Qualitative Methods, Dissertation",www.sussex.ac.uk/study/masters/courses/social-research-methods-mres
C_UAL135_RES_01,UK135,CREATIVE_ARTS,MRes Art,MRes,2026,September,1 Year,Central Saint Martins,2.1 Honors degree; Portfolio; IELTS 6.5,A research-led exploration of contemporary art practice and theory.,"Research Methodologies, Critical Contexts, Thesis",www.arts.ac.uk/subjects/fine-art/postgraduate/mres-art-csm
C_UHI136_RES_01,UK136,SCIENCE,MRes Creative Practice,MRes,2026,September,1 Year,Inverness Campus,2.1 Honors degree; IELTS 6.0,Practice-based research in the arts or environmental heritage.,"Research Methods, Creative Practice, Thesis",www.uhi.ac.uk/en/courses/mres-creative-practice/
C_UWE137_RES_01,UK137,SCIENCE,MRes Applied Sciences,MRes,2026,September,1 Year,Frenchay Campus,2.1 Honors degree; IELTS 6.5,Focused laboratory research in biology or biomedical science.,"Research Methods, Advanced Laboratory Techniques, Thesis",www.uwe.ac.uk/courses/mres-applied-sciences
C_ULS139_RES_01,UK139,MEDICINE,MRes Biomedical Sciences,MRes,2026,September,1 Year,Coleraine Campus,2.1 Honors degree; IELTS 6.0,Research-intensive program focusing on personalized medicine.,"Personalised Medicine, Research Design, Dissertation",www.ulster.ac.uk/courses/postgraduate-taught/biomedical-sciences-mres
C_WAR141_RES_01,UK141,SOCIAL_SCIENCE,MRes Social Research,MRes,2026,September,1 Year,Coventry Campus,2.1 Honors degree; IELTS 6.5,Advanced interdisciplinary research training accredited by the ESRC.,"Research Design, Social Theory, Qualitative Methods, Dissertation",warwick.ac.uk/study/postgraduate/courses/mres-social-research/
C_WES142_RES_01,UK142,SOCIAL_SCIENCE,MRes Social Sciences,MRes,2026,September,1 Year,Regent Street Campus,2.1 Honors degree; IELTS 6.5,"Interdisciplinary research training focusing on urban studies, politics, and sociology.","Research Methods, Social Theory, Dissertation",www.westminster.ac.uk/courses/postgraduate/mres-social-sciences
C_WES142_RES_02,UK142,BIOLOGY,MRes Life Sciences,MRes,2026,September,1 Year,Cavendish Campus,2.1 Honors degree in Biology; IELTS 6.5,"Laboratory-based research training in molecular biology, oncology, or nutrition.","Advanced Laboratory Skills, Research Design, Thesis",www.westminster.ac.uk/courses/postgraduate/mres-life-sciences
C_WOL143_RES_01,UK143,SCIENCE,MRes Science,MRes,2026,September,1 Year,City Campus,2.1 Honors degree; IELTS 6.5,"A research-intensive degree focused on biology, biomedical science, or chemistry.","Research Methods, Advanced Technical Skills, Thesis",www.wlv.ac.uk/courses/mres-science/
C_YOR144_RES_01,UK144,SOCIAL_SCIENCE,MRes Social Research,MRes,2026,September,1 Year,Heslington Campus,2.1 Honors degree; IELTS 6.5,ESRC-accredited training providing a foundation for research in sociology and social policy.,"Research Design, Social Theory, Qualitative Methods, Dissertation",www.york.ac.uk/study/postgraduate-taught/courses/mres-social-research/
C_YOR144_RES_02,UK144,PSYCHOLOGY,MRes Psychology,MRes,2026,September,1 Year,Heslington Campus,2.1 Honors degree in Psychology; IELTS 6.5,Specialist research preparation for doctoral study in experimental psychology.,"Advanced Statistics, Psychological Research Methods, Thesis",www.york.ac.uk/study/postgraduate-taught/courses/mres-psychology/
C_WRX145_RES_01,UK145,SCIENCE,MRes Science,MRes,2026,September,1 Year,Wrexham Campus,2.1 Honors degree; IELTS 6.0,"Flexible research degree focused on environmental science, engineering, or computing.","Research Methods, Technical Skills, Thesis",wrexham.ac.uk/courses/mres-science
C_YSJ146_RES_01,UK146,HUMANITIES,MRes Humanities,MRes,2026,September,1 Year,York Campus,2.1 Honors degree; Research Proposal; IELTS 6.0,Independent research project in History or Literature with expert supervision.,"Research Methods, Literature Review, Dissertation",www.yorksj.ac.uk/courses/postgraduate/humanities-mres/
