course_id,university_id,subject_code,title,level,start_year,start_month,duration_years,location,entry_requirements,overview,modules,course_url
"C_TCD001_RES_AH","IRL001","ARTS","M.Phil. (Research) - Arts & Humanities","MRes","2026","September","2 Years","Main Campus Dublin","2.1 Honors degree; Research Proposal (2000 words); IELTS 6.5","Independent research degree across Schools of Histories; Languages; and Creative Arts.","Research Methodology, Thesis","www.tcd.ie"
"C_TCD001_RES_SCI","IRL001","BIOLOGY","M.Sc. (Research) - Science & STEM","MRes","2026","September","2 Years","Main Campus Dublin","2.1 Honors degree; Research Proposal; Supervisor Support; IELTS 6.5","Research-focused Masters in Physics, Chemistry, and Natural Sciences.","Scientific Communication, Research Ethics, Thesis","www.tcd.ie"
"C_TCD001_RES_MED","IRL001","MEDICAL_SCIENCES","M.Sc. (Research) - Health Sciences","MRes","2026","September","2 Years","Main Campus Dublin","2.1 Honors degree; Research Proposal; IELTS 7.0","Specialized research within the School of Medicine or Dental Science.","Bioethics, Clinical Research Skills, Thesis","www.tcd.ie"
"C_TCD001_RES_REL","IRL001","THEOLOGY","M.Litt. (Research) - Religion","MRes","2026","September","2 Years","Main Campus Dublin","2.1 Honors degree; Research Proposal; IELTS 6.5","Specialized research degree for the School of Religion; Theology and Peace Studies.","Theological Research Methods, Thesis","www.tcd.ie"
"C_TCD001_RES_ENG","IRL001","ENGINEERING","M.Sc. (Research) - Engineering & Computer Science","MRes","2026","September","2 Years","Main Campus Dublin","2.1 Honors degree; Technical Research Proposal; IELTS 6.5","Advanced research in AI; Networks; and Sustainable Engineering Systems.","Advanced Research Methods, Thesis","www.tcd.ie"
"C_TCD001_RES_BUS","IRL001","BUSINESS","M.Sc. (Research) - Business Studies","MRes","2026","September","2 Years","Main Campus Dublin","2.1 Honors degree; Research Proposal; GMAT/GRE may be required; IELTS 7.0","Advanced research program focusing on Management, Finance, and Marketing at Trinity Business School.","Research Methods in Business, Thesis","www.tcd.ie"
"C_UCD002_RES_AG","IRL002","AGRICULTURE","MSc (Research) Agriculture and Food Science","MRes","2026","September","2 Years","Belfield Campus","2.1 Honors degree; Preliminary research proposal; Supervisor support; IELTS 6.5","Advanced research in sustainable food systems; animal science; and crop science.","Research Professional Development, Thesis","www.ucd.ie"
"C_UCD002_RES_ENG","IRL002","CIVIL_ENGINEERING","MEngSc (Research) Engineering","MRes","2026","September","2 Years","Belfield Campus","2.1 Honors degree in Engineering or related; Supervisor agreement; IELTS 6.5","Research covering Civil; Mechanical; Electrical; and Biosystems engineering.","Technical Writing, Research Ethics, Thesis","www.ucd.ie"
"C_UCD002_RES_BUS","IRL002","BUSINESS_MANAGEMENT","MPhil (Research) Business","MRes","2026","September","2 Years","Smurfit School","1.1 Honors degree; 2000-word Research Proposal; Two Academic References; IELTS 7.0","High-level specialized research in finance; marketing; or organizational behavior.","Quantitative Methods, Literature Review, Thesis","www.smurfitschool.ie"
"C_UCD002_RES_HUM","IRL002","HUMANITIES","MLitt (Research) Humanities","MRes","2026","September","2 Years","Belfield Campus","2.1 Honors degree; Research Proposal; IELTS 6.5","Specialized research degree for History; English; Drama; and Philosophy schools.","Humanities Research Skills, Thesis","www.ucd.ie"
"C_UCD002_RES_SCI","IRL002","SCIENCE","MSc (Research) Science","MRes","2026","September","2 Years","Belfield Campus","2.1 Honors degree; Supervisor agreement; IELTS 6.5","Independent research projects in Biology; Chemistry; Physics; and Mathematics.","Scientific Data Analysis, Research Seminars, Thesis","www.ucd.ie"
"C_UCD002_RES_MED","IRL002","HEALTH_SCIENCES","MSc (Research) Medicine & Health Sciences","MRes","2026","September","2 Years","Belfield Campus","2.1 Honors degree in health/science; Research Proposal; IELTS 7.0","Advanced laboratory or clinical research within the School of Medicine and Nursing.","Clinical Research Ethics, Data Analysis, Thesis","www.ucd.ie"
"C_UCC009_RES_01","IRL009","BIOCHEMISTRY","MRes Biochemistry and Biosciences","MRes","2026","September","1 Year","Main Campus Cork","2.1 Honors degree in Science; IELTS 6.5","Scientific; research-intensive course including three laboratory rotations.","Scientific Research Planning, Lab Rotations, Thesis","www.ucc.ie"
"C_UCC009_RES_02","IRL009","BIOLOGY","MRes Plant Biology","MRes","2026","September","1 Year","Main Campus Cork","2.1 Honors degree; IELTS 6.5","Focus on plant genetic engineering; sustainable food; and fungal biology.","Frontiers in Biology, Plant Genetics, Thesis","www.ucc.ie"
"C_UCC009_RES_03","IRL009","BIOENGINEERING","MRes Biochemistry and Cell Biology","MRes","2026","September","1 Year","Main Campus Cork","2.1 Honors degree in Biology or related; IELTS 6.5","Research in molecular microbial biotechnology and cell biology.","Molecular Techniques, Research Ethics, Thesis","www.ucc.ie"
"C_UCC009_RES_04","IRL009","ARTS","MRes Arts","MRes","2026","September","1 Year","Main Campus Cork","2.1 Honors degree; Research Proposal; IELTS 6.5","Research-led degree across 20+ disciplines including History and Philosophy.","Digital Skills, Research Methods, Thesis","www.ucc.ie"
"C_UCC009_RES_05","IRL009","SOCIAL_SCIENCE","MRes (Government and Public Policy)","MRes","2026","September","1 Year","Main Campus Cork","2.1 Honors degree; Research Proposal; IELTS 6.5","Specialized research training in Sociology; Politics; and Applied Social Studies.","Social Research Methods, Philosophy of Science, Thesis","www.ucc.ie"
"C_UCC009_RES_07","IRL009","GEOLOGY","MRes Geological Sciences","MRes","2026","September","1 Year","Main Campus Cork","2.1 Honors degree; IELTS 6.5","Research projects in environmental geology; geochemistry; and paleontology.","Research Methods, Analytical Techniques, Thesis","www.ucc.ie"
"C_UCC009_RES_08","IRL009","ENVIRONMENTAL_SCIENCE","MRes Sustainable Materials and the Environment","MRes","2026","September","1 Year","Main Campus Cork","2.1 Honors degree; IELTS 6.5","Focused research on materials for sustainability and environmental protection.","Green Chemistry, Material Science, Thesis","www.ucc.ie"
"C_UCC009_RES_09","IRL009","HEALTH_SCIENCES","MRes Health Professions Education","MRes","2026","September","1 Year","Main Campus Cork","2.1 Honors degree in Health; Access to teaching; IELTS 6.5","Research into educational practices and professional development in healthcare.","Advanced Research Methods, Thesis","www.ucc.ie"
"C_GAL011_RES_01","IRL011","MEDICAL_SCIENCES","MHSc (Research) Health Sciences","MRes","2026","September","2 Years","Galway Campus","2.1 Honors degree in Medicine/Health; Research Proposal; IELTS 6.5","Specialized research degree for healthcare professionals to lead clinical or laboratory investigations.","Research Ethics, Biostatistics for Researchers, Thesis","www.universityofgalway.ie"
"C_GAL011_RES_02","IRL011","MATHEMATICS","MSc (Research) Mathematics","MRes","2026","September","2 Years","Galway Campus","2.1 Honors degree in Math or related; Supervisor agreement; IELTS 6.5","Independent research in pure or applied mathematics; including numerical analysis.","Advanced Math Seminars, Research Skills, Thesis","www.universityofgalway.ie"
"C_GAL011_RES_03","IRL011","CLASSICS","MLitt (Research) Classics","MRes","2026","September","2 Years","Galway Campus","2.1 Honors degree; Research Proposal; IELTS 6.5","Focused research training in classical civilizations; Latin; and Ancient Greek languages.","Classics Research Methods, Paleography, Thesis","www.universityofgalway.ie"
"C_GAL011_RES_04","IRL011","BIOMEDICAL","MSc (Research) Regenerative Medicine","MRes","2026","September","2 Years","Galway Campus","2.1 Honors degree in Science/Engineering; Supervisor agreement; IELTS 6.5","Research-led degree focused on stem cell biology and gene therapy at REMEDI institute.","Cell Manufacturing, Ethics in Science, Thesis","www.universityofgalway.ie"
"C_GAL011_RES_05","IRL011","FILM_MEDIA","MPhil (Research) Film and Digital Media","MRes","2026","September","2 Years","Galway Campus","2.1 Honors degree; Portfolio/Research Proposal; IELTS 6.5","Practice-based or theoretical research in cinema; digital arts; and Irish media.","Media Research Methodologies, Thesis","www.universityofgalway.ie"
"C_GAL011_RES_06","IRL011","SOCIAL_SCIENCES","MSc (Research) Child, Youth and Family Studies","MRes","2026","September","2 Years","Galway Campus","2.1 Honors degree in Social Science or related; Research Proposal; IELTS 6.5","Advanced research-based study focusing on social policy and family dynamics at the UNESCO Child and Family Research Centre.","Social Research Methods, Children's Rights, Thesis","www.universityofgalway.ie"
"C_UL015_RES_01","IRL015","BIOLOGY","MSc (Research) Science & Engineering","MRes","2026","September","2 Years","Main Campus Limerick","2.1 Honors degree; Supervisor Support Form; Research Proposal; IELTS 6.5","Independent research projects in biological sciences; chemistry; or physics.","Generic Research Skills, Thesis Preparation","www.ul.ie"
"C_UL015_RES_02","IRL015","SOCIOLOGY","MA (Research) Arts, Humanities & Social Sciences","MRes","2026","September","2 Years","Main Campus Limerick","2.1 Honors degree; Supervisor Support Form; Research Proposal; IELTS 6.5","Research-based degree in history; sociology; politics; or linguistics.","Qualitative Methods, Ethics, Thesis","www.ul.ie"
"C_UL015_RES_03","IRL015","EDUCATION","MSc (Research) Education & Health Sciences","MRes","2026","September","2 Years","Main Campus Limerick","2.1 Honors degree; Supervisor Support Form; Research Proposal; IELTS 6.5","Research focused on pedagogy; nursing; clinical therapies; or sports science.","Health Research Methods, Thesis","www.ul.ie"
"C_UL015_RES_04","IRL015","BUSINESS_MANAGEMENT","MSc (Research) Kemmy Business School","MRes","2026","September","2 Years","Main Campus Limerick","2.1 Honors degree; Supervisor Support Form; Research Proposal; IELTS 6.5","Advanced research in economics; finance; marketing; or human resources.","Business Research Methods, Thesis","www.ul.ie"
"C_UL015_RES_05","IRL015","HEALTH_SCIENCES","MSc Health Research (Structured)","MRes","2026","September","1 Year","Main Campus Limerick","2.1 Honors degree; IELTS 6.5","Structured research training providing a foundation for clinical and health research.","Advanced Data Analysis, Systematic Review, Thesis","www.ul.ie"
"C_UL015_RES_06","IRL015","MUSIC_DANCE","MA (Research) Irish World Academy","MRes","2026","September","2 Years","Main Campus Limerick","2.1 Honors degree; Portfolio/Performance Audition; Research Proposal; IELTS 6.5","Practice-based or theoretical research in music; dance; or ritual chant.","Arts Research Methodologies, Thesis","www.ul.ie"
"C_MIC016_RES_01","IRL016","EDUCATION","MEd (Research)","MRes","2026","September","2 Years","Limerick Campus","2.1 Honors degree in Education or related; Research Proposal; IELTS 6.5","Independent research into pedagogical theory; leadership; or curriculum development.","Education Research Methods, Thesis","www.mic.ul.ie"
"C_MIC016_RES_02","IRL016","HUMANITIES","MA (Research) Arts","MRes","2026","September","2 Years","Limerick Campus","2.1 Honors degree; Research Proposal; IELTS 6.5","Advanced research in English; History; Philosophy; or Theology.","Research Skills for Humanities, Thesis","www.mic.ul.ie"
"C_MIC016_RES_03","IRL016","PSYCHOLOGY","MSc (Research) Psychology","MRes","2026","September","2 Years","Limerick Campus","2.1 Honors degree in Psychology; Research Proposal; IELTS 6.5","Specialized research track within the Department of Psychology at MIC.","Advanced Quantitative Methods, Thesis","www.mic.ul.ie"
"C_RCS017_RES_01","IRL017","MEDICAL_SCIENCES","MSc by Research (Medicine and Health Sciences)","MRes","2026","September","2 Years","St. Stephens Green Dublin","2.1 Honors degree; Supervisor agreement; 300-word Personal Statement; IELTS 7.0","Laboratory or clinical research in drug development; pharmacology; or molecular medicine.","Research Ethics, Biostatistics, Thesis","www.rcsi.com"
"C_RCS017_RES_02","IRL017","MEDICINE","Master of Surgery (MCh) by Research","MRes","2026","September","1 Year","St. Stephens Green Dublin","MB BCh BAO degree; 1-year Internship completed; RCSI Supervisor; IELTS 7.0","Specialized surgical research combining taught modules with a major research dissertation.","Research Methods, Ethics and Law, Thesis","www.rcsi.com"
"C_RCS017_RES_03","IRL017","NURSING","MSc by Research (Nursing & Midwifery)","MRes","2026","September","2 Years","St. Stephens Green Dublin","2.1 Honors degree in Nursing; Active professional registration; Supervisor agreement; IELTS 7.0","Investigation into clinical nursing practice; patient safety; or healthcare policy.","Advanced Research Methods, Systematic Review, Thesis","www.rcsi.com"
"C_RCS017_RES_04","IRL017","PHARMACY","MSc by Research (Pharmacy)","MRes","2026","September","2 Years","St. Stephens Green Dublin","2.1 Honors degree in Pharmacy or related science; Supervisor agreement; IELTS 7.0","Advanced research focused on pharmaceutical sciences; drug delivery; and clinical pharmacy.","Drug Development Process, Research Ethics, Thesis","www.rcsi.com"
"C_MAY018_RES_01","IRL018","ANTHROPOLOGY","MLitt (Research) Anthropology","MRes","2026","September","2 Years","Main Campus Maynooth","2.1 Honors degree; Research Proposal; Supervisor Statement; IELTS 6.5","Ethnographic research training including independent fieldwork and theory analysis.","Ethnographic Methods, Literature Review, Thesis","www.maynoothuniversity.ie"
"C_MAY018_RES_02","IRL018","BIOLOGY","MSc (Research) Biology","MRes","2026","September","2 Years","Main Campus Maynooth","2.1 Honors degree; Supervisor agreement; IELTS 6.5","Specialized laboratory research in immunology; genetics; or environmental biology.","Scientific Writing, Research Integrity, Thesis","www.maynoothuniversity.ie"
"C_MAY018_RES_03","IRL018","COMPUTER_SCIENCE","MSc (Research) Computer Science","MRes","2026","September","2 Years","Main Campus Maynooth","2.1 Honors degree; Supervisor agreement; IELTS 6.5","Independent research into AI; software engineering; and data science.","Research Methods, Thesis","www.maynoothuniversity.ie"
"C_MAY018_RES_04","IRL018","ECONOMICS","MLitt (Research) Economics","MRes","2026","September","2 Years","Main Campus Maynooth","2.1 Honors degree; Research Proposal; IELTS 6.5","Economic research utilizing quantitative analysis; econometrics; and primary data sets.","Econometrics, Research Workshop, Thesis","www.maynoothuniversity.ie"
"C_MAY018_RES_05","IRL018","HISTORY","MLitt (Research) History","MRes","2026","September","2 Years","Main Campus Maynooth","2.1 Honors degree; Research Proposal; IELTS 6.5","In-depth historical study across Irish; European; or Global history.","Historiography, Research Skills, Thesis","www.maynoothuniversity.ie"
"C_MAY018_RES_06","IRL018","GEOCOMPUTATION","MSc (Research) Geocomputation","MRes","2026","September","2 Years","Main Campus Maynooth","2.1 Honors degree in Geography or CS; Supervisor agreement; IELTS 6.5","Specialized research in spatial data; GIS; and urban modelling.","Spatial Literacy, Research Methods, Thesis","www.maynoothuniversity.ie"
"C_MAY018_RES_07","IRL018","GEOGRAPHY","MSc (Research) Geography","MRes","2026","September","2 Years","Main Campus Maynooth","2.1 Honors degree; Research Proposal; Supervisor Support; IELTS 6.5","Specialized research in physical or human geography, including environmental change and urban studies.","Geographical Research Methods, Thesis","www.maynoothuniversity.ie"
"C_MAY018_RES_08","IRL018","SOCIOLOGY","MLitt (Research) Sociology","MRes","2026","September","2 Years","Main Campus Maynooth","2.1 Honors degree; Research Proposal; IELTS 6.5","Independent research focusing on social movements, gender, or political sociology.","Sociological Research Methods, Thesis","www.maynoothuniversity.ie"
"C_IAD019_RES_01","IRL019","DESIGN","MA by Research (Creative Arts & Design)","MRes","2026","September","2 Years","Dun Laoghaire Campus","2.1 Honors degree; Portfolio; Research Proposal; IELTS 6.5","Practice-based research in visual communication; design; or fine art.","Research Methodologies, Thesis","www.iadt.ie"
"C_IAD019_RES_02","IRL019","COMPUTER_SCIENCE","MSc by Research (Creative Technologies)","MRes","2026","September","2 Years","Dun Laoghaire Campus","2.1 Honors degree; Research Proposal; IELTS 6.5","Technical research in AI; data science; or human-computer interaction (HCI).","Technical Research Skills, Thesis","www.iadt.ie"
"C_IAD019_RES_03","IRL019","FILM_MEDIA","MA by Research (Film, Art & Creative Media)","MRes","2026","September","2 Years","Dun Laoghaire Campus","2.1 Honors degree; Portfolio of Work; Research Proposal; IELTS 6.5","Specialized research through practice at the National Film School (NFS).","Advanced Media Research, Thesis","www.iadt.ie"
"C_IAD019_RES_04","IRL019","PSYCHOLOGY","MSc by Research (Psychology)","MRes","2026","September","2 Years","Dun Laoghaire Campus","2.1 Honors degree in Psychology; Supervisor agreement; IELTS 6.5","Research focused on Cyberpsychology; User Experience; and Human Behaviour.","Psychological Research Methods, Thesis","www.iadt.ie"
"C_IAD019_RES_05","IRL019","BUSINESS","MBus by Research (Business & Humanities)","MRes","2026","September","2 Years","Dun Laoghaire Campus","2.1 Honors degree; Research Proposal; IELTS 6.5","Research projects in digital entrepreneurship, arts management, or cultural event management.","Business Research Methods, Thesis","www.iadt.ie"
"C_DCU020_RES_BUS","IRL020","BUSINESS_MANAGEMENT","Masters by Research (Business)","MRes","2026","September","2 Years","DCU Business School","2.1 Honors degree; Research Proposal; IELTS 6.5","Advanced research in marketing, HR, finance, or digital business.","Research Integrity, Thesis","www.dcu.ie"
"C_DCU020_RES_SCI","IRL020","BIOLOGY","Masters by Research (Science & Health)","MRes","2026","September","2 Years","Glasnevin Campus","2.1 Honors degree; Supervisor agreement; IELTS 6.5","Research in biotechnology, physical sciences, or health and human performance.","Research Ethics, Thesis","www.dcu.ie"
"C_DCU020_RES_ENG","IRL020","CIVIL_ENGINEERING","Masters by Research (Engineering & Computing)","MRes","2026","September","2 Years","Glasnevin Campus","2.1 Honors degree; Supervisor agreement; IELTS 6.5","Research in mechanical, electronic, or computing and software systems.","Technical Writing, Thesis","www.dcu.ie"
"C_DCU020_RES_HUM","IRL020","SOCIOLOGY","Masters by Research (Humanities & Social Sciences)","MRes","2026","September","2 Years","Glasnevin Campus","2.1 Honors degree; Research Proposal; IELTS 6.5","Research in history, communications, sociology, or law.","Social Research Methods, Thesis","www.dcu.ie"
"C_DCU020_RES_EDU","IRL020","EDUCATION","Masters by Research (Education)","MRes","2026","September","2 Years","St. Patrick's Campus","2.1 Honors degree in Education; Research Proposal; IELTS 6.5","Scholarly research into pedagogical theories and educational policy.","Education Research Skills, Thesis","www.dcu.ie"
"C_ATU022_RES_SCI","IRL022","ENVIRONMENTAL_SCIENCE","Masters by Research (Science)","MRes","2026","September","2 Years","Galway Campus","2.1 Honors degree; Supervisor agreement; IELTS 6.0","Research in marine science, agriculture, or molecular biology.","Research Ethics, Thesis","www.atu.ie"
"C_ATU022_RES_BUS","IRL022","BUSINESS_MANAGEMENT","Masters by Research (Business)","MRes","2026","September","2 Years","Galway Campus","2.1 Honors degree; Research Proposal; IELTS 6.0","Specialized research in accounting, finance, or management.","Business Research Methods, Thesis","www.atu.ie"
"C_ATU022_RES_ENG","IRL022","MECHANICAL_ENGINEERING","Masters by Research (Engineering)","MRes","2026","September","2 Years","Galway Campus","2.1 Honors degree in Eng; IELTS 6.0","Research in civil, mechanical, or sustainable energy engineering.","Technical Research Skills, Thesis","www.atu.ie"
"C_ATU022_RES_HUM","IRL022","SOCIAL_SCIENCE","Masters by Research (Arts, Humanities and Social Sciences)","MRes","2026","September","2 Years","Galway Campus","2.1 Honors degree; Research Proposal; IELTS 6.0","Advanced research projects in social sciences, education, and creative arts.","Research Methodologies, Thesis","www.atu.ie"
"C_ATU022_RES_DIT","IRL022","DESIGN","Masters by Research (Design)","MRes","2026","September","2 Years","Galway Campus","2.1 Honors degree; Portfolio; Supervisor agreement; IELTS 6.0","Practice-based research focusing on product design, fashion, or visual communication.","Design Research Ethics, Thesis","www.atu.ie"
"C_SET023_RES_COM","IRL023","COMPUTER_SCIENCE","Masters by Research (Computing)","MRes","2026","September","2 Years","Waterford Campus","2.1 Honors degree; Supervisor agreement; IELTS 6.0","Research in data science, AI, or software engineering.","Research Methods, Thesis","www.setu.ie"
"C_SET023_RES_SCI","IRL023","BIOLOGY","Masters by Research (Science)","MRes","2026","September","2 Years","Waterford Campus","2.1 Honors degree; Supervisor agreement; IELTS 6.0","Research in pharmaceutical science, biology, or chemistry.","Lab Techniques, Thesis","www.setu.ie"
"C_SET023_RES_ENG","IRL023","CIVIL_ENGINEERING","Masters by Research (Engineering)","MRes","2026","September","2 Years","Carlow Campus","2.1 Honors degree; Supervisor agreement; IELTS 6.0","Independent research in mechanical or electronic engineering.","Technical Writing, Thesis","www.setu.ie"
"C_SET023_RES_BUS","IRL023","BUSINESS_MANAGEMENT","Masters by Research (Business)","MRes","2026","September","2 Years","Waterford Campus","2.1 Honors degree; Research Proposal; IELTS 6.0","Research in marketing, management, or economic policy.","Business Research Methods, Thesis","www.setu.ie"
"C_SET023_RES_HUM","IRL023","HUMANITIES","Masters by Research (Humanities)","MRes","2026","September","2 Years","Waterford Campus","2.1 Honors degree; Research Proposal; IELTS 6.0","Independent research across Law, Psychology, Social Science, and Creative Arts.","Research Methodologies, Thesis","www.setu.ie"
"C_SET023_RES_HES","IRL023","HEALTH_SCIENCES","Masters by Research (Health Science)","MRes","2026","September","2 Years","Waterford Campus","2.1 Honors degree in Health Science/Nursing; Supervisor support; IELTS 6.0","Advanced research in nursing, sports science, or public health.","Health Research Methods, Thesis","www.setu.ie"
"C_STP025_RES_THE","IRL025","THEOLOGY","MTh by Research (Theology)","MRes","2026","September","2 Years","Maynooth Campus","2.1 Honors degree in Theology; Research Proposal; IELTS 6.5","Rigorous independent research into biblical studies, ethics, or theology.","Theological Research Skills, Thesis","sppu.ie"
"C_STP025_RES_PHI","IRL025","PHILOSOPHY","MA by Research (Philosophy)","MRes","2026","September","2 Years","Maynooth Campus","2.1 Honors degree in Philosophy or related; Research Proposal; IELTS 6.5","Specialized research into Western philosophy, metaphysics, or religious philosophy.","Philosophical Methodologies, Thesis","sppu.ie"
"C_TUS026_RES_SCI","IRL026","BIOLOGY","Masters by Research (Science)","MRes","2026","September","2 Years","Athlone Campus","2.1 Honors degree; Supervisor agreement; IELTS 6.0","Research in polymer science, toxicology, or applied biology.","Research Methodologies, Thesis","tus.ie"
"C_TUS026_RES_ENG","IRL026","MECHANICAL_ENGINEERING","Masters by Research (Engineering)","MRes","2026","September","2 Years","Limerick Campus","2.1 Honors degree; Supervisor agreement; IELTS 6.0","Specialized engineering research in renewable energy or mechanics.","Technical Writing, Thesis","tus.ie"
"C_TUS026_RES_BUS","IRL026","BUSINESS_MANAGEMENT","Masters by Research (Business)","MRes","2026","September","2 Years","Athlone Campus","2.1 Honors degree; Research Proposal; IELTS 6.0","Research in digital marketing, social media management, or HR.","Business Research Methods, Thesis","tus.ie"
"C_TUS026_RES_HUM","IRL026","SOCIAL_SCIENCE","Masters by Research (Social Science & Design)","MRes","2026","September","2 Years","Limerick Campus","2.1 Honors degree; Portfolio (for Design); Research Proposal; IELTS 6.0","Advanced research in social policy, community development, or creative design practice.","Research Design, Thesis","tus.ie"
"C_TUS026_RES_SPO","IRL026","SPORTS_SCIENCE","Masters by Research (Sport & Health)","MRes","2026","September","2 Years","Athlone Campus","2.1 Honors degree; Supervisor support; IELTS 6.0","Scientific research focusing on performance analysis, nutrition, or physical activity.","Health Research Methods, Thesis","tus.ie"
"C_TUD027_RES_ART","IRL027","FINE_ART","Masters by Research (Creative Arts)","MRes","2026","September","2 Years","Grangegorman Campus","2.1 Honors degree; Portfolio; IELTS 6.5","Practice-based research in fine art, design, or media.","Creative Research Methods, Thesis","www.tudublin.ie"
"C_TUD027_RES_ENG","IRL027","CIVIL_ENGINEERING","Masters by Research (Engineering)","MRes","2026","September","2 Years","Bolton St Campus","2.1 Honors degree; Supervisor agreement; IELTS 6.5","Independent engineering research across all disciplines.","Technical Research Skills, Thesis","www.tudublin.ie"
"C_TUD027_RES_SCI","IRL027","BIOLOGY","Masters by Research (Science)","MRes","2026","September","2 Years","Tallaght Campus","2.1 Honors degree; Supervisor agreement; IELTS 6.5","Research in chemical, biological, or physical sciences.","Research Integrity, Thesis","www.tudublin.ie"
"C_TUD027_RES_BUS","IRL027","BUSINESS_MANAGEMENT","Masters by Research (Business)","MRes","2026","September","2 Years","Aungier St Campus","2.1 Honors degree; Research Proposal; IELTS 6.5","Scholarly investigation into management, accounting, or retail.","Business Research Methods, Thesis","www.tudublin.ie"
"C_TUD027_RES_COM","IRL027","COMPUTER_SCIENCE","Masters by Research (Computing)","MRes","2026","September","2 Years","Grangegorman Campus","2.1 Honors degree; Supervisor agreement; IELTS 6.5","Advanced research in computer science, software engineering, and artificial intelligence.","Advanced Research Methods, Thesis","www.tudublin.ie"
"C_TUD027_RES_HUM","IRL027","SOCIAL_SCIENCE","Masters by Research (Social Sciences)","MRes","2026","September","2 Years","Grangegorman Campus","2.1 Honors degree; Research Proposal; IELTS 6.5","Research projects in early childhood, criminology, and social care.","Social Research Skills, Thesis","www.tudublin.ie"
"C_ABE001_RES_01","UK001","BUSINESS_MANAGEMENT","Business and Management MSc by Research","MRes","2026","October","1 Year","Dundee Campus","2.1 Honours degree; Research Proposal; IELTS 6.0","Broad themes include sustainable business, digital transformation, HRM, and international management.","Research Methods, Thesis","www.abertay.ac.uk"
"C_ABE001_RES_02","UK001","COMPUTER_SCIENCE","Computing MSc by Research","MRes","2026","October","1 Year","Dundee Campus","2.1 Honours degree; Research Proposal; IELTS 6.0","Focus areas: Usable security, HCI, immersive experiences, and interdisciplinary cybersecurity.","Technical Research Skills, Thesis","www.abertay.ac.uk"
"C_ABE001_RES_03","UK001","GAME_DESIGN","Applied Games MSc by Research","MRes","2026","October","1 Year","Dundee Campus","2.1 Honours degree; Portfolio/Proposal; IELTS 6.0","Investigates games as educational or investigative tools, including games for health and social impact.","Games Research Design, Thesis","www.abertay.ac.uk"
"C_ABE001_RES_04","UK001","CYBER_SECURITY","Cybersecurity MSc by Research","MRes","2026","October","1 Year","Dundee Campus","2.1 Honours degree in Computing/Math; IELTS 6.0","Specialized research into securing online identities and resilient system architecture.","Advanced Cybersecurity Research, Thesis","www.abertay.ac.uk"
"C_ABE001_RES_05","UK001","DATA_SCIENCE","Data Science and Systems Modelling MSc by Research","MRes","2026","October","1 Year","Dundee Campus","2.1 Honours degree; Supervisor agreement; IELTS 6.0","Research into complex systems modelling, data analytics for decision-making, and AI.","Data Analysis Methods, Thesis","www.abertay.ac.uk"
"C_ABE001_RES_06","UK001","FOOD_SCIENCE","Food Science and Technology MSc by Research","MRes","2026","October","1 Year","Dundee Campus","2.1 Honours degree in Science; IELTS 6.0","Covers food antioxidants, sensory science, sustainable raw materials, and fermentation.","Lab Research Techniques, Thesis","www.abertay.ac.uk"
"C_ABE001_RES_07","UK001","PSYCHOLOGY","Psychology MSc by Research","MRes","2026","October","1 Year","Dundee Campus","2.1 Honours degree in Psychology; Research Proposal; IELTS 6.0","Research strengths in developmental psychology, cognition, and forensic psychology (witness testimony).","Psychological Research Methods, Thesis","www.abertay.ac.uk"
"C_ABE001_RES_08","UK001","NURSING","Mental Health Nursing MSc by Research","MRes","2026","October","1 Year","Dundee Campus","2.1 Honours degree; Nursing Registration; IELTS 6.5","Research focuses on nursing care contexts, resilience, and long-term health condition impact.","Healthcare Research Ethics, Thesis","www.abertay.ac.uk"
"C_ABE001_RES_09","UK001","GENETICS","Infertility and Sperm Function MSc by Research","MRes","2026","October","1 Year","Dundee Campus","2.1 Honours degree in Biomedical Science; IELTS 6.0","High-impact molecular research into the pathophysiology of human infertility.","Biomolecular Techniques, Thesis","www.abertay.ac.uk"
"C_ABE002_RES_01","UK002","BIOLOGY","MRes Biosciences","MRes","2026","September","1 Year","Aberystwyth Campus","2.1 Honours degree in Biology/Science; IELTS 6.5","Advanced research training in molecular biology, biochemistry, or ecology with a large thesis component.","Research Methods in the Biosciences, Thesis","www.aber.ac.uk"
"C_ABE002_RES_02","UK002","AGRICULTURE","MRes Parasitology","MRes","2026","September","1 Year","Aberystwyth Campus","2.1 Honours degree in Biomedical or Veterinary Science; IELTS 6.5","Specialized research into the biology and control of parasites in humans and livestock.","Core Parasitology, Research Techniques, Thesis","www.aber.ac.uk"
"C_ABE002_RES_03","UK002","INTERNATIONAL_RELATIONS","MRes International Politics","MRes","2026","September","1 Year","Aberystwyth Campus","2.1 Honours degree in Politics; IELTS 7.0","Research-intensive programme in the world's oldest International Politics department.","Research Training in IR, Critical Security Studies, Thesis","www.aber.ac.uk"
"C_ABE002_RES_04","UK002","HISTORY","MRes Modern History","MRes","2026","September","1 Year","Aberystwyth Campus","2.1 Honours degree in History; IELTS 7.0","Focuses on research methodologies and independent study in modern historical periods.","The Practice of History, Archive Skills, Thesis","www.aber.ac.uk"
"C_ABE002_RES_05","UK002","ARTS","MRes Media, Communication and Creative Practice","MRes","2026","September","1 Year","Aberystwyth Campus","2.1 Honours degree; Portfolio; IELTS 6.5","Combines creative practice with rigorous academic research in media and film.","Creative Practice Methods, Thesis","www.aber.ac.uk"
"C_ABE002_RES_06","UK002","PSYCHOLOGY","MPhil (Research) Psychology","MRes","2026","September","2 Years","Aberystwyth Campus","2.1 Honours degree; Research Proposal; IELTS 6.5","Deep-dive independent research into cognitive, social, or health psychology.","Advanced Research Design, Thesis","www.aber.ac.uk"
"C_ABE002_RES_07","UK002","GEOGRAPHY","MSc (Research) Geography","MRes","2026","September","1 Year","Aberystwyth Campus","2.1 Honours degree; Supervisor agreement; IELTS 6.5","Research in physical or human geography, glaciology, or earth observation.","Geographical Research Skills, Thesis","www.aber.ac.uk"
"C_ABE002_RES_08","UK002","COMPUTER_SCIENCE","MSc (Research) Computer Science","MRes","2026","September","1 Year","Aberystwyth Campus","2.1 Honours degree; Supervisor agreement; IELTS 6.0","Research strengths in robotics, AI, and bioinformatics.","Technical Writing for Computing, Thesis","www.aber.ac.uk"
"C_ABE002_RES_09","UK002","WELSH_LANGUAGE","MPhil (Research) Welsh / Cymraeg","MRes","2026","September","2 Years","Aberystwyth Campus","2.1 Honours degree; Proficiency in Welsh; IELTS 6.5","Research into Welsh literature, sociolinguistics, or professional translation.","Research Methods in Celtic Studies, Thesis","www.aber.ac.uk"
"C_ARU003_RES_01","UK003","MEDICAL_SCIENCES","MSc by Research (Medicine & Health)","MRes","2026","September","1 Year","Cambridge Campus","2.1 Honours degree; Research Proposal; IELTS 6.5","Laboratory or clinical research projects in vision, medicine, or health science.","Research Ethics, Thesis","www.aru.ac.uk"
"C_ARU003_RES_02","UK003","COMPUTER_SCIENCE","MSc by Research (Computing & Information Science)","MRes","2026","September","1 Year","Cambridge Campus","2.1 Honours degree; Supervisor agreement; IELTS 6.0","Research into AI, cybersecurity, or data science.","Technical Writing, Thesis","www.aru.ac.uk"
"C_ARU003_RES_03","UK003","BIOLOGY","MSc by Research (Life Sciences)","MRes","2026","September","1 Year","Cambridge Campus","2.1 Honours degree; Supervisor agreement; IELTS 6.5","Research projects in conservation, animal behaviour, or forensic science.","Lab Research Skills, Thesis","www.aru.ac.uk"
"C_ARU003_RES_04","UK003","PSYCHOLOGY","MSc by Research (Psychology)","MRes","2026","September","1 Year","Cambridge Campus","2.1 Honours degree in Psychology; IELTS 6.5","Research in cognitive, developmental, or social psychology within the Science faculty.","Psychology Research Methods, Thesis","www.aru.ac.uk"
"C_ARU003_RES_05","UK003","BUSINESS_MANAGEMENT","MPhil (Research) Business","MRes","2026","September","2 Years","Chelmsford Campus","2.1 Honours degree; Research Proposal; IELTS 6.5","Deep independent research into management, accounting, or business strategy.","Business Research Methodologies, Thesis","www.aru.ac.uk"
"C_ARU003_RES_06","UK003","ARTS","MPhil (Research) Creative Arts & Design","MRes","2026","September","2 Years","Cambridge Campus","2.1 Honours degree; Portfolio; IELTS 6.5","Practice-based research in fine art, illustration, or film.","Art Research Practice, Thesis","www.aru.ac.uk"
"C_ARU003_RES_07","UK003","EDUCATION","MPhil (Research) Education","MRes","2026","September","2 Years","Chelmsford Campus","2.1 Honours degree; Research Proposal; IELTS 6.5","Scholarly investigation into education policy, leadership, or pedagogy.","Educational Research Design, Thesis","www.aru.ac.uk"
"C_ARU003_RES_08","UK003","MUSIC","MPhil (Research) Music & Performing Arts","MRes","2026","September","2 Years","Cambridge Campus","2.1 Honours degree; Audition/Portfolio; IELTS 6.5","Specialized research in music therapy, performance, or musicology.","Music Research Methods, Thesis","www.aru.ac.uk"
"C_AST007_RES_01","UK007","BUSINESS_MANAGEMENT","MRes Business and Management","MRes","2026","September","1 Year","Main Campus Birmingham","2.1 Honours degree; Research Proposal; IELTS 7.0","Research-intensive foundation for a PhD in management, finance, or marketing.","Management Research Methods, Advanced Analytics, Thesis","www.aston.ac.uk"
"C_AST007_RES_02","UK007","MEDICAL_SCIENCES","MSc by Research (Health Sciences)","MRes","2026","September","1 Year","Main Campus Birmingham","2.1 Honours degree; Supervisor agreement; IELTS 6.5","Specialized laboratory research in optometry, pharmacy, or psychology.","Research Ethics, Experimental Design, Thesis","www.aston.ac.uk"
"C_AST007_RES_03","UK007","ENGINEERING","MSc by Research (Engineering & Physical Sciences)","MRes","2026","September","1 Year","Main Campus Birmingham","2.1 Honours degree; Supervisor agreement; IELTS 6.0","Technical research in sustainable energy, computer science, or photonics.","Technical Research Skills, Thesis","www.aston.ac.uk"
"C_AST007_RES_04","UK007","SOCIAL_SCIENCE","MPhil (Research) Languages and Social Sciences","MRes","2026","September","2 Years","Main Campus Birmingham","2.1 Honours degree; Research Proposal; IELTS 6.5","Independent research in sociology, politics, history, or modern languages.","Qualitative Research Methods, Thesis","www.aston.ac.uk"
"C_BAN008_RES_01","UK008","PSYCHOLOGY","MRes Psychology","MRes","2026","September","1 Year","Bangor Campus","2.1 Honours degree in Psychology; IELTS 6.5","Strong emphasis on neuroimaging, cognitive science, and clinical psychology.","Advanced Research Methods, Lab Rotation, Thesis","www.bangor.ac.uk"
"C_BAN008_RES_02","UK008","ENVIRONMENTAL_SCIENCE","MRes Marine Biology","MRes","2026","September","1 Year","Bangor Campus","2.1 Honours degree in Science; IELTS 6.5","Research in marine ecology, oceanography, and sustainable fisheries.","Marine Research Skills, Thesis","www.bangor.ac.uk"
"C_BAN008_RES_03","UK008","EDUCATION","MRes Education","MRes","2026","September","1 Year","Bangor Campus","2.1 Honours degree in Education; IELTS 6.5","Focuses on bilingualism, educational psychology, and pedagogy research.","Educational Enquiry, Research Ethics, Thesis","www.bangor.ac.uk"
"C_BAN008_RES_04","UK008","SOCIOLOGY","MRes Social Policy","MRes","2026","September","1 Year","Bangor Campus","2.1 Honours degree; Research Proposal; IELTS 6.5","Research training for social scientists in policy evaluation and sociology.","Social Research Methods, Thesis","www.bangor.ac.uk"
"C_BAN008_RES_05","UK008","SPORT_SCIENCE","MRes Sport and Exercise Science","MRes","2026","September","1 Year","Bangor Campus","2.1 Honours degree; IELTS 6.5","Investigation into physiology, psychology, and motor control in sports.","Sport Science Research Methods, Thesis","www.bangor.ac.uk"
"C_BAN008_RES_06","UK008","BUSINESS_MANAGEMENT","MPhil (Research) Business","MRes","2026","September","2 Years","Bangor Campus","2.1 Honours degree; Research Proposal; IELTS 6.5","Independent research in management, accounting, or finance.","Business Research Methodologies, Thesis","www.bangor.ac.uk"
"C_BAN008_RES_07","UK008","BIOLOGY","MRes Biological Sciences","MRes","2026","September","1 Year","Bangor Campus","2.1 Honours degree in Biology/Science; IELTS 6.5","Broad research training covering molecular biology, ecology, and environmental genetics.","Biological Research Techniques, Thesis","www.bangor.ac.uk"
"C_BAN008_RES_08","UK008","MUSIC","MRes Music","MRes","2026","September","1 Year","Bangor Campus","2.1 Honours degree; Portfolio/Proposal; IELTS 6.5","Research-intensive programme in musicology, ethnomusicology, or composition.","Music Research Methods, Thesis","www.bangor.ac.uk"
"C_BAN008_RES_09","UK008","WELSH","MRes Welsh / Cymraeg","MRes","2026","September","1 Year","Bangor Campus","2.1 Honours degree; Proficiency in Welsh; IELTS 6.5","Specialized research into Welsh literature, language policy, and sociolinguistics.","Celtic Research Methods, Thesis","www.bangor.ac.uk"
"C_BAS009_RES_01","UK009","FINE_ART","Master of Philosophy (MPhil) in Fine Art","MRes","2026","September","2 Years","Newton Park Campus","2.1 Honours degree; Portfolio; Research Proposal; IELTS 6.0","Independent practice-based research in fine art, ceramics, or visual design.","Research Methods, Thesis","www.bathspa.ac.uk"
"C_BAS009_RES_02","UK009","ENGLISH_LITERATURE","Master of Philosophy (MPhil) in Humanities","MRes","2026","September","2 Years","Newton Park Campus","2.1 Honours degree; Research Proposal; IELTS 6.5","Advanced research in English literature, history, or heritage studies.","Humanities Research Skills, Thesis","www.bathspa.ac.uk"
"C_BAS009_RES_03","UK009","MUSIC","Master of Philosophy (MPhil) in Music","MRes","2026","September","2 Years","Newton Park Campus","2.1 Honours degree; Audition/Portfolio; IELTS 6.5","Research focused on composition, performance, or music technology.","Music Research Methodologies, Thesis","www.bathspa.ac.uk"
"C_BAS009_RES_04","UK009","EDUCATION","Master of Philosophy (MPhil) in Education","MRes","2026","September","2 Years","Newton Park Campus","2.1 Honours degree; Research Proposal; IELTS 6.5","Investigation into pedagogical practices, policy, and educational leadership.","Educational Enquiry, Thesis","www.bathspa.ac.uk"
"C_BAS009_RES_05","UK009","SCIENCES","Master of Philosophy (MPhil) in Psychology","MRes","2026","September","2 Years","Newton Park Campus","2.1 Honours degree in Psychology; Research Proposal; IELTS 6.5","Specialist research in cognitive, social, or health psychology.","Research Methods, Thesis","www.bathspa.ac.uk"
"C_BAS009_RES_06","UK009","SCIENCES","Master of Philosophy (MPhil) in Biology","MRes","2026","September","2 Years","Newton Park Campus","2.1 Honours degree in Biology; Research Proposal; IELTS 6.5","Research specialisms in ecology, conservation, or microbiology.","Research Methods, Thesis","www.bathspa.ac.uk"
"C_BAS009_RES_07","UK009","BUSINESS","Master of Philosophy (MPhil) in Business and Management","MRes","2026","September","2 Years","Newton Park Campus","2.1 Honours degree; Research Proposal; IELTS 6.5","Research into sustainability, leadership, or management education.","Research Methods, Thesis","www.bathspa.ac.uk"
"C_BBK011_RES_01","UK011","SOCIOLOGY","MRes Social Research","MRes","2026","October","1 Year","Bloomsbury London","2.1 Honours degree; IELTS 6.5","Interdisciplinary research training in qualitative and quantitative social science methods.","Quantitative Methods, Qualitative Research, Thesis","www.bbk.ac.uk"
"C_BBK011_RES_02","UK011","POLITICAL_SCIENCE","MRes Politics and International Relations","MRes","2026","October","1 Year","Bloomsbury London","2.1 Honours degree in Politics/IR; IELTS 6.5","Intensive research training in political theory and comparative politics.","Politics Research Design, Advanced Theory, Thesis","www.bbk.ac.uk"
"C_BBK011_RES_03","UK011","HISTORY","MRes History","MRes","2026","October","1 Year","Bloomsbury London","2.1 Honours degree in History; IELTS 6.5","Training in historical research skills, historiography, and primary source analysis.","Historical Research Methods, Thesis","www.bbk.ac.uk"
"C_BBK011_RES_04","UK011","PSYCHOLOGY","MPhil Psychology","MRes","2026","October","2 Years","Bloomsbury London","2.1 Honours degree; Research Proposal; IELTS 7.0","Research projects in cognitive development, neuroscience, and educational psychology.","Advanced Psychology Methods, Thesis","www.bbk.ac.uk"
"C_BBK011_RES_05","UK011","COMPUTER_SCIENCE","MPhil Computer Science","MRes","2026","October","2 Years","Bloomsbury London","2.1 Honours degree; Supervisor agreement; IELTS 6.5","Research in data science, AI, and information systems.","Technical Research Skills, Thesis","www.bbk.ac.uk"
"C_BBK011_RES_06","UK011","CRIMINOLOGY","MRes Criminology","MRes","2026","October","1 Year","Bloomsbury London","2.1 Honours degree; IELTS 6.5","Specialist research training in criminological theory and criminal justice research methods.","Criminological Theory, Research Design, Thesis","www.bbk.ac.uk"
"C_BBK011_RES_07","UK011","APPLIED_LINGUISTICS","MRes Applied Linguistics and Communication","MRes","2026","October","1 Year","Bloomsbury London","2.1 Honours degree; IELTS 6.5","Research training focused on language use, multilingualism, and communication.","Linguistics Research Methods, Thesis","www.bbk.ac.uk"
"C_BCU012_RES_01","UK012","SPORTS_SCIENCE","Masters by Research (MRes) in Health and Life Sciences (Sport and Exercise)","MRes","2026","September","1 Year","City South Campus","2.1 Honours degree; Research Proposal; IELTS 6.5","Specialised research training in physiology, psychology, or biomechanics within the School of Health and Life Sciences.","Research Methods, Data Analysis, Thesis","www.bcu.ac.uk"
"C_BCU012_RES_02","UK012","FINE_ART","Masters by Research (MRes) Creative Arts","MRes","2026","September","1 Year","City Centre Campus","2.1 Honours degree; Portfolio; Research Proposal; IELTS 6.5","Practice-based research in art, fashion, jewellery, or media.","Creative Research Methodologies, Thesis","www.bcu.ac.uk"
"C_BCU012_RES_03","UK012","CIVIL_ENGINEERING","Masters by Research (MRes) Built Environment","MRes","2026","September","1 Year","City Centre Campus","2.1 Honours degree; Research Proposal; IELTS 6.0","Focused research in architecture, construction, and urban development.","Technical Writing, Research Integrity, Thesis","www.bcu.ac.uk"
"C_BCU012_RES_04","UK012","BUSINESS_MANAGEMENT","Masters by Research (MRes) Business and Management","MRes","2026","September","1 Year","City Centre Campus","2.1 Honours degree; Research Proposal; IELTS 6.5","Bridges the gap between taught Master’s and doctoral study in business and finance.","Social Research Methods, Thesis","www.bcu.ac.uk"
"C_BCU012_RES_05","UK012","HEALTH_SCIENCES","Masters by Research (MRes) in Health and Life Sciences (Health)","MRes","2026","September","1 Year","City South Campus","2.1 Honours degree; Supervisor agreement; IELTS 6.5","Research into nursing, professional education, or health policy.","Healthcare Research Ethics, Thesis","www.bcu.ac.uk"
"C_BCU012_RES_06","UK012","ENGINEERING","Masters by Research (MRes) Sustainable Engineering","MRes","2026","September","1 Year","City Centre Campus","2.1 Honours degree; Research Proposal; IELTS 6.0","Technical research focusing on sustainability, manufacturing, and innovation.","Advanced Dynamics, Research Methodology, Thesis","www.bcu.ac.uk"
"C_BCU012_RES_07","UK012","COMPUTER_SCIENCE","Masters by Research (MRes) Computing","MRes","2026","September","1 Year","City Centre Campus","2.1 Honours degree; Supervisor agreement; IELTS 6.0","Research-intensive training in AI, Data Science, and Cybersecurity.","Computational Research Methods, Thesis","www.bcu.ac.uk"
"C_BOU014_RES_01","UK014","ENVIRONMENTAL_SCIENCE","MRes Faculty of Health, Environment and Medical Sciences (Ecology)","MRes","2026","September","1 Year","Talbot Campus","2.1 Honours degree; Research Proposal; IELTS 6.5","A research-intensive master's allowing for specialization in environmental conservation and marine ecology.","Research Methods, Thesis","www.bournemouth.ac.uk"
"C_BOU014_RES_02","UK014","ANTHROPOLOGY","MRes Faculty of Media, Science & Technology (Archaeology & Anthropology)","MRes","2026","September","1 Year","Talbot Campus","2.1 Honours degree; Research Proposal; IELTS 6.5","Focused research training in biological anthropology or archaeological science within a science-led faculty.","Research Methods in Science, Thesis","www.bournemouth.ac.uk"
"C_BOU014_RES_03","UK014","PSYCHOLOGY","MRes Faculty of Media, Science & Technology (Psychology)","MRes","2026","September","1 Year","Talbot Campus","2.1 Honours degree in Psychology; Research Proposal; IELTS 6.5","Research-based master's focusing on enhancing research methods and laboratory skills in psychology.","Advanced Quantitative Methods, Thesis","www.bournemouth.ac.uk"
"C_BOU014_RES_04","UK014","FINE_ART","MPhil Media and Design","MRes","2026","September","2 Years","Talbot Campus","2.1 Honours degree; Portfolio; Research Proposal; IELTS 6.5","Independent research in computer animation, media, and creative design leading to an MPhil award.","Creative Practice Research, Thesis","www.bournemouth.ac.uk"
"C_BOU014_RES_05","UK014","BUSINESS_MANAGEMENT","MRes Faculty of Business and Law","MRes","2026","September","1 Year","Executive Business Centre","2.1 Honours degree; Research Proposal; IELTS 6.5","A research-focused degree designed to prepare students for doctoral study in management or law.","Business Research Methodologies, Thesis","www.bournemouth.ac.uk"
"C_BOU014_RES_06","UK014","HEALTH_SCIENCES","MRes Faculty of Health, Environment and Medical Sciences (Health)","MRes","2026","September","1 Year","Lansdowne Campus","2.1 Honours degree; Research Proposal; IELTS 6.5","Research training tailored to healthcare, nursing, or social work professionals.","Healthcare Research Ethics, Thesis","www.bournemouth.ac.uk"
"C_BRU015_RES_01","UK015","SOCIAL_POLICY","MRes Social Policy","MRes","2026","September","1 Year","Uxbridge Campus","2.1 Honours degree; Research Proposal; IELTS 6.5","Specialist training in research methods for social science professionals focused on policy and evaluation.","Qualitative & Quantitative Methods, Thesis","www.brunel.ac.uk"
"C_BRU015_RES_02","UK015","EDUCATION","MRes Education","MRes","2026","September","1 Year","Uxbridge Campus","2.1 Honours degree; Research Proposal; IELTS 6.5","Intensive research training for practitioners and researchers in educational practice and policy development.","Education Research Design, Thesis","www.brunel.ac.uk"
"C_BRU015_RES_03","UK015","MECHANICAL_ENGINEERING","MPhil Engineering","MRes","2026","September","2 Years","Uxbridge Campus","2.1 Honours degree in Engineering; Supervisor agreement; IELTS 6.0","Independent research across civil, mechanical, and aerospace engineering leading to an MPhil award.","Technical Research Skills, Thesis","www.brunel.ac.uk"
"C_BRU015_RES_04","UK015","BIOLOGY","MPhil Biosciences","MRes","2026","September","2 Years","Uxbridge Campus","2.1 Honours degree in Science; Supervisor agreement; IELTS 6.5","Independent research in environmental science, toxicology, or genetics leading to an MPhil award.","Lab Research Ethics, Thesis","www.brunel.ac.uk"
"C_BRU015_RES_05","UK015","HEALTH_SCIENCES","MRes Health Sciences","MRes","2026","September","1 Year","Uxbridge Campus","2.1 Honours degree; Research Proposal; IELTS 7.0","Advanced research training for health professionals focusing on evidence-based practice and clinical research.","Research Methods in Health, Thesis","www.brunel.ac.uk"
"C_BRU015_RES_06","UK015","MANAGEMENT","MRes Management","MRes","2026","September","1 Year","Uxbridge Campus","2.1 Honours degree; Research Proposal; IELTS 7.0","Rigorous research training designed to prepare students for doctoral-level study in business and management.","Business Research Methods, Thesis","www.brunel.ac.uk"
"C_BNU016_RES_01","UK016","HEALTH_SCIENCES","Masters by Research (Health and Social Care)","MRes","2026","September","1 Year","High Wycombe Campus","2.1 Honours degree; Research Proposal; IELTS 6.5","Independent research-based master's focusing on nursing, social work, or community health within the School of Health and Social Care.","Research Methods, Thesis","www.bucks.ac.uk"
"C_BNU016_RES_02","UK016","BUSINESS_MANAGEMENT","Masters by Research (Business and Law)","MRes","2026","September","1 Year","High Wycombe Campus","2.1 Honours degree; Research Proposal; IELTS 6.5","A research-led programme allowing for specialization in management, aviation, or commercial law.","Business Research Methodologies, Thesis","www.bucks.ac.uk"
"C_BNU016_RES_03","UK016","DESIGN","Masters by Research (Creative and Digital Industries)","MRes","2026","September","1 Year","High Wycombe Campus","2.1 Honours degree; Portfolio; IELTS 6.5","Practice-based research training for professionals in film, media, design, or fine art.","Creative Practice Methods, Thesis","www.bucks.ac.uk"
"C_BNU016_RES_04","UK016","SOCIAL_SCIENCES","Masters by Research (Society and Culture)","MRes","2026","September","1 Year","High Wycombe Campus","2.1 Honours degree; Research Proposal; IELTS 6.5","Research-intensive study in the fields of psychology, criminology, sociology, or education.","Social Research Methods, Thesis","www.bucks.ac.uk"
"C_CCC017_RES_01","UK017","HUMANITIES","MRes Humanities","MRes","2026","September","1 Year","Canterbury Campus","2.1 Honours degree; Research Proposal; IELTS 6.5","Specialised research training across History, English, Theology, and International Relations.","Research Skills, Thesis","www.canterbury.ac.uk"
"C_CCC017_RES_02","UK017","BIOLOGY","MSc by Research (Science)","MRes","2026","September","1 Year","Canterbury Campus","2.1 Honours degree; Supervisor agreement; IELTS 6.0","Laboratory-based research in plant biology, ecology, or biomedical science.","Scientific Research Methods, Thesis","www.canterbury.ac.uk"
"C_CCC017_RES_03","UK017","HEALTH_SCIENCES","MSc by Research (Health and Wellbeing)","MRes","2026","September","1 Year","Canterbury Campus","2.1 Honours degree; Supervisor agreement; IELTS 6.5","Focus on public health, nursing, or clinical practice evaluation.","Health Research Ethics, Thesis","www.canterbury.ac.uk"
"C_CCC017_RES_04","UK017","SPORTS_SCIENCE","MSc by Research (Sport and Exercise Science)","MRes","2026","September","1 Year","Canterbury Campus","2.1 Honours degree; IELTS 6.5","Applied research into sports physiology, biomechanics, or psychology.","Sport Science Methods, Thesis","www.canterbury.ac.uk"
"C_CCC017_RES_05","UK017","BUSINESS_MANAGEMENT","MSc by Research (Business and Management)","MRes","2026","September","1 Year","Canterbury Campus","2.1 Honours degree; Research Proposal; IELTS 6.5","Specialized research into management, retail, or human resources.","Business Enquiry Methods, Thesis","www.canterbury.ac.uk"
"C_CCC017_RES_06","UK017","EDUCATION","MSc by Research (Education)","MRes","2026","September","1 Year","Canterbury Campus","2.1 Honours degree; Research Proposal; IELTS 6.5","Independent research into pedagogical practices, educational policy, and leadership.","Educational Research Methods, Thesis","www.canterbury.ac.uk"
"C_CCC017_RES_07","UK017","MEDIA_DESIGN","MSc by Research (Media, Marketing and Creative Technology)","MRes","2026","September","1 Year","Canterbury Campus","2.1 Honours degree; Portfolio; IELTS 6.5","Focused research in digital media, marketing strategies, or creative technologies.","Creative Research Methodologies, Thesis","www.canterbury.ac.uk"
"C_CMU018_RES_01","UK018","SPORT_SCIENCE","MRes Sport and Exercise Science","MRes","2026","September","1 Year","Cyncoed Campus","2.1 Honours degree in Sport; IELTS 6.5","Specialised research training in elite performance, health, and biomechanics within the School of Sport & Health Sciences.","Research Methods in Sport, Data Analysis, Thesis","www.cardiffmet.ac.uk"
"C_CMU018_RES_02","UK018","HEALTH_SCIENCES","MPhil Biomedical Sciences","MRes","2026","September","1 Year","Llandaff Campus","2.1 Honours degree in Science; IELTS 6.5","Advanced research in microbiology, immunology, or molecular genetics leading to an MPhil award.","Biomedical Research Techniques, Thesis","www.cardiffmet.ac.uk"
"C_CMU018_RES_03","UK018","BUSINESS_MANAGEMENT","MPhil Management","MRes","2026","September","1 Year","Llandaff Campus","2.1 Honours degree; Research Proposal; IELTS 6.0","Specialized research into management, human resources, or marketing within the School of Management.","Business Research Methods, Thesis","www.cardiffmet.ac.uk"
"C_CMU018_RES_04","UK018","SOCIOLOGY","MPhil Health and Social Policy","MRes","2026","September","1 Year","Llandaff Campus","2.1 Honours degree; Research Proposal; IELTS 6.5","Research focused on sociology, psychology, or health policy evaluation leading to an MPhil award.","Social Research Design, Thesis","www.cardiffmet.ac.uk"
"C_CMU018_RES_05","UK018","DESIGN","MRes Art and Design","MRes","2026","September","1 Year","Llandaff Campus","2.1 Honours degree; Portfolio; IELTS 6.5","Practice-based research in fine art, design, or craft within the Cardiff School of Art & Design.","Creative Practice Methodologies, Thesis","www.cardiffmet.ac.uk"
"C_CMU018_RES_06","UK018","EDUCATION","MPhil Education","MRes","2026","September","1 Year","Cyncoed Campus","2.1 Honours degree; Research Proposal; IELTS 6.5","Independent research into pedagogical practices, educational policy, and curriculum development.","Educational Research Methods, Thesis","www.cardiffmet.ac.uk"
"C_CAR019_RES_01","UK019","SOCIAL_SCIENCES","MSc Social Science Research Methods","MRes","2026","September","1 Year","Main Campus Cardiff","2.1 Honours degree; IELTS 7.0 (6.5 in all subskills)","ESRC-recognised research training covering sociology, politics, and social policy.","Quantitative Methods, Qualitative Research, Thesis","www.cardiff.ac.uk"
"C_CAR019_RES_02","UK019","BIOLOGY","MRes Biosciences","MRes","2026","September","1 Year","Main Campus Cardiff","2.2 Honours degree in Biosciences or relevant science; IELTS 6.5","Intensive research training in genetics, neuroscience, or ecology with a 6-month project.","Advanced Lab Techniques, Research Skills, Thesis","www.cardiff.ac.uk"
"C_CAR019_RES_03","UK019","ARCHAEOLOGY","MPhil Archaeology and Conservation","MRes","2026","September","1 Year","Main Campus Cardiff","2.1 Honours degree; Supervisor agreement; IELTS 6.5","Independent research in bioarchaeology, heritage, or classical archaeology leading to an MPhil award.","Research Design, Thesis","www.cardiff.ac.uk"
"C_CAR019_RES_04","UK019","ARCHITECTURE","MPhil Architecture","MRes","2026","September","1 Year","Main Campus Cardiff","2.1 Honours degree; Portfolio; IELTS 6.5","Independent research in urban design, environmental design, or architectural history.","Research Methods in Design, Thesis","www.cardiff.ac.uk"
"C_CAR019_RES_05","UK019","BUSINESS_MANAGEMENT","MPhil Business and Management","MRes","2026","September","1-2 Years","Cardiff Business School","First Class Honours; Research Proposal; IELTS 7.0","Doctoral-track research in finance, marketing, or logistics within a leading business school.","Business Research Methodologies, Thesis","www.cardiff.ac.uk"
"C_CAR019_RES_06","UK019","CHEMISTRY","MPhil Chemistry","MRes","2026","September","1 Year","Main Campus Cardiff","2.1 Honours degree; Supervisor agreement; IELTS 6.5","Original research in organic, inorganic, or physical chemistry leading to an MPhil.","Lab Safety, Research Techniques, Thesis","www.cardiff.ac.uk"
"C_CAR019_RES_07","UK019","COMPUTER_SCIENCE","MPhil Computer Science and Informatics","MRes","2026","September","1 Year","Main Campus Cardiff","2.1 Honours degree; Supervisor agreement; IELTS 6.5","Research into AI, cybersecurity, or data science leading to an MPhil.","Technical Writing, Thesis","www.cardiff.ac.uk"
"C_CAR019_RES_08","UK019","CIVIL_ENGINEERING","MPhil Engineering","MRes","2026","September","1 Year","Main Campus Cardiff","2.1 Honours degree in Engineering; IELTS 6.5","Covers Civil, Electrical, and Mechanical engineering research leading to an MPhil.","Engineering Research Methods, Thesis","www.cardiff.ac.uk"
"C_CAR019_RES_09","UK019","ENGLISH_LITERATURE","MPhil English Literature","MRes","2026","September","1 Year","Main Campus Cardiff","2.1 Honours degree; Research Proposal; IELTS 7.5","Scholarly investigation into literature from medieval to contemporary leading to an MPhil.","Historiography, Research Skills, Thesis","www.cardiff.ac.uk"
"C_CAR019_RES_10","UK019","GEOGRAPHY","MPhil Geography and Planning","MRes","2026","September","1 Year","Main Campus Cardiff","2.1 Honours degree; IELTS 7.0","Research into urban planning, human geography, or environmental policy leading to an MPhil.","Spatial Analysis, Thesis","www.cardiff.ac.uk"
"C_CAR019_RES_11","UK019","HISTORY","MPhil History","MRes","2026","September","1 Year","Main Campus Cardiff","2.1 Honours degree; Research Proposal; IELTS 7.0","In-depth historical research based on primary source analysis leading to an MPhil award.","Historical Methods, Thesis","www.cardiff.ac.uk"
"C_CAR019_RES_12","UK019","LAW","MPhil Law","MRes","2026","September","1 Year","Main Campus Cardiff","2.1 Honours degree; Research Proposal; IELTS 7.0","Independent legal scholarship in national or international law leading to an MPhil award.","Legal Research Methods, Thesis","www.cardiff.ac.uk"
"C_CAR019_RES_13","UK019","MATHEMATICS","MPhil Mathematics","MRes","2026","September","1 Year","Main Campus Cardiff","2.1 Honours degree; Supervisor agreement; IELTS 6.5","Original research in pure or applied mathematics leading to an MPhil award.","Advanced Math Seminars, Thesis","www.cardiff.ac.uk"
"C_CAR019_RES_14","UK019","MEDICINE","MPhil Medicine","MRes","2026","September","1 Year","Heath Park Campus","2.1 Honours degree; Supervisor agreement; IELTS 7.0","Clinical or lab-based research in cancer, infection, or immunity leading to an MPhil.","Bioethics, Biostatistics, Thesis","www.cardiff.ac.uk"
"C_CAR019_RES_15","UK019","MUSIC","MPhil Music","MRes","2026","September","1 Year","Main Campus Cardiff","2.1 Honours degree; Portfolio; IELTS 7.0","Scholarly research in musicology or composition leading to an MPhil award.","Music Research Methods, Thesis","www.cardiff.ac.uk"
"C_CAR019_RES_16","UK019","PHYSICS","MPhil Physics and Astronomy","MRes","2026","September","1 Year","Main Campus Cardiff","2.1 Honours degree; Supervisor agreement; IELTS 6.5","Research in astrophysics, nanotech, or magnetism leading to an MPhil award.","Advanced Physics Techniques, Thesis","www.cardiff.ac.uk"
"C_CAR019_RES_17","UK019","PSYCHOLOGY","MPhil Psychology","MRes","2026","September","1 Year","Main Campus Cardiff","2.1 Honours degree; Research Proposal; IELTS 7.0","Broad range of research topics in experimental psychology leading to an MPhil.","Psychology Research Methods, Thesis","www.cardiff.ac.uk"
"C_CAR019_RES_18","UK019","JOURNALISM","MPhil Journalism, Media and Culture","MRes","2026","September","1 Year","Main Campus Cardiff","2.1 Honours degree; Research Proposal; IELTS 7.0","Research into journalism studies, media industry, and digital culture leading to an MPhil.","Media Research Methods, Thesis","www.cardiff.ac.uk"
"C_CSG020_RES_01","UK020","MEDICAL_SCIENCES","MRes Clinical Research","MRes","2026","September","1 Year","Tooting Campus","2.1 Honours degree; Professional healthcare registration; IELTS 7.0","Specialist research training for clinicians to lead medical trials and healthcare evaluations.","Statistics, Research Ethics, Thesis","www.sgul.ac.uk"
"C_CSG020_RES_02","UK020","BIOLOGY","MRes Biomedical Science","MRes","2026","September","1 Year","Tooting Campus","2.1 Honours degree in Science; IELTS 7.0","Laboratory-intensive research with pathways in Infection & Immunity or Molecular Mechanisms.","Research Methods, Lab Rotation, Thesis","www.sgul.ac.uk"
"C_CSG020_RES_03","UK020","ECONOMICS","MRes Economics","MRes","2026","September","1 Year","Northampton Square","2.1 Honours degree in Economics; IELTS 6.5","Rigorous PhD-track training in econometrics and advanced micro/macro theory.","Econometrics, Research Design, Thesis","www.city.ac.uk"
"C_CSG020_RES_04","UK020","FINANCE","MRes Finance","MRes","2026","September","1 Year","Bayes Business School","First Class Honours; GMAT/GRE; IELTS 7.0","Quantitative research foundation in asset pricing and corporate finance for doctoral preparation.","Asset Pricing, Corporate Finance, Thesis","www.bayes.city.ac.uk"
"C_CSG020_RES_05","UK020","MANAGEMENT","MRes Management","MRes","2026","September","1 Year","Bayes Business School","First Class Honours; GMAT/GRE; IELTS 7.0","Research training in organizational behaviour, marketing, and business strategy.","Management Theory, Research Methods, Thesis","www.bayes.city.ac.uk"
"C_CSG020_RES_06","UK020","PSYCHOLOGY","MRes Research Methods with Psychology","MRes","2026","September","1 Year","Northampton Square","2.1 Honours degree in Psychology; IELTS 7.0","Advanced psychological research methods and independent project work for research careers.","Advanced Statistics, Qualitative Methods, Thesis","www.city.ac.uk"
"C_CSG020_RES_07","UK020","HEALTH_SCIENCES","MRes Food Policy","MRes","2026","September","1 Year","Northampton Square","2.1 Honours degree; Research Proposal; IELTS 7.0","Independent research into global food systems, sustainability, and public health policy.","Food Policy Research Methods, Thesis","www.city.ac.uk"
"C_CSG020_RES_08","UK020","HEALTH_SCIENCES","MRes Health Management","MRes","2026","September","1 Year","Northampton Square","2.1 Honours degree; Research Proposal; IELTS 7.0","Advanced research into health systems management and leadership.","Health Management Research, Thesis","www.city.ac.uk"
"C_CSG020_RES_09","UK020","LAW","MPhil Law","MRes","2026","September","1 Year","The City Law School","2.1 Honours degree; Research Proposal; IELTS 7.0","Independent legal scholarship in commercial, criminal, or international law leading to an MPhil.","Legal Research Skills, Thesis","www.city.ac.uk"
"C_CSG020_RES_10","UK020","MECHANICAL_ENGINEERING","MPhil Engineering","MRes","2026","September","1 Year","Northampton Square","2.1 Honours degree; Supervisor agreement; IELTS 6.5","Research in aeronautics, robotics, energy systems, and civil engineering leading to an MPhil.","Technical Research Skills, Thesis","www.city.ac.uk"
"C_CSG020_RES_11","UK020","MUSIC","MPhil Music","MRes","2026","September","1 Year","Northampton Square","2.1 Honours degree; Portfolio; IELTS 6.5","Specialized research in musicology, ethnomusicology, or composition leading to an MPhil.","Music Research Methods, Thesis","www.city.ac.uk"
"C_CSG020_RES_12","UK020","COMMUNICATION_STUDIES","MPhil Journalism","MRes","2026","September","1 Year","Northampton Square","2.1 Honours degree; Portfolio; IELTS 7.0","Research into media ethics, digital journalism, and communication history leading to an MPhil.","Journalism Research Methods, Thesis","www.city.ac.uk"
"C_CSG020_RES_13","UK020","ACTUARIAL_SCIENCE","MRes Actuarial Science","MRes","2026","September","1 Year","Bayes Business School","First Class Honours in Math/Stats; IELTS 7.0","Specialist research training in insurance, risk management, and actuarial modelling.","Stochastic Modelling, Research Methods, Thesis","www.bayes.city.ac.uk"
"C_COV021_RES_01","UK021","BUSINESS_MANAGEMENT","MRes Business and Management","MRes","2026","September","1 Year","Main Campus Coventry","2.1 Honours degree; Research Proposal; IELTS 6.5","Specialised training in business research methodologies and independent project work within the Faculty of Business and Law.","Research Design, Quantitative & Qualitative Methods, Thesis","www.coventry.ac.uk"
"C_COV021_RES_02","UK021","PSYCHOLOGY","MRes Psychology","MRes","2026","September","1 Year","Main Campus Coventry","2.1 Honours degree in Psychology; Research Proposal; IELTS 6.5","Advanced research training in cognitive, social, and forensic psychology for those pursuing research careers.","Advanced Psychology Methods, Data Analysis, Thesis","www.coventry.ac.uk"
"C_COV021_RES_03","UK021","ARTS","MRes Arts and Humanities","MRes","2026","September","1 Year","Main Campus Coventry","2.1 Honours degree; Portfolio; IELTS 6.5","A research-led track allowing specialization in digital media, performing arts, or cultural heritage.","Creative Research Methods, Thesis","www.coventry.ac.uk"
"C_COV021_RES_04","UK021","BIOLOGY","MSc by Research (Life Sciences)","MRes","2026","September","1 Year","Main Campus Coventry","2.1 Honours degree; Supervisor agreement; IELTS 6.5","Specialized laboratory research in biomedical science and molecular biology leading to a Master's by Research.","Scientific Research Methods, Thesis","www.coventry.ac.uk"
"C_COV021_RES_05","UK021","MECHANICAL_ENGINEERING","MSc by Research (Engineering)","MRes","2026","September","1 Year","Main Campus Coventry","2.1 Honours degree; Supervisor agreement; IELTS 6.0","Technical research in automotive design, aerospace, or manufacturing systems leading to a Master's by Research.","Technical Research Skills, Thesis","www.coventry.ac.uk"
"C_COV021_RES_06","UK021","COMPUTER_SCIENCE","MSc by Research (Computing)","MRes","2026","September","1 Year","Main Campus Coventry","2.1 Honours degree; Supervisor agreement; IELTS 6.0","Research into AI, cybersecurity, and future transport technologies leading to a Master's by Research.","Technical Writing, Thesis","www.coventry.ac.uk"
"C_COV021_RES_07","UK021","SOCIAL_SCIENCES","MRes Social Science","MRes","2026","September","1 Year","Main Campus Coventry","2.1 Honours degree; Research Proposal; IELTS 6.5","Interdisciplinary research training across sociology, politics, and international relations.","Social Research Design, Qualitative Methods, Thesis","www.coventry.ac.uk"
"C_COV021_RES_08","UK021","HEALTH_SCIENCES","MRes Applied Health Research","MRes","2026","September","1 Year","Main Campus Coventry","2.1 Honours degree; Professional Registration; IELTS 7.0","Research training for healthcare professionals to evaluate clinical practice and health policy.","Epidemiology, Health Research Methods, Thesis","www.coventry.ac.uk"
"C_CRA022_RES_01","UK022","AEROSPACE_ENGINEERING","MSc by Research (Aerospace)","MRes","2026","September","1 Year","Cranfield Campus","2.1 Honours degree; Supervisor agreement; IELTS 6.5","Advanced research in aircraft design, autonomous systems, or propulsion within a world-class aerospace facility.","Technical Research Skills, Thesis","www.cranfield.ac.uk"
"C_CRA022_RES_02","UK022","MECHANICAL_ENGINEERING","MSc by Research (Energy and Sustainability)","MRes","2026","September","1 Year","Cranfield Campus","2.1 Honours degree; Supervisor agreement; IELTS 6.5","Research into renewable energy, carbon capture, or thermal power systems.","Technical Writing, Thesis","www.cranfield.ac.uk"
"C_CRA022_RES_03","UK022","BUSINESS_MANAGEMENT","MRes Management and Business","MRes","2026","September","1 Year","School of Management","First Class Honours; GMAT/GRE; IELTS 7.0","Research-intensive PhD-track foundation focusing on organizational behavior, strategy, or leadership.","Management Research Methods, Advanced Theory, Thesis","www.cranfield.ac.uk"
"C_CRA022_RES_04","UK022","ENVIRONMENTAL_ENGINEERING","MSc by Research (Environment and Agrifood)","MRes","2026","September","1 Year","Cranfield Campus","2.1 Honours degree; Supervisor agreement; IELTS 6.5","Specialist research in soil science, water management, or sustainable food systems.","Experimental Design, Thesis","www.cranfield.ac.uk"
"C_CRA022_RES_05","UK022","TRANSPORT_MANAGEMENT","MSc by Research (Transport Systems)","MRes","2026","September","1 Year","Cranfield Campus","2.1 Honours degree; Supervisor agreement; IELTS 6.5","Specialized research into automotive engineering, future transport, and logistics.","Technical Research Skills, Thesis","www.cranfield.ac.uk"
"C_CRA022_RES_06","UK022","MATERIALS_SCIENCE","MSc by Research (Manufacturing)","MRes","2026","September","1 Year","Cranfield Campus","2.1 Honours degree; Supervisor agreement; IELTS 6.5","Research in advanced materials, robotics, or aerospace manufacturing technologies.","Advanced Materials Analysis, Thesis","www.cranfield.ac.uk"
"C_CRA022_RES_07","UK022","WATER_SCIENCE","MSc by Research (Water)","MRes","2026","September","1 Year","Cranfield Campus","2.1 Honours degree; Supervisor agreement; IELTS 6.5","Research into wastewater treatment, water policy, or desalination.","Analytical Techniques, Thesis","www.cranfield.ac.uk"
"C_CRA022_RES_08","UK022","COMPUTER_SCIENCE","MSc by Research (Digital and Information Systems)","MRes","2026","September","1 Year","Cranfield Campus","2.1 Honours degree; Supervisor agreement; IELTS 6.5","Research in cybersecurity, AI, and digital twin technology.","Technical Writing, Thesis","www.cranfield.ac.uk"
"C_CRA022_RES_09","UK022","LEADERSHIP","MRes Management and Business (Leadership and Management)","MRes","2026","September","1 Year","School of Management","First Class Honours; GMAT/GRE; IELTS 7.0","Specialist research training in leadership theory, executive development, and organizational change.","Leadership Research, Advanced Theory, Thesis","www.cranfield.ac.uk"
"C_DMU023_RES_01","UK023","ARTS","MA by Research (Art, Design and Architecture)","MRes","2026","September","1 Year","Leicester Campus","2.1 Honours degree; Portfolio; Research Proposal; IELTS 6.5","Practice-based research in fine art, fashion, design, or architecture leading to an MA by Research award.","Research Methods for Creative Practice, Thesis","www.dmu.ac.uk"
"C_DMU023_RES_02","UK023","COMPUTER_SCIENCE","MSc by Research (Computing and Informatics)","MRes","2026","September","1 Year","Leicester Campus","2.1 Honours degree; Supervisor agreement; IELTS 6.0","Technical research in AI, cybersecurity, or software engineering within the Faculty of Computing, Engineering and Media.","Technical Research Skills, Thesis","www.dmu.ac.uk"
"C_DMU023_RES_03","UK023","MECHANICAL_ENGINEERING","MSc by Research (Engineering and Sustainable Development)","MRes","2026","September","1 Year","Leicester Campus","2.1 Honours degree in Engineering; IELTS 6.0","Research into renewable energy, mechanical systems, or civil engineering leading to an MSc by Research.","Engineering Research Methods, Thesis","www.dmu.ac.uk"
"C_DMU023_RES_04","UK023","MEDICAL_SCIENCES","MSc by Research (Health and Life Sciences)","MRes","2026","September","1 Year","Leicester Campus","2.1 Honours degree; Supervisor agreement; IELTS 6.5","Specialised research in pharmacy, nursing, or biomedical science within the Faculty of Health and Life Sciences.","Healthcare Research Ethics, Thesis","www.dmu.ac.uk"
"C_DMU023_RES_05","UK023","BUSINESS_MANAGEMENT","MA/MSc by Research (Business and Law)","MRes","2026","September","1 Year","Leicester Campus","2.1 Honours degree; Research Proposal; IELTS 6.5","Independent research in management, marketing, or legal studies leading to a Master's by Research.","Business Research Methodologies, Thesis","www.dmu.ac.uk"
"C_DMU023_RES_06","UK023","HEALTH_SOCIAL_CARE","MSc by Research (Applied Health and Social Care)","MRes","2026","September","1 Year","Leicester Campus","2.1 Honours degree; Research Proposal; IELTS 6.5","Research training for professionals focusing on health policy, social work, and care evaluation.","Research Methods, Thesis","www.dmu.ac.uk"
"C_EHU024_RES_01","UK024","BIOLOGY","MRes Biology","MRes","2026","September","1 Year","Ormskirk Campus","2.1 Honours degree in Science; IELTS 6.5","Advanced research in genetics, microbiology, or ecology within a dedicated lab environment.","Research Methods in Biology, Thesis","www.edgehill.ac.uk"
"C_EHU024_RES_02","UK024","COMPUTER_SCIENCE","MRes Computer Science","MRes","2026","September","1 Year","Ormskirk Campus","2.1 Honours degree; Supervisor agreement; IELTS 6.5","Technical research training in AI, cybersecurity, or data science.","Technical Research Skills, Thesis","www.edgehill.ac.uk"
"C_EHU024_RES_03","UK024","HISTORY","MRes History","MRes","2026","September","1 Year","Ormskirk Campus","2.1 Honours degree in History; IELTS 7.0","Research-led track focusing on historiography and primary source analysis.","Historiography and Research Methods, Thesis","www.edgehill.ac.uk"
"C_EHU024_RES_04","UK024","ENGLISH_LITERATURE","MRes English Literature","MRes","2026","September","1 Year","Ormskirk Campus","2.1 Honours degree; Research Proposal; IELTS 7.0","Scholarly research into literary theory and specific historical periods.","Literary Research Methods, Thesis","www.edgehill.ac.uk"
"C_EHU024_RES_05","UK024","PSYCHOLOGY","MRes Psychology","MRes","2026","September","1 Year","Ormskirk Campus","2.1 Honours degree in Psychology; IELTS 7.0","Specialised research training in cognitive, social, or developmental psychology.","Advanced Statistics and Research Design, Thesis","www.edgehill.ac.uk"
"C_EHU024_RES_06","UK024","SPORT_SCIENCE","MRes Sport and Exercise Science","MRes","2026","September","1 Year","Ormskirk Campus","2.1 Honours degree; IELTS 6.5","Investigation into physiology, biomechanics, or psychology of sport performance.","Sport Science Research Methods, Thesis","www.edgehill.ac.uk"
"C_EHU024_RES_07","UK024","CREATIVE_WRITING","MRes Creative Writing","MRes","2026","September","1 Year","Ormskirk Campus","2.1 Honours degree; Portfolio; IELTS 7.0","Practice-based research in fiction, poetry, or screenwriting.","Creative Writing Research Practice, Thesis","www.edgehill.ac.uk"
"C_EHU024_RES_08","UK024","GEOGRAPHY","MRes Geography","MRes","2026","September","1 Year","Ormskirk Campus","2.1 Honours degree; Supervisor agreement; IELTS 6.5","Research in physical or human geography and environmental management.","Geographical Research Skills, Thesis","www.edgehill.ac.uk"
"C_EHU024_RES_09","UK024","SOCIAL_SCIENCES","MRes Social Sciences","MRes","2026","September","1 Year","Ormskirk Campus","2.1 Honours degree; Research Proposal; IELTS 6.5","Interdisciplinary research training in sociology, politics, or criminology.","Social Research Design, Thesis","www.edgehill.ac.uk"
"C_EHU024_RES_10","UK024","MEDIA","MRes Media","MRes","2026","September","1 Year","Ormskirk Campus","2.1 Honours degree; Portfolio; IELTS 6.5","Research focused on film studies, media industry, and digital communications.","Media Research Methodologies, Thesis","www.edgehill.ac.uk"
"C_ENU025_RES_01","UK025","COMPUTER_SCIENCE","MRes Computing","MRes","2026","October","1 Year","Merchiston Campus","2.1 Honours degree; Research Proposal; IELTS 6.0","Specialised research training in cybersecurity, software engineering, or AI within the School of Computing, Engineering & the Built Environment.","Research Methods, Technical Writing, Thesis","www.napier.ac.uk"
"C_ENU025_RES_02","UK025","BIOLOGY","MRes Applied Sciences","MRes","2026","October","1 Year","Sighthill Campus","2.1 Honours degree in Science; IELTS 6.5","Research projects in microbiology, environmental science, or biomedical science within the School of Applied Sciences.","Laboratory Research Skills, Thesis","www.napier.ac.uk"
"C_ENU025_RES_03","UK025","BUSINESS_MANAGEMENT","MRes Business and Management","MRes","2026","October","1 Year","Craiglockhart Campus","2.1 Honours degree; Research Proposal; IELTS 6.5","Independent research in marketing, finance, or HR designed for doctoral preparation.","Business Research Methodologies, Thesis","www.napier.ac.uk"
"C_ENU025_RES_04","UK025","ARTS","MRes Creative Industries","MRes","2026","October","1 Year","Merchiston Campus","2.1 Honours degree; Portfolio; IELTS 6.5","Practice-based research in design, film, or music within the School of Arts & Creative Industries.","Creative Practice Methods, Thesis","www.napier.ac.uk"
"C_ENU025_RES_05","UK025","SPORT_SCIENCE","MRes Sport and Exercise Science","MRes","2026","October","1 Year","Sighthill Campus","2.1 Honours degree; IELTS 6.5","Specialist focus on sports performance, physiology, and biomechanics.","Sport Science Methods, Thesis","www.napier.ac.uk"
"C_ENU025_RES_06","UK025","SOCIAL_SCIENCES","MRes Criminology, Psychology and Sociology","MRes","2026","October","1 Year","Sighthill Campus","2.1 Honours degree; Research Proposal; IELTS 6.5","Interdisciplinary research training across the social sciences for research careers.","Social Research Design, Qualitative Methods, Thesis","www.napier.ac.uk"
"C_ENU025_RES_07","UK025","HEALTH_SOCIAL_CARE","MRes Health and Social Care","MRes","2026","October","1 Year","Sighthill Campus","2.1 Honours degree; Research Proposal; IELTS 7.0","Research training for healthcare professionals to evaluate clinical practice and health policy.","Health Research Ethics, Thesis","www.napier.ac.uk"
"C_FAL026_RES_01","UK026","COMPUTER_SCIENCE","MPhil Computing for Games","MRes","2026","September","1 Year","Penryn Campus","2.1 Honours degree in Computing/Math; Portfolio; IELTS 6.5","Specialised research into AI, game engine technology, and immersive systems leading to an MPhil award.","Advanced Programming for Games, Research Methods, Thesis","www.falmouth.ac.uk"
"C_FAL026_RES_02","UK026","DESIGN","MPhil Art, Design and Media","MRes","2026","September","2 Years","Falmouth Campus","2.1 Honours degree; Portfolio; Research Proposal; IELTS 6.5","Independent practice-led research in fine art, photography, or communication design.","Creative Practice Methodologies, Thesis","www.falmouth.ac.uk"
"C_FAL026_RES_03","UK026","GAME_DESIGN","MPhil Games and Digital Games","MRes","2026","September","2 Years","Penryn Campus","2.1 Honours degree; Portfolio; Research Proposal; IELTS 6.5","Independent research into game design, ludology, and digital culture.","Game Design Theory, Research Methods, Thesis","www.falmouth.ac.uk"
"C_FAL026_RES_04","UK026","FASHION","MPhil Sustainable Fashion","MRes","2026","September","2 Years","Penryn Campus","2.1 Honours degree; Portfolio; Research Proposal; IELTS 6.5","Research-led practice focusing on ethical production, circular economy, and material innovation in fashion.","Sustainable Design Methods, Thesis","www.falmouth.ac.uk"
"C_FAL026_RES_05","UK026","FILM_TV","MPhil Film & Television","MRes","2026","September","2 Years","Penryn Campus","2.1 Honours degree; Portfolio; Research Proposal; IELTS 6.5","Independent research into cinematography, documentary practice, or film theory.","Film Research Methodologies, Thesis","www.falmouth.ac.uk"
"C_GCU027_RES_01","UK027","HEALTH_SCIENCES","MRes Health and Social Care Research","MRes","2026","September","1 Year","Glasgow Campus","2.1 Honours degree; Supervisor agreement; IELTS 6.5","Advanced research training in nursing, physiotherapy, or public health within the School of Health and Life Sciences.","Research Methods, Data Analysis, Thesis","www.gcu.ac.uk"
"C_GCU027_RES_02","UK027","BUSINESS_MANAGEMENT","MRes Business and Management Research","MRes","2026","September","1 Year","Glasgow Campus","2.1 Honours degree; Research Proposal; IELTS 6.5","Independent research in marketing, finance, or social entrepreneurship at the Glasgow School for Business and Society.","Business Research Methodologies, Thesis","www.gcu.ac.uk"
"C_GCU027_RES_03","UK027","COMPUTER_SCIENCE","MPhil Computing and Creative Technologies","MRes","2026","September","2 Years","Glasgow Campus","2.1 Honours degree; Supervisor agreement; IELTS 6.0","Technical research into cybersecurity, software systems, and data science leading to an MPhil award.","Technical Research Skills, Thesis","www.gcu.ac.uk"
"C_GCU027_RES_04","UK027","CIVIL_ENGINEERING","MPhil Engineering and Built Environment","MRes","2026","September","2 Years","Glasgow Campus","2.1 Honours degree; Supervisor agreement; IELTS 6.0","Research into civil engineering, mechanical systems, or smart cities leading to an MPhil award.","Engineering Research Methods, Thesis","www.gcu.ac.uk"
"C_GCU027_RES_05","UK027","SOCIAL_SCIENCES","MRes Social Sciences","MRes","2026","September","1 Year","Glasgow Campus","2.1 Honours degree; Research Proposal; IELTS 6.5","Interdisciplinary research training in sociology, politics, or criminology for doctoral preparation.","Social Research Design, Thesis","www.gcu.ac.uk"
"C_GCU027_RES_06","UK027","BIOLOGY","MRes Applied Sciences","MRes","2026","September","1 Year","Glasgow Campus","2.1 Honours degree in Science; IELTS 6.5","Research specialisms in microbiology, molecular biology, or environmental science.","Scientific Research Methods, Thesis","www.gcu.ac.uk"
"C_GOL028_RES_01","UK028","ANTHROPOLOGY","MRes Anthropology","MRes","2026","September","1 Year","New Cross London","2.1 Honours degree; Research Proposal; IELTS 7.0","Advanced training in ethnographic methods and anthropological theory within a world-leading department.","General Research Skills, Ethnographic Methods, Thesis","www.gold.ac.uk"
"C_GOL028_RES_02","UK028","SOCIOLOGY","MRes Sociology","MRes","2026","September","1 Year","New Cross London","2.1 Honours degree; Research Proposal; IELTS 7.0","Specialised research training in social theory, urban studies, and inequality for doctoral preparation.","Core Qualitative Methods, Quantitative Methods, Thesis","www.gold.ac.uk"
"C_GOL028_RES_03","UK028","PSYCHOLOGY","MRes Research Methods in Psychology","MRes","2026","September","1 Year","New Cross London","2.1 Honours degree in Psychology; IELTS 7.0","Research-intensive track focusing on advanced statistics and experimental design in psychology.","Advanced Quantitative Methods, Lab Rotation, Thesis","www.gold.ac.uk"
"C_GOL028_RES_04","UK028","FINE_ART","MPhil Fine Art","MRes","2026","September","2 Years","New Cross London","2.1 Honours degree; Portfolio; Research Proposal; IELTS 6.5","Independent practice-led research in contemporary art and theory leading to an MPhil award.","Research Methodologies in Art, Thesis","www.gold.ac.uk"
"C_GOL028_RES_05","UK028","DESIGN","MPhil Design","MRes","2026","September","2 Years","New Cross London","2.1 Honours degree; Portfolio; Research Proposal; IELTS 6.5","Critical research into design practice, social design, and technology leading to an MPhil award.","Design Research Methods, Thesis","www.gold.ac.uk"
"C_GOL028_RES_06","UK028","MEDIA_AND_COMMUNICATION","MPhil Media and Communications","MRes","2026","September","2 Years","New Cross London","2.1 Honours degree; Research Proposal; IELTS 7.0","Independent research in media ethics, digital culture, and journalism leading to an MPhil award.","Media Research Methods, Thesis","www.gold.ac.uk"
"C_GOL028_RES_07","UK028","MUSIC","MPhil Music","MRes","2026","September","2 Years","New Cross London","2.1 Honours degree; Portfolio/Audition; IELTS 7.0","Research in ethnomusicology, composition, or performance studies leading to an MPhil award.","Music Research Methodologies, Thesis","www.gold.ac.uk"
"C_GOL028_RES_08","UK028","DRAMA_AND_THEATRE","MPhil Drama","MRes","2026","September","2 Years","New Cross London","2.1 Honours degree; Research Proposal; IELTS 7.0","Advanced research in theatre history, performance theory, and scenography leading to an MPhil award.","Performance Research Skills, Thesis","www.gold.ac.uk"
"C_GOL028_RES_09","UK028","COMPUTER_SCIENCE","MRes Computer Science","MRes","2026","September","1 Year","New Cross London","2.1 Honours degree; Supervisor agreement; IELTS 6.5","Specialist research training in creative computing, AI, and human-computer interaction.","Technical Research Skills, Thesis","www.gold.ac.uk"
"C_GOL028_RES_10","UK028","CULTURAL_STUDIES","MRes Visual Anthropology","MRes","2026","September","1 Year","New Cross London","2.1 Honours degree; Portfolio; IELTS 7.0","Combining anthropological theory with practical filmmaking and photography for research.","Visual Anthropology Methods, Film Project, Thesis","www.gold.ac.uk"
"C_GOL028_RES_11","UK028","CURating","MRes Curatorial/Knowledge","MRes","2026","September","1 Year","New Cross London","2.1 Honours degree; Research Proposal; IELTS 7.0","A research-led program focusing on the intersection of curatorial practice and academic knowledge production.","Curatorial Research, Thesis","www.gold.ac.uk"
"C_GOL028_RES_12","UK028","HUMANITIES","MRes Humanities and Critical Theory","MRes","2026","September","1 Year","New Cross London","2.1 Honours degree; Research Proposal; IELTS 7.0","Advanced research training in continental philosophy, critical theory, and cultural studies.","Critical Theory Methods, Thesis","www.gold.ac.uk"
"C_HAU029_RES_01","UK029","AGRICULTURE","Masters by Research (Agriculture)","MRes","2026","September","1 Year","Shropshire Campus","2.1 Honours degree; Research Proposal; IELTS 6.0","Specialised research in crop science, livestock production, or soil health within a specialist agricultural setting.","Research Methods, Thesis","www.harper-adams.ac.uk"
"C_HAU029_RES_02","UK029","MECHANICAL_ENGINEERING","Masters by Research (Agricultural Engineering)","MRes","2026","September","1 Year","Shropshire Campus","2.1 Honours degree in Engineering; IELTS 6.0","Research into precision farming technology, robotics, and off-road vehicles.","Technical Research Skills, Thesis","www.harper-adams.ac.uk"
"C_HAU029_RES_03","UK029","BUSINESS_MANAGEMENT","Masters by Research (Agri-Business Management)","MRes","2026","September","1 Year","Shropshire Campus","2.1 Honours degree; Research Proposal; IELTS 6.0","Investigation into food supply chains, rural land management, or agri-marketing.","Business Research Methods, Thesis","www.harper-adams.ac.uk"
"C_HAU029_RES_04","UK029","BIOLOGY","Masters by Research (Entomology)","MRes","2026","September","1 Year","Shropshire Campus","2.1 Honours degree in Science; IELTS 6.0","Specialist research in insect ecology, pest management, and biodiversity.","Advanced Entomology, Thesis","www.harper-adams.ac.uk"
"C_HAU029_RES_05","UK029","FOOD_SCIENCE","Masters by Research (Food Science and Consumer Behaviour)","MRes","2026","September","1 Year","Shropshire Campus","2.1 Honours degree; Research Proposal; IELTS 6.5","Research into superfoods, product development, and consumer attitude analysis.","Product Development Research, Thesis","www.harper-adams.ac.uk"
"C_HAU029_RES_06","UK029","VETERINARY_SCIENCE","Masters by Research (Advanced Veterinary Nursing)","MRes","2026","September","1 Year","Shropshire Campus","2.1 Honours degree; Professional Registration; IELTS 7.0","Research training for veterinary professionals focusing on clinical practice and animal welfare.","Clinical Research Ethics, Thesis","www.harper-adams.ac.uk"
"C_HAR030_RES_01","UK030","SPORT_SCIENCE","MRes Sport Performance","MRes","2026","September","1 Year","Gloucester Campus","2.1 Honours degree; Research Proposal; IELTS 6.5","Research-intensive training in sports coaching, strength & conditioning, or physiology within a world-class sporting environment.","Research Methods, Advanced Statistics, Thesis","www.hartpury.ac.uk"
"C_HAR030_RES_02","UK030","SPORT_SCIENCE","MRes Equestrian Performance","MRes","2026","September","1 Year","Gloucester Campus","2.1 Honours degree; Research Proposal; IELTS 6.5","Evidence-based research into rider and horse performance and biomechanics using industry-leading facilities.","Equine Research Methods, Thesis","www.hartpury.ac.uk"
"C_HAR030_RES_03","UK030","ZOOLOGY","MRes Anthrozoology","MRes","2026","September","1 Year","Gloucester Campus","2.1 Honours degree; Research Proposal; IELTS 6.5","Multidisciplinary research into the interactions between humans and animals, focusing on welfare and psychology.","Social Research Design, Animal Ethics, Thesis","www.hartpury.ac.uk"
"C_HAR030_RES_04","UK030","ANIMAL_SCIENCE","MRes Animal Science","MRes","2026","September","1 Year","Gloucester Campus","2.1 Honours degree in Science; Research Proposal; IELTS 6.5","Advanced research in animal behavior, nutrition, or welfare science across various species.","Advanced Animal Research, Thesis","www.hartpury.ac.uk"
"C_HWU032_RES_01","UK032","URBAN_PLANNING","MRes Health and Wellbeing in the Built Environment","MRes","2026","September","1 Year","Edinburgh Campus","2.1 Honours degree; Research Proposal; IELTS 6.5","Interdisciplinary research exploring the impact of designed environments on human health and urban sustainability.","Environmental Psychology, Research Methods, Thesis","www.hw.ac.uk"
"C_HWU032_RES_02","UK032","SUSTAINABILITY","MRes Water Management","MRes","2026","September","1 Year","Edinburgh Campus","2.1 Honours degree; Research Proposal; IELTS 6.5","Specialised research into water conservation, drainage, and sustainable water systems for urban and rural settings.","Water Management Theory, Research Skills, Thesis","www.hw.ac.uk"
"C_HWU032_RES_03","UK032","GEOLOGY","MRes Reservoir Geophysics","MRes","2026","September","1 Year","Edinburgh Campus","2.1 Honours degree in Geophysics/Physics; IELTS 6.5","High-level research in sub-surface imaging and reservoir characterisation for energy and environmental applications.","Advanced Geophysics, Fieldwork, Thesis","www.hw.ac.uk"
"C_HWU032_RES_04","UK032","BIOLOGY","MSc by Research (Life Sciences)","MRes","2026","September","1 Year","Edinburgh Campus","2.1 Honours degree; Supervisor agreement; IELTS 6.5","Research specialisms in brewing and distilling, marine biology, or molecular science leading to an MSc by Research.","Research Methods, Thesis","www.hw.ac.uk"
"C_HWU032_RES_05","UK032","COMPUTER_SCIENCE","MSc by Research (Mathematical and Computer Sciences)","MRes","2026","September","1 Year","Edinburgh Campus","2.1 Honours degree; Supervisor agreement; IELTS 6.0","Technical research in AI, data science, and robotics leading to an MSc by Research.","Technical Writing, Thesis","www.hw.ac.uk"
"C_HWU032_RES_06","UK032","CLIMATE_CHANGE","MRes Climate Change","MRes","2026","September","1 Year","Edinburgh Campus","2.1 Honours degree; Research Proposal; IELTS 6.5","Research training focused on climate mitigation, adaptation strategies, and environmental policy.","Climate Dynamics, Research Skills, Thesis","www.hw.ac.uk"
"C_HWU032_RES_07","UK032","URBAN_STUDIES","MRes Urban Real Estate","MRes","2026","September","1 Year","Edinburgh Campus","2.1 Honours degree; Research Proposal; IELTS 6.5","Specialist research into property markets, urban economics, and real estate investment.","Real Estate Economics, Thesis","www.hw.ac.uk"
"C_KEE033_RES_01","UK033","MEDICAL_SCIENCES","MRes Health and Care","MRes","2026","September","1 Year","Keele Campus","2.1 Honours degree in health/science; IELTS 7.0","Research-led training providing a foundation for clinical or laboratory-based medical careers.","Research Skills, Lab Rotation, Thesis","www.keele.ac.uk"
"C_KEE033_RES_02","UK033","HUMANITIES","MA by Research Humanities","MRes","2026","September","1 Year","Keele Campus","2.1 Honours degree; Research Proposal; IELTS 6.5","Specialised research track across History, English, Philosophy, or Music.","Humanities Research Methods, Thesis","www.keele.ac.uk"
"C_KEE033_RES_03","UK033","SOCIAL_SCIENCES","MSc Social Research","MRes","2026","September","1 Year","Keele Campus","2.1 Honours degree; IELTS 6.5","ESRC-recognised research training covering sociology, social policy, and education.","Quantitative Methods, Qualitative Research, Thesis","www.keele.ac.uk"
"C_KEE033_RES_04","UK033","NATURAL_SCIENCES","MSc by Research Natural Sciences","MRes","2026","September","1 Year","Keele Campus","2.1 Honours degree; Supervisor agreement; IELTS 6.5","Independent research in biosciences, chemistry, or environmental science.","Research Ethics, Thesis","www.keele.ac.uk"
"C_KEE033_RES_05","UK033","COMPUTER_SCIENCE","MSc by Research Computing and Mathematics","MRes","2026","September","1 Year","Keele Campus","2.1 Honours degree; Supervisor agreement; IELTS 6.0","Technical research projects in AI, data science, or cybersecurity.","Technical Research Skills, Thesis","www.keele.ac.uk"
"C_KEE033_RES_06","UK033","GEOGRAPHY","MA Human Geography and Sustainability Research","MRes","2026","September","1 Year","Keele Campus","2.1 Honours degree; IELTS 6.5","Specialist training in human geography and sustainability research methods.","Advanced Research Methods, Thesis","www.keele.ac.uk"
"C_KEE033_RES_07","UK033","BIOLOGY","MRes Bioscience","MRes","2026","September","1 Year","Keele Campus","2.1 Honours degree; IELTS 6.5","Advanced research training in biological sciences.","Research Methods, Project, Thesis","www.keele.ac.uk"
"C_KEE033_RES_08","UK033","CHEMISTRY","MRes Chemistry","MRes","2026","September","1 Year","Keele Campus","2.1 Honours degree; IELTS 6.5","Specialised laboratory research training in chemical sciences.","Research Methods, Lab Project, Thesis","www.keele.ac.uk"
"C_KCL034_RES_01","UK034","BIOLOGY","Biomedical and Molecular Sciences Research MRes","MRes","2026","September","16 Months","Guy's Campus","2.1 Honours degree in Science; IELTS 7.0","A laboratory-intensive programme providing training for a career in bioscience research.","Advanced Research Skills, Lab Rotations, Thesis","www.kcl.ac.uk"
"C_KCL034_RES_02","UK034","MEDICAL_SCIENCES","Cardiovascular Medicine and Sciences MRes","MRes","2026","September","1 Year","Guy's Campus","2.1 Honours degree; IELTS 7.0","In-depth research training in the field of heart and vascular medicine.","Cardiovascular Research Methods, Thesis","www.kcl.ac.uk"
"C_KCL034_RES_03","UK034","SOCIAL_SCIENCES","Clinical Research MRes","MRes","2026","September","1 Year","Waterloo Campus","2.1 Honours degree; IELTS 7.0","Develops knowledge and research skills to enhance careers in supporting and integrating research into clinical practice.","Research Design, Clinical Trials, Thesis","www.kcl.ac.uk"
"C_KCL034_RES_04","UK034","PHARMACY","Translational Cancer Medicine MRes","MRes","2026","September","1 Year","Guy's Campus","2.1 Honours degree; IELTS 7.0","Focuses on translating cancer biology discoveries into clinical practice.","Cancer Biology, Translational Science, Thesis","www.kcl.ac.uk"
"C_KCL034_RES_05","UK034","ENGINEERING","Healthcare Technologies MRes","MRes","2026","September","1 Year","St Thomas' Campus","2.1 Honours degree; IELTS 7.0","Train in healthcare engineering across AI, medical imaging, or robotics pathways.","AI in Healthcare, Robotics, Thesis","www.kcl.ac.uk"
"C_KCL034_RES_06","UK034","CHEMISTRY","Interdisciplinary Chemical Research MRes","MRes","2026","September","1 Year","Strand Campus","2.1 Honours degree; IELTS 7.0","Research-intensive programme covering the interface of chemistry and biology.","Chemical Research Methods, Lab Project, Thesis","www.kcl.ac.uk"
"C_KCL034_RES_07","UK034","DENTISTRY","Tissue Engineering & Innovation Technology MRes","MRes","2026","September","1 Year","Guy's Campus","2.1 Honours degree; IELTS 7.0","Advanced research into dental sciences and tissue regeneration.","Tissue Engineering, Stem Cells, Thesis","www.kcl.ac.uk"
"C_KCL034_RES_08","UK034","SOCIAL_SCIENCES","Law Research MPhil","MRes","2026","September","2 Years","Somerset House","First Class Honours; Research Proposal; IELTS 7.5","Independent legal scholarship and training in legal research methods.","Legal Research Skills, Thesis","www.kcl.ac.uk"
"C_KCL034_RES_09","UK034","HISTORY","History Research MPhil","MRes","2026","September","2 Years","Strand Campus","2.1 Honours degree; Research Proposal; IELTS 7.5","High-level historical research based on primary archival sources.","Historiography, Research Methods, Thesis","www.kcl.ac.uk"
"C_KIN035_RES_01","UK035","BUSINESS_MANAGEMENT","Business and Management MRes","MRes","2026","September","1 Year","Kingston Hill","2.1 Honours degree; Research Proposal; IELTS 6.5","Specialised research into strategy, marketing, human resources, or entrepreneurship.","Business Research Methods, Thesis","www.kingston.ac.uk"
"C_KIN035_RES_02","UK035","EDUCATION","Education MRes","MRes","2026","September","1 Year","Kingston Hill","2.1 Honours degree; Research Proposal; IELTS 6.5","Research-intensive training for education professionals and researchers.","Educational Research Methods, Thesis","www.kingston.ac.uk"
"C_KIN035_RES_03","UK035","PHARMACY","Pharmaceutical and Chemical Research MRes","MRes","2026","September","1 Year","Penrhyn Road","2.1 Honours degree in Science; IELTS 6.5","Advanced research training in preparation for doctoral studies or pharma industry R&D.","Lab Research Skills, Original Research Project, Thesis","www.kingston.ac.uk"
"C_KIN035_RES_04","UK035","ENGINEERING","Engineering, Computing and the Environment MSc by Research","MRes","2026","September","1 Year","Penrhyn Road","2.1 Honours degree; Supervisor agreement; IELTS 6.0","Independent research across engineering, computing, and environmental sciences.","Research Ethics, Dissertation","www.kingston.ac.uk"
"C_KIN035_RES_05","UK035","ARTS","Art & Design MPhil","MRes","2026","September","2 Years","Knights Park","2.1 Honours degree; Portfolio; Research Proposal; IELTS 6.5","Practice-based research in fine art, fashion, or communication design.","Creative Methodologies, Thesis","www.kingston.ac.uk"
"C_KIN035_RES_06","UK035","SOCIAL_SCIENCES","Health and Social Care MSc by Research","MRes","2026","September","1 Year","Kingston Hill","2.1 Honours degree; IELTS 6.5","Research to improve health outcomes, systems, and social care policy.","Applied Health Research Methods, Thesis","www.kingston.ac.uk"
"C_KIN035_RES_07","UK035","LAW","Law PhD/MPhil","MRes","2026","September","2 Years","Kingston Hill","2.1 Honours degree in Law; Research Proposal; IELTS 6.5","Independent legal scholarship pathway often leading to doctoral research.","Legal Research Training, Thesis","www.kingston.ac.uk"
"C_LAN036_RES_01","UK036","BUSINESS_MANAGEMENT","Management Science MRes","MRes","2026","September","1 Year","Main Campus","2.1 Honours degree; Research Proposal; IELTS 7.0","Doctoral-track research training in analytics, forecasting, and productivity.","Advanced Management Theory, Research Methods, Thesis","www.lancaster.ac.uk"
"C_LAN036_RES_02","UK036","STATISTICS","Statistics and Operational Research MRes","MRes","2026","September","1 Year","Main Campus","2.1 Honours degree in Maths/Stats; IELTS 6.5","Specialised research training for quantitative analysts and PhD candidates.","Probability, Statistical Inference, Thesis","www.lancaster.ac.uk"
"C_LAN036_RES_03","UK036","MEDICAL_SCIENCES","Medical Sciences MSc by Research","MRes","2026","September","1 Year","Main Campus","2.1 Honours degree in Science; IELTS 6.5","Intensive research training in cancer biology, immunology, or microbiology.","Biomedical Research Skills, Lab Rotations, Thesis","www.lancaster.ac.uk"
"C_LAN036_RES_04","UK036","CHEMISTRY","Chemistry MSc by Research","MRes","2026","September","1 Year","Main Campus","2.1 Honours degree; Supervisor agreement; IELTS 6.5","Independent research project within a chemistry research group.","Graduate Training, Research Project, Thesis","www.lancaster.ac.uk"
"C_LAN036_RES_05","UK036","COMPUTER_SCIENCE","Computer Science MSc by Research","MRes","2026","September","1 Year","Main Campus","2.1 Honours degree; Supervisor agreement; IELTS 6.5","Technical research in AI, cybersecurity, or data science.","Technical Research Skills, Thesis","www.lancaster.ac.uk"
"C_LAN036_RES_06","UK036","PHYSICS","Physics MSc by Research","MRes","2026","September","1 Year","Main Campus","2.1 Honours degree; Supervisor agreement; IELTS 6.5","Independent research in particle physics, cosmology, or nanotechnology.","Advanced Physics Techniques, Thesis","www.lancaster.ac.uk"
"C_LAN036_RES_07","UK036","ENGINEERING","Engineering MSc by Research","MRes","2026","September","1 Year","Main Campus","2.1 Honours degree; Supervisor agreement; IELTS 6.5","Research into mechanical, electronic, or nuclear engineering.","Engineering Research Skills, Thesis","www.lancaster.ac.uk"
"C_LAN036_RES_08","UK036","ENVIRONMENTAL_SCIENCE","Environmental Science MSc by Research","MRes","2026","September","1 Year","Main Campus","2.1 Honours degree; Supervisor agreement; IELTS 6.5","Research in ecology, plant science, or environmental chemistry.","Scientific Writing, Data Analysis, Thesis","www.lancaster.ac.uk"
"C_LAU037_RES_01","UK037","ARTS","MA Creative Practice","MRes","2026","September","1 Year","Blenheim Walk","2.1 Honours degree; Portfolio; Research Proposal; IELTS 6.0","A research-intensive programme for artists and designers to develop their practice through rigorous enquiry.","Research Methodologies, Experimental Practice, Thesis","www.leeds-art.ac.uk"
"C_LAU037_RES_02","UK037","FINE_ART","MA Fine Art","MRes","2026","September","1 Year","Blenheim Walk","2.1 Honours degree; Portfolio; Research Proposal; IELTS 6.0","Research-led studio practice focusing on contemporary fine art discourse and innovation.","Research Methods, Studio Practice, Thesis","www.leeds-art.ac.uk"
"C_LAU037_RES_03","UK037","GRAPHIC_DESIGN","MA Graphic Design","MRes","2026","September","1 Year","Blenheim Walk","2.1 Honours degree; Portfolio; Research Proposal; IELTS 6.0","Advanced research into graphic design theory, practice, and visual communication.","Design Research, Visual Inquiry, Thesis","www.leeds-art.ac.uk"
"C_LAU037_RES_04","UK037","ILLUSTRATION","MA Illustration","MRes","2026","September","1 Year","Blenheim Walk","2.1 Honours degree; Portfolio; Research Proposal; IELTS 6.0","Practice-based research exploring narrative, authorship, and visual storytelling.","Illustration Research, Project Development, Thesis","www.leeds-art.ac.uk"
"C_LAU037_RES_05","UK037","PHOTOGRAPHY","MA Photography","MRes","2026","September","1 Year","Blenheim Walk","2.1 Honours degree; Portfolio; Research Proposal; IELTS 6.0","Critical research into photographic practice, theory, and contemporary image-making.","Photographic Research, Visual Practice, Thesis","www.leeds-art.ac.uk"
"C_LAU037_RES_06","UK037","ANIMATION","MA Animation","MRes","2026","September","1 Year","Blenheim Walk","2.1 Honours degree; Portfolio; Research Proposal; IELTS 6.0","Specialist research in animation techniques, narrative structures, and digital innovation.","Animation Research, Production, Thesis","www.leeds-art.ac.uk"
"C_LAU037_RES_07","UK037","FASHION","MA Fashion Design","MRes","2026","September","1 Year","Blenheim Walk","2.1 Honours degree; Portfolio; Research Proposal; IELTS 6.0","Research-focused study of fashion systems, sustainable design, and material innovation.","Fashion Research, Design Development, Thesis","www.leeds-art.ac.uk"
"C_LAU037_RES_08","UK037","DIGITAL_FASHION","MA Digital Fashion","MRes","2026","September","1 Year","Blenheim Walk","2.1 Honours degree; Portfolio; Research Proposal; IELTS 6.0","Explores the digital future of fashion through research-led design and virtual prototyping.","Digital Research, Virtual Practice, Thesis","www.leeds-art.ac.uk"
"C_LAU037_RES_09","UK037","ADVERTISING","MA Advertising and Branding","MRes","2026","September","1 Year","Blenheim Walk","2.1 Honours degree; Research Proposal; IELTS 6.0","Critical research into brand management, creative direction, and digital strategy.","Strategic Research, Campaign Planning, Thesis","www.leeds-art.ac.uk"
"C_LAU037_RES_10","UK037","CREATIVE_WRITING","MA Creative Writing","MRes","2026","September","1 Year","Blenheim Walk","2.1 Honours degree; Research Proposal; IELTS 6.0","Positions the writer as a creative practitioner through intensive research into craft and narrative.","Creative Acts, Research Methodologies, Thesis","www.leeds-art.ac.uk"
"C_LBU038_RES_01","UK038","SPORT_SCIENCE","MRes Sport and Exercise Science","MRes","2026","September","1 Year","Headingley Campus","2.1 Honours degree; IELTS 6.5","Specialised research training in the Carnegie School of Sport.","Research Methods in Sport, Advanced Statistics, Thesis","www.leedsbeckett.ac.uk"
"C_LBU038_RES_02","UK038","SOCIAL_SCIENCES","Master of Research (MRes)","MRes","2026","September","1 Year","City Campus","2.1 Honours degree; IELTS 6.5","A flexible research degree allowing for multidisciplinary study across various schools.","Research Paradigms, Methodology, Thesis","www.leedsbeckett.ac.uk"
"C_LBU038_RES_03","UK038","BUSINESS_MANAGEMENT","MRes Business","MRes","2026","September","1 Year","City Campus","2.1 Honours degree; Research Proposal; IELTS 6.5","Specialised research into management, marketing, or finance.","Business Research Methodologies, Thesis","www.leedsbeckett.ac.uk"
"C_LBU038_RES_04","UK038","PSYCHOLOGY","MSc Psychology (Conversion) by Research","MRes","2026","September","1 Year","City Campus","2.1 Honours degree; IELTS 6.5","Provides BPS-accredited training alongside a major independent research project.","Psychological Research Methods, Thesis","www.leedsbeckett.ac.uk"
"C_LBU038_RES_05","UK038","HEALTH_SCIENCES","MSc Health and Social Care by Research","MRes","2026","September","1 Year","City Campus","2.1 Honours degree; Supervisor agreement; IELTS 6.5","Independent research focused on public health, nursing, or clinical practice.","Applied Health Research, Thesis","www.leedsbeckett.ac.uk"
"C_LBU038_RES_06","UK038","COMPUTER_SCIENCE","MSc Computing by Research","MRes","2026","September","1 Year","Headingley Campus","2.1 Honours degree; Supervisor agreement; IELTS 6.0","Technical research projects in AI, cybersecurity, or data science.","Technical Research Skills, Thesis","www.leedsbeckett.ac.uk"
"C_LBU038_RES_07","UK038","ENGINEERING","MSc Engineering by Research","MRes","2026","September","1 Year","Headingley Campus","2.1 Honours degree; Supervisor agreement; IELTS 6.0","Specialist research in robotics, electronics, or civil engineering.","Engineering Research Methods, Thesis","www.leedsbeckett.ac.uk"
"C_LTU039_RES_01","UK039","COMMUNICATION_STUDIES","Masters by Research (Journalism, Media and Culture)","MRes","2026","September","1 Year","Horsforth Campus","2.1 Honours degree; Research Proposal; IELTS 6.5","Specialised research into digital journalism, media ethics, or film studies.","Research Methods in Humanities, Thesis","www.leedstrinity.ac.uk"
"C_LTU039_RES_02","UK039","EDUCATION","Masters by Research (Education)","MRes","2026","September","1 Year","Horsforth Campus","2.1 Honours degree; Research Proposal; IELTS 6.5","Independent research into pedagogical theory, leadership, or inclusion.","Educational Enquiry, Thesis","www.leedstrinity.ac.uk"
"C_LTU039_RES_03","UK039","PSYCHOLOGY","Masters by Research (Psychology)","MRes","2026","September","1 Year","Horsforth Campus","2.1 Honours degree in Psychology; IELTS 6.5","Research projects in cognitive, social, or forensic psychology.","Psychological Research Methods, Thesis","www.leedstrinity.ac.uk"
"C_LTU039_RES_04","UK039","SPORT_SCIENCE","Masters by Research (Sport, Health and Nutrition)","MRes","2026","September","1 Year","Horsforth Campus","2.1 Honours degree; IELTS 6.5","Applied research into sports performance, physiology, or health nutrition.","Scientific Research Methods, Thesis","www.leedstrinity.ac.uk"
"C_LTU039_RES_05","UK039","BUSINESS_MANAGEMENT","Masters by Research (Business and Management)","MRes","2026","September","1 Year","Horsforth Campus","2.1 Honours degree; Research Proposal; IELTS 6.5","Independent research in marketing, entrepreneurship, or ethics.","Business Research Methodologies, Thesis","www.leedstrinity.ac.uk"
"C_LTU039_RES_06","UK039","SOCIAL_SCIENCES","Masters by Research (Criminology and Sociology)","MRes","2026","September","1 Year","Horsforth Campus","2.1 Honours degree; Research Proposal; IELTS 6.5","Research-led enquiry into social justice, repeat missing children, and residential care risks.","Social Research Methods, Thesis","www.leedstrinity.ac.uk"
"C_LTU039_RES_07","UK039","THEOLOGY","Masters by Research (Philosophy and Theology)","MRes","2026","September","1 Year","Horsforth Campus","2.1 Honours degree; Research Proposal; IELTS 6.5","Critical research into religious practice, expression, and philosophical thought.","Theological Research Skills, Thesis","www.leedstrinity.ac.uk"
"C_BGU040_RES_01","UK040","EDUCATION","Master by Research (Education)","MRes","2026","September","1 Year","Lincoln Campus","2.1 Honours degree; Research Proposal; IELTS 6.5","Specialised research into pedagogical theory, special educational needs, or leadership.","Research Methods in Education, Thesis","www.bishopg.ac.uk"
"C_BGU040_RES_02","UK040","HUMANITIES","Master by Research (Humanities)","MRes","2026","September","1 Year","Lincoln Campus","2.1 Honours degree; Research Proposal; IELTS 6.5","Independent research in History, English Literature, or Theology.","Humanities Research Skills, Thesis","www.bishopg.ac.uk"
"C_BGU040_RES_03","UK040","SOCIAL_SCIENCES","Master by Research (Social Sciences)","MRes","2026","September","1 Year","Lincoln Campus","2.1 Honours degree; Research Proposal; IELTS 6.5","Research focused on sociology, psychology, or community studies.","Social Research Methodologies, Thesis","www.bishopg.ac.uk"
"C_BGU040_RES_04","UK040","HEALTH_SCIENCES","Master by Research (Health & Social Care)","MRes","2026","September","1 Year","Lincoln Campus","2.1 Honours degree; Research Proposal; IELTS 6.5","Independent research into healthcare policy, nursing education, or social work.","Healthcare Research Methods, Thesis","www.bishopg.ac.uk"
"C_BGU040_RES_05","UK040","BUSINESS_MANAGEMENT","Master by Research (Business)","MRes","2026","September","1 Year","Lincoln Campus","2.1 Honours degree; Research Proposal; IELTS 6.5","Research-led study into organisational behaviour, marketing, or entrepreneurship.","Business Research Skills, Thesis","www.bishopg.ac.uk"
"C_LHO041_RES_01","UK041","HUMANITIES","Humanities MA by Research","MRes","2026","September","1 Year","Hope Park","2.1 Honours degree; Research Proposal; IELTS 6.5","Interdisciplinary research training in History, English, or Philosophy.","Research Skills, Thesis","www.hope.ac.uk"
"C_LHO041_RES_02","UK041","CRIMINOLOGY","Green Criminology and Environmental Crime MRes","MRes","2026","September","1 Year","Hope Park","2.1 Honours degree; IELTS 6.5","Specialised research into environmental harm, wildlife crime, and green justice.","Criminological Research, Thesis","www.hope.ac.uk"
"C_LHO041_RES_03","UK041","POLITICAL_SCIENCE","International Terrorism and Extremism MRes","MRes","2026","September","1 Year","Hope Park","2.1 Honours degree; IELTS 6.5","Advanced research into the causes, consequences, and prevention of global extremism.","Security Research Methods, Thesis","www.hope.ac.uk"
"C_LHO041_RES_04","UK041","CRIMINOLOGY","Transnational Crime MRes","MRes","2026","September","1 Year","Hope Park","2.1 Honours degree; IELTS 6.5","Focuses on research into cross-border criminal activities including human trafficking and smuggling.","Global Crime Research, Thesis","www.hope.ac.uk"
"C_LHO041_RES_05","UK041","EDUCATION","Education MA by Research","MRes","2026","September","1 Year","Hope Park","2.1 Honours degree in Education; IELTS 6.5","Advanced research in pedagogical theory and policy evaluation.","Educational Enquiry, Thesis","www.hope.ac.uk"
"C_LHO041_RES_06","UK041","SOCIAL_SCIENCES","Social Policy MA by Research","MRes","2026","September","1 Year","Hope Park","2.1 Honours degree; IELTS 6.5","Research-led study of welfare systems, social justice, and policy implementation.","Policy Analysis, Research Methods, Thesis","www.hope.ac.uk"
"C_LJM042_RES_01","UK042","SPORT_SCIENCE","MRes Sport and Exercise Science","MRes","2026","September","1 Year","Byrom Street","2.1 Honours degree; Research Proposal; IELTS 6.5","Specialised research training in biomechanics, physiology, or performance psychology.","Research Methods, Advanced Statistics, Thesis","www.ljmu.ac.uk"
"C_LJM042_RES_02","UK042","HEALTH_SCIENCES","MRes Clinical Exercise Physiology","MRes","2026","September","1 Year","Byrom Street","2.1 Honours degree; IELTS 6.5","Clinical research training focusing on exercise interventions for chronic disease management.","Clinical Research Skills, Lab Project, Thesis","www.ljmu.ac.uk"
"C_LJM042_RES_03","UK042","PSYCHOLOGY","MRes Psychology","MRes","2026","September","1 Year","Byrom Street","2.1 Honours degree in Psychology; IELTS 7.0","Advanced psychological research methods and independent project work.","Advanced Data Analysis, Thesis","www.ljmu.ac.uk"
"C_LJM042_RES_04","UK042","NATURAL_SCIENCES","MSc by Research (Natural Sciences)","MRes","2026","September","1 Year","Byrom Street","2.1 Honours degree in Science; IELTS 6.5","Intensive research in molecular biology, ecology, or environmental science.","Scientific Research Skills, Thesis","www.ljmu.ac.uk"
"C_LJM042_RES_05","UK042","ARTS","Art and Design MPhil","MRes","2026","September","2 Years","Mount Pleasant","2.1 Honours degree; Portfolio; Research Proposal; IELTS 6.5","Practice-based research in fine art, graphic design, or fashion.","Creative Research Methods, Thesis","www.ljmu.ac.uk"
"C_LJM042_RES_06","UK042","BUSINESS_MANAGEMENT","Business and Management MPhil","MRes","2026","September","2 Years","Mount Pleasant","2.1 Honours degree; Research Proposal; IELTS 6.5","Independent research in marketing, finance, or human resource management.","Business Research Methodologies, Thesis","www.ljmu.ac.uk"
"C_LJM042_RES_07","UK042","SOCIAL_SCIENCES","MA by Research (Humanities and Social Science)","MRes","2026","September","1 Year","Mount Pleasant","2.1 Honours degree; Research Proposal; IELTS 6.5","Flexible research master's covering history, sociology, and media studies.","Humanities Research Skills, Thesis","www.ljmu.ac.uk"
"C_LST043_RES_01","UK043","MEDICAL_SCIENCES","MRes Tropical Health & Infectious Diseases","MRes","2026","September","1 Year","Pembroke Place","2.1 Honours degree in Medicine/Science; IELTS 6.5","Research-intensive programme focusing on the biology, epidemiology, and control of tropical infectious diseases.","Research Methods, Tropical Disease Biology, Thesis","www.lstmed.ac.uk"
"C_LST043_RES_02","UK043","BIOLOGY","Masters by Research (Vector Biology)","MRes","2026","September","1 Year","Pembroke Place","2.1 Honours degree; Supervisor agreement; IELTS 6.5","Independent research into insecticide resistance, vector behaviour, and genomics.","Scientific Research Skills, Thesis","www.lstmed.ac.uk"
"C_LST043_RES_03","UK043","PUBLIC_HEALTH","Masters by Research (International Public Health)","MRes","2026","September","1 Year","Pembroke Place","2.1 Honours degree; Supervisor agreement; IELTS 6.5","Research-led study into maternal health, health systems, and monitoring and evaluation.","Public Health Research Methods, Thesis","www.lstmed.ac.uk"
"C_LST043_RES_04","UK043","MEDICAL_SCIENCES","Masters by Research (Clinical Sciences)","MRes","2026","September","1 Year","Pembroke Place","2.1 Honours degree in Science/Medicine; IELTS 6.5","Specialist clinical research in malaria, tuberculosis, or lung health.","Clinical Research Skills, Thesis","www.lstmed.ac.uk"
"C_LBS044_RES_01","UK044","ACCOUNTING","MRes Accounting","MRes","2026","September","1 Year","Regent's Park","First Class Honours; GMAT/GRE; Research Proposal; IELTS 7.5","Doctoral-track research into financial reporting, auditing, and corporate governance.","Empirical Accounting Research, Econometrics, Thesis","www.london.edu"
"C_LBS044_RES_02","UK044","ECONOMICS","MRes Economics","MRes","2026","September","1 Year","Regent's Park","First Class Honours; GMAT/GRE; Research Proposal; IELTS 7.5","Intensive PhD-track training in macroeconomics, microeconomics, and econometrics.","Advanced Microeconomics, Advanced Econometrics, Thesis","www.london.edu"
"C_LBS044_RES_03","UK044","FINANCE","MRes Finance","MRes","2026","September","1 Year","Regent's Park","First Class Honours; GMAT/GRE; Research Proposal; IELTS 7.5","Specialised research training in asset pricing, corporate finance, and continuous-time finance.","Asset Pricing Theory, Corporate Finance Theory, Thesis","www.london.edu"
"C_LBS044_RES_04","UK044","MANAGEMENT_SCIENCE","MRes Management Science and Operations","MRes","2026","September","1 Year","Regent's Park","First Class Honours; GMAT/GRE; Research Proposal; IELTS 7.5","Research training in mathematical modelling, optimization, and business analytics.","Optimization, Stochastic Modelling, Thesis","www.london.edu"
"C_LBS044_RES_05","UK044","MARKETING","MRes Marketing","MRes","2026","September","1 Year","Regent's Park","First Class Honours; GMAT/GRE; Research Proposal; IELTS 7.5","Research-intensive foundation in consumer behaviour and quantitative marketing models.","Consumer Behaviour Theory, Marketing Models, Thesis","www.london.edu"
"C_LBS044_RES_06","UK044","ORGANISATIONAL_BEHAVIOUR","MRes Organisational Behaviour","MRes","2026","September","1 Year","Regent's Park","First Class Honours; GMAT/GRE; Research Proposal; IELTS 7.5","Research into psychology and sociology within organizational settings.","Psychology in Orgs, Research Methods, Thesis","www.london.edu"
"C_LBS044_RES_07","UK044","STRATEGY","MRes Strategy and Entrepreneurship","MRes","2026","September","1 Year","Regent's Park","First Class Honours; GMAT/GRE; Research Proposal; IELTS 7.5","Research training focused on competitive strategy and organizational theory.","Strategy Content, Entrepreneurship Foundations, Thesis","www.london.edu"
"C_LMU045_RES_01","UK045","SOCIAL_SCIENCES","MRes Social Research","MRes","2026","September","1 Year","Holloway Campus","2.1 Honours degree; Research Proposal; IELTS 6.5","Interdisciplinary research training in qualitative and quantitative social science methods.","Research Design, Data Analysis, Thesis","www.londonmet.ac.uk"
"C_LMU045_RES_02","UK045","PSYCHOLOGY","MRes Psychology","MRes","2026","September","1 Year","Holloway Campus","2.1 Honours degree in Psychology; IELTS 6.5","Advanced psychological research methods and independent project work.","Advanced Statistics, Qualitative Methods, Thesis","www.londonmet.ac.uk"
"C_LMU045_RES_03","UK045","SOCIAL_SCIENCES","MRes Child and Woman Abuse Studies","MRes","2026","September","1 Year","Holloway Campus","2.1 Honours degree; Research Proposal; IELTS 6.5","High-level research training within the world-renowned Child and Woman Abuse Studies Unit (CWASU).","Researching Violence, Feminist Epistemology, Thesis","www.londonmet.ac.uk"
"C_LMU045_RES_04","UK045","BUSINESS_MANAGEMENT","Business and Law MPhil","MRes","2026","September","2 Years","Aldgate Campus","2.1 Honours degree; Research Proposal; IELTS 6.5","Independent research into management, marketing, or legal theory.","Business Research Methodologies, Thesis","www.londonmet.ac.uk"
"C_LMU045_RES_05","UK045","BIOLOGY","Life Sciences and Computing MPhil","MRes","2026","September","2 Years","Holloway Campus","2.1 Honours degree; Supervisor agreement; IELTS 6.0","Independent research in molecular biology, chemistry, or AI.","Technical Research Skills, Thesis","www.londonmet.ac.uk"
"C_LMU045_RES_06","UK045","ARTS","Art, Architecture and Design MPhil","MRes","2026","September","2 Years","Aldgate Campus","2.1 Honours degree; Portfolio; Research Proposal; IELTS 6.0","Practice-led research in fine art, visual communication, or spatial design.","Creative Research Methods, Thesis","www.londonmet.ac.uk"
"C_LSB046_RES_01","UK046","SOCIAL_SCIENCES","Social Sciences MRes","MRes","2026","September","1 Year","Southwark Campus","2.1 Honours degree; Research Proposal; IELTS 7.0","A structured programme for students to conduct independent research in sociology, politics, or criminology.","Research Methods, Thesis","www.lsbu.ac.uk"
"C_LSB046_RES_02","UK046","BUSINESS_MANAGEMENT","MRes Business","MRes","2026","September","1 Year","Southwark Campus","2.1 Honours degree; Research Proposal; IELTS 6.5","Advanced research training in business, management, or marketing leading to an independent thesis.","Business Research Methods, Thesis","www.lsbu.ac.uk"
"C_LSB046_RES_03","UK046","ENGINEERING","General Engineering MRes","MRes","2026","September","1 Year","Southwark Campus","2.1 Honours degree; Supervisor agreement; IELTS 6.5","Specialised research into mechanical, electrical, or civil engineering systems.","Research Skills, Technical Project, Thesis","www.lsbu.ac.uk"
"C_LSB046_RES_04","UK046","HEALTH_SCIENCES","Human Sciences MRes","MRes","2026","September","1 Year","Southwark Campus","2.1 Honours degree; Supervisor agreement; IELTS 6.5","Research-intensive track focusing on health studies, biomedicine, or sports science.","Health Research Design, Ethics, Thesis","www.lsbu.ac.uk"
"C_LSB046_RES_05","UK046","EDUCATION","Education MRes","MRes","2026","September","1 Year","Southwark Campus","2.1 Honours degree; Research Proposal; IELTS 7.0","Independent research into pedagogical theory, educational leadership, or social justice.","Educational Research Methods, Thesis","www.lsbu.ac.uk"
"C_LSB046_RES_06","UK046","ARTS","Arts and Creative Industries MRes","MRes","2026","September","1 Year","Southwark Campus","2.1 Honours degree; Portfolio; IELTS 6.5","Practice-led research in film, performance, or digital media arts.","Creative Research Methodologies, Thesis","www.lsbu.ac.uk"
"C_LSB046_RES_07","UK046","LAW","Law MRes","MRes","2026","September","1 Year","Southwark Campus","2.1 Honours degree in Law; IELTS 7.0","Advanced legal scholarship in human rights, commercial law, or international justice.","Legal Research Methods, Thesis","www.lsbu.ac.uk"
"C_LSB046_RES_08","UK046","BIOLOGY","Food Sciences MRes","MRes","2026","September","1 Year","Southwark Campus","2.1 Honours degree; IELTS 6.5","Specialist research in food safety, nutrition, or product development.","Scientific Research Skills, Lab Project, Thesis","www.lsbu.ac.uk"
"C_MMU047_RES_01","UK047","SOCIAL_SCIENCES","MA Social Research","MRes","2026","September","1 Year","Holloway Campus","2.1 Honours degree; Research Proposal; IELTS 6.5","ESRC-accredited research training in qualitative and quantitative social science methods.","Research Design, Data Analysis, Thesis","www.mmu.ac.uk"
"C_MMU047_RES_02","UK047","EDUCATION","MRes Education and Social Research","MRes","2026","September","1 Year","Brooks Building","2.1 Honours degree; Research Proposal; IELTS 6.5","Advanced research training focusing on educational theory and social research impact.","Educational Enquiry, Research Methods, Thesis","www.mmu.ac.uk"
"C_MMU047_RES_03","UK047","BUSINESS_MANAGEMENT","MRes/MPhil Business and Law","MRes","2026","September","1 Year","Business School","2.1 Honours degree; Research Proposal; IELTS 7.0","Research-intensive programme in marketing, finance, or human resource management.","Business Research Methodologies, Thesis","www.mmu.ac.uk"
"C_MMU047_RES_04","UK047","SPORT_SCIENCE","MRes/MPhil Sport and Exercise Science","MRes","2026","September","1 Year","Institute of Sport","2.1 Honours degree; IELTS 6.5","Specialised research training in physiology, biomechanics, and sports performance.","Research Methods in Sport, Data Analysis, Thesis","www.mmu.ac.uk"
"C_MMU047_RES_05","UK047","SCIENCE","MSc by Research (Science and Engineering)","MRes","2026","September","1 Year","Main Campus Manchester","2.1 Honours degree in Science; IELTS 6.5","Independent research in molecular biology, chemistry, or environmental science.","Scientific Research Skills, Thesis","www.mmu.ac.uk"
"C_MMU047_RES_06","UK047","COMPUTER_SCIENCE","MSc by Research (Computing and Mathematics)","MRes","2026","September","1 Year","Main Campus Manchester","2.1 Honours degree; Supervisor agreement; IELTS 6.0","Technical research in AI, cybersecurity, and data analytics.","Technical Writing, Thesis","www.mmu.ac.uk"
"C_MDX048_RES_01","UK048","FINE_ART","MRes Visual Arts","MRes","2026","September","1 Year","Hendon Campus","2.1 Honours degree; Portfolio; Research Proposal; IELTS 6.5","A research-intensive programme for artists and designers to develop their practice through rigorous enquiry.","Research Methodologies, Experimental Practice, Thesis","www.mdx.ac.uk"
"C_MDX048_RES_02","UK048","BUSINESS_MANAGEMENT","Masters by Research (Business and Law)","MRes","2026","September","1 Year","Hendon Campus","2.1 Honours degree; Research Proposal; IELTS 6.5","Independent research in management, marketing, or commercial law.","Business Research Methodologies, Thesis","www.mdx.ac.uk"
"C_MDX048_RES_03","UK048","COMPUTER_SCIENCE","Masters by Research (Science and Technology)","MRes","2026","September","1 Year","Hendon Campus","2.1 Honours degree; Supervisor agreement; IELTS 6.0","Technical research in AI, cybersecurity, or data science.","Technical Writing, Thesis","www.mdx.ac.uk"
"C_MDX048_RES_04","UK048","HEALTH_SCIENCES","Masters by Research (Health and Social Care)","MRes","2026","September","1 Year","Hendon Campus","2.1 Honours degree; Supervisor agreement; IELTS 6.5","Research-intensive track for health professionals to lead clinical or social care evaluations.","Health Research Design, Ethics, Thesis","www.mdx.ac.uk"
"C_MDX048_RES_05","UK048","ARTS","MRes Arts and Creative Industries","MRes","2026","September","1 Year","Hendon Campus","2.1 Honours degree; Research Proposal; IELTS 6.5","Advanced research training in media, performing arts, or visual culture.","Creative Research Methods, Thesis","www.mdx.ac.uk"
"C_NEW049_RES_01","UK049","MEDICAL_SCIENCES","MRes Medical Genetics","MRes","2026","September","1 Year","Main Campus","2.1 Honours degree in Science; IELTS 6.5","Specialised research training in human genetics, genomic medicine, and molecular pathology.","Research Skills, Lab Rotations, Thesis","www.ncl.ac.uk"
"C_NEW049_RES_02","UK049","CANCER_RESEARCH","MRes Cancer Research","MRes","2026","September","1 Year","Main Campus","2.1 Honours degree in Science/Medicine; IELTS 6.5","Intensive laboratory-based training in the molecular biology of cancer and drug development.","Cancer Biology, Lab Rotations, Thesis","www.ncl.ac.uk"
"C_NEW049_RES_03","UK049","BIOLOGY","MRes Animal Behaviour","MRes","2026","September","1 Year","Main Campus","2.1 Honours degree; IELTS 6.5","Research training focused on animal cognition, welfare, and evolution.","Advanced Animal Behaviour, Research Methods, Thesis","www.ncl.ac.uk"
"C_NEW049_RES_04","UK049","NEUROSCIENCE","MRes Neuroscience","MRes","2026","September","1 Year","Main Campus","2.1 Honours degree in Science; IELTS 6.5","Research projects in sensory systems, neural development, and neurodegenerative disease.","Neuroscience Theory, Lab Rotations, Thesis","www.ncl.ac.uk"
"C_NEW049_RES_05","UK049","SOCIAL_SCIENCES","MRes Social Science Research Methods","MRes","2026","September","1 Year","Main Campus","2.1 Honours degree; IELTS 6.5","ESRC-recognised research training in sociology, geography, and politics.","Quantitative & Qualitative Methods, Thesis","www.ncl.ac.uk"
"C_NEW049_RES_06","UK049","EPIDEMIOLOGY","MRes Epidemiology","MRes","2026","September","1 Year","Main Campus","2.1 Honours degree; IELTS 6.5","Specialised research training in public health patterns and statistical modelling.","Epidemiological Methods, Statistics, Thesis","www.ncl.ac.uk"
"C_NEW049_RES_07","UK049","HEALTH_SCIENCES","MRes Ageing and Health","MRes","2026","September","1 Year","Main Campus","2.1 Honours degree; IELTS 6.5","Interdisciplinary research training on the biological and social impacts of ageing.","Biology of Ageing, Thesis","www.ncl.ac.uk"
"C_NEW049_RES_08","UK049","BIOTECHNOLOGY","MRes Biotechnology","MRes","2026","September","1 Year","Main Campus","2.1 Honours degree; IELTS 6.5","Research in molecular microbial biotechnology and bioprocess engineering.","Molecular Biology Techniques, Thesis","www.ncl.ac.uk"
"C_NEW049_RES_09","UK049","MEDICAL_SCIENCES","MRes Mitochondrial Medicine","MRes","2026","September","1 Year","Main Campus","2.1 Honours degree in Science; IELTS 6.5","Specialised research into mitochondrial genetics and biochemical defects in human disease.","Mitochondrial Biology, Lab Project, Thesis","www.ncl.ac.uk"
"C_NEW049_RES_10","UK049","BIOLOGY","MRes Molecular Cell Biology and Informatics","MRes","2026","September","1 Year","Main Campus","2.1 Honours degree; IELTS 6.5","Integrates cell biology research with bioinformatics and computational modelling.","Cell Biology, Bioinformatics, Thesis","www.ncl.ac.uk"
"C_NEW049_RES_11","UK049","TOXICOLOGY","MRes Toxicology","MRes","2026","September","1 Year","Main Campus","2.1 Honours degree; IELTS 6.5","Advanced research training in molecular and clinical toxicology.","Toxicology Theory, Lab Rotations, Thesis","www.ncl.ac.uk"
"C_NEW049_RES_12","UK049","HISTORY","History MPhil","MRes","2026","September","2 Years","Main Campus","2.1 Honours degree; Research Proposal; IELTS 7.0","Independent historical investigation based on primary archival research.","Historical Methods, Thesis","www.ncl.ac.uk"
"C_NUL050_RES_01","UK050","PHILOSOPHY","MA Philosophy & Artificial Intelligence","MRes","2026","September","1 Year","St Katharine Docks","2.1 Honours degree; Research Proposal; IELTS 7.0","A research-intensive investigation into the ethical, social, and theoretical implications of AI.","AI Ethics, Mind and Machine, Research Thesis","www.nulondon.ac.uk"
"C_NUL050_RES_02","UK050","ARTS","MA Contemporary Creative Writing","MRes","2026","September","1 Year","St Katharine Docks","2.1 Honours degree; Writing Portfolio; IELTS 7.0","Practice-based research focused on contemporary narrative structures and creative execution.","Creative Research Methods, Final Portfolio, Thesis","www.nulondon.ac.uk"
"C_NUA051_RES_01","UK051","ARTS","Research Degree (MRes)","MRes","2026","September","1 Year","Norwich Campus","2.1 Honours degree; Portfolio; Research Proposal; IELTS 6.5","A practice-led or theoretical research degree tailored for artists, designers, and media creators.","Research Methodologies in Creative Practice, Thesis","norwichuni.ac.uk"
"C_NUA051_RES_02","UK051","EDUCATION","MA Creative Education","MRes","2026","September","1 Year","Norwich Campus","2.1 Honours degree; Research Proposal; IELTS 6.5","Research-intensive investigation into creative pedagogy and educational practice.","Educational Research Methods, Critical Inquiry, Thesis","norwichuni.ac.uk"
"C_NUA051_RES_03","UK051","FINE_ART","MA Fine Art","MRes","2026","September","1 Year","Norwich Campus","2.1 Honours degree; Portfolio; Research Proposal; IELTS 6.5","Practice-based research degree focusing on contemporary art discourse and material exploration.","Studio Research, Contemporary Contexts, Thesis","norwichuni.ac.uk"
"C_NTU052_RES_01","UK052","BIOLOGY","MRes Cancer Biology","MRes","2026","September","1 Year","Clifton Campus","2.1 Honours degree in Science; IELTS 6.5","Intensive laboratory research focusing on molecular oncology and therapeutics.","Research Methods, Lab Rotation, Thesis","www.ntu.ac.uk"
"C_NTU052_RES_02","UK052","BIOTECHNOLOGY","MRes Biotechnology","MRes","2026","September","1 Year","Clifton Campus","2.1 Honours degree; IELTS 6.5","Research-intensive training in molecular microbial biotechnology and bioprocesses.","Biotechnology Techniques, Thesis","www.ntu.ac.uk"
"C_NTU052_RES_03","UK052","PSYCHOLOGY","MRes Psychological Research Methods","MRes","2026","September","1 Year","City Campus","2.1 Honours degree in Psychology; IELTS 6.5","Advanced psychological research methods and independent project work.","Advanced Statistics, Qualitative Methods, Thesis","www.ntu.ac.uk"
"C_NTU052_RES_04","UK052","SPORT_SCIENCE","MRes Sport Science","MRes","2026","September","1 Year","Clifton Campus","2.1 Honours degree; IELTS 6.5","Applied research into sports physiology, biomechanics, or psychology.","Sport Science Methods, Thesis","www.ntu.ac.uk"
"C_NTU052_RES_05","UK052","CHEMISTRY","MRes Analytical Chemistry","MRes","2026","September","1 Year","Clifton Campus","2.2 Honours degree; IELTS 6.5","Specialised research training in analytical techniques and instrumentation.","Analytical Methods, Thesis","www.ntu.ac.uk"
"C_NTU052_RES_06","UK052","PHARMACY","MRes Pharmaceutical Analysis","MRes","2026","September","1 Year","Clifton Campus","2.2 Honours degree; IELTS 6.5","Research focused on pharmaceutical quality control and drug analysis.","Pharmaceutical Techniques, Thesis","www.ntu.ac.uk"
"C_NTU052_RES_07","UK052","BIOLOGY","MRes Molecular Microbiology","MRes","2026","September","1 Year","Clifton Campus","2.1 Honours degree; IELTS 6.5","Advanced research into microbial genetics and medical microbiology.","Microbial Diagnostics, Thesis","www.ntu.ac.uk"
"C_NTU052_RES_08","UK052","PHYSICS","MRes Physics","MRes","2026","September","1 Year","Clifton Campus","2.2 Honours degree; IELTS 6.5","Independent research projects in quantum computing or materials imaging.","Advanced Physics, Thesis","www.ntu.ac.uk"
"C_OXB053_RES_01","UK053","SOCIAL_SCIENCES","MRes Social Research","MRes","2026","September","1 Year","Headington Campus","2.1 Honours degree; Research Proposal; IELTS 6.5","ESRC-aligned research training providing high-level qualitative and quantitative skills.","Quantitative Methods, Qualitative Research, Thesis","www.brookes.ac.uk"
"C_OXB053_RES_02","UK053","HUMANITIES","MRes Humanities","MRes","2026","September","1 Year","Headington Campus","2.1 Honours degree; Research Proposal; IELTS 7.0","Specialised research track across History, English Literature, or Philosophy.","Advanced Research Methods in Humanities, Thesis","www.brookes.ac.uk"
"C_OXB053_RES_03","UK053","EDUCATION","MRes Education","MRes","2026","September","1 Year","Harcourt Hill","2.1 Honours degree; Research Proposal; IELTS 7.0","Research-led study into pedagogical theory, leadership, and educational policy.","Educational Research Methods, Thesis","www.brookes.ac.uk"
"C_OXB053_RES_04","UK053","BIOLOGY","MSc by Research (Health and Life Sciences)","MRes","2026","September","1 Year","Headington Campus","2.1 Honours degree; Supervisor agreement; IELTS 6.5","Independent research in biomedical science, conservation, or psychology.","Scientific Research Skills, Thesis","www.brookes.ac.uk"
"C_OXB053_RES_05","UK053","MECHANICAL_ENGINEERING","MSc by Research (Engineering)","MRes","2026","September","1 Year","Wheatley Campus","2.1 Honours degree; Supervisor agreement; IELTS 6.0","Technical research in automotive engineering, robotics, or sustainable energy.","Technical Research Skills, Thesis","www.brookes.ac.uk"
"C_OXB053_RES_06","UK053","BUSINESS_MANAGEMENT","Business and Management MPhil","MRes","2026","September","2 Years","Headington Campus","First Class Honours; Research Proposal; IELTS 7.0","Doctoral-track research in marketing, finance, or human resource management.","Business Research Methodologies, Thesis","www.brookes.ac.uk"
"C_QMU054_RES_01","UK054","SOCIAL_SCIENCES","Master of Research (MRes)","MRes","2026","September","1 Year","Edinburgh Campus","2.1 Honours degree; Research Proposal; IELTS 6.5","Multidisciplinary research training providing a foundation for doctoral study in social sciences, health, or business.","Research Methods, Advanced Statistics, Thesis","www.qmu.ac.uk"
"C_QMU054_RES_02","UK054","HEALTH_SCIENCES","MSc by Research (Health Sciences)","MRes","2026","September","1 Year","Edinburgh Campus","2.1 Honours degree; Supervisor agreement; IELTS 6.5","Research-intensive track for health professionals focusing on nursing, physiotherapy, or dietetics.","Healthcare Research Ethics, Thesis","www.qmu.ac.uk"
"C_QMU054_RES_03","UK054","PUBLIC_HEALTH","MRes Global Health and Development","MRes","2026","September","1 Year","Edinburgh Campus","2.1 Honours degree; IELTS 6.5","Specialised research training focusing on health systems in low and middle-income countries.","Global Health Research Methods, Thesis","www.qmu.ac.uk"
"C_QMU054_RES_04","UK054","ARTS","MRes Cultural Practice","MRes","2026","September","1 Year","Edinburgh Campus","2.1 Honours degree; Portfolio; IELTS 6.5","Research-led investigation into arts management, festival studies, and cultural policy.","Cultural Research Methodologies, Thesis","www.qmu.ac.uk"
"C_QMU054_RES_05","UK054","HEALTH_SCIENCES","Health Sciences MPhil","MRes","2026","September","2 Years","Edinburgh Campus","2.1 Honours degree; Supervisor agreement; IELTS 6.5","Extended independent research project leading to a significant contribution to healthcare knowledge.","Advanced Research Training, Thesis","www.qmu.ac.uk"
"C_QM055_RES_01","UK055","ECONOMICS","MRes Economics","MRes","2026","September","2 Years","Mile End Campus","2.1 Honours degree in Economics; GRE required; IELTS 7.0","Research-oriented programme providing fundamental training for independent research in economics.","Microeconomics I & II, Macroeconomics I & II, Econometrics I & II, Dissertation","www.qmul.ac.uk"
"C_QM055_RES_02","UK055","FINANCE","MRes Finance","MRes","2026","September","2 Years","Mile End Campus","2.1 Honours degree in Finance/Maths; GRE required; IELTS 7.0","Designed for students with a strong quantitative background seeking doctoral-level research skills in finance.","Foundations in Asset Pricing, Foundations in Corporate Finance, Econometrics, Dissertation","www.qmul.ac.uk"
"C_QM055_RES_03","UK055","MEDICINE","MRes Clinical Research","MRes","2026","September","1 Year","Whitechapel Campus","2.1 Honours degree in life sciences or medicine; IELTS 7.0","Advanced training in clinical research methodology and health data analysis for clinicians and scientists.","Research Methods, Health Data Analysis, Clinical Trials, Dissertation","www.qmul.ac.uk"
"C_QM055_RES_04","UK055","GEOGRAPHY","MRes Geography","MRes","2026","September","1 Year","Mile End Campus","2.1 Honours degree in Geography; IELTS 7.0","Specialist research skills and methods training within human geography or environmental science.","Social Science Research Methods, Geographical Thought, Dissertation","www.qmul.ac.uk"
"C_QM055_RES_05","UK055","LAW","MRes Law","MRes","2026","September","1 Year","Mile End Campus","2.1 Honours degree in Law; IELTS 7.0","A research-focused degree providing the necessary foundation for PhD study in Law, covering theory and methodology.","Introduction to Social Science Research, Epistemology, Dissertation","www.qmul.ac.uk"
"C_QM055_RES_06","UK055","BUSINESS","MRes Innovation and Enterprise","MRes","2026","September","1 Year","Mile End Campus","2.1 Honours degree in Business/Management; IELTS 7.0","Pre-doctoral training exploring the intersections of innovation, enterprise, and economic development.","Qualitative & Quantitative Research Methods, Innovation Theory, Dissertation","www.munsbm.qmul.ac.uk"
"C_QM055_RES_07","UK055","PUBLIC_HEALTH","MRes Global Public Health and Policy","MRes","2026","September","1 Year","Whitechapel Campus","2.1 Honours degree in relevant field; IELTS 7.0","Research-led study of global health challenges and policy-making frameworks.","Epidemiology, Health Systems & Policy, Research Skills, Dissertation","www.qmul.ac.uk"
"C_QM055_RES_08","UK055","ENGINEERING","MRes Bioengineering","MRes","2026","September","1 Year","Mile End Campus","2.1 Honours degree in Engineering or Physics; IELTS 6.5","Specialised research training in biomaterials, tissue engineering, and biomechanics.","Research Methods, Advanced Bioengineering, Thesis","www.qmul.ac.uk"
"C_QM055_RES_09","UK055","MATERIALS_SCIENCE","MRes Materials Research","MRes","2026","September","1 Year","Mile End Campus","2.1 Honours degree in Science or Engineering; IELTS 6.5","Laboratory-based research project focusing on polymers, ceramics, or composites.","Materials Research Techniques, Lab Project, Thesis","www.qmul.ac.uk"
"C_QM055_RES_10","UK055","LINGUISTICS","MRes Linguistics","MRes","2026","September","1 Year","Mile End Campus","2.1 Honours degree in Linguistics; IELTS 7.0","Specialist training in formal linguistics and sociolinguistics for future researchers.","Linguistics Research Methods, Dissertation","www.qmul.ac.uk"
"C_QM055_RES_11","UK055","POLITICS","MRes International Relations","MRes","2026","September","1 Year","Mile End Campus","2.1 Honours degree in Politics; IELTS 7.0","Research-intensive programme providing the foundation for doctoral study in international politics.","International Relations Theory, Qualitative Methods, Dissertation","www.qmul.ac.uk"
"C_QUB056_RES_01","UK056","SOCIAL_SCIENCE","MRes Social Science Research","MRes","2026","September","1 Year","Main Campus","2.1 Honours degree; IELTS 6.5","ESRC-recognised research training providing foundational skills for PhD candidates in the social sciences.","Qualitative & Quantitative Methods, Research Design, Dissertation","www.qub.ac.uk"
"C_QUB056_RES_02","UK056","BIOLOGY","MRes Biodiversity and Taxonomy","MRes","2026","September","1 Year","Main Campus","2.1 Honours degree in Biology; IELTS 6.5","Specialist training in the classification and conservation of diverse biological systems.","Systematics, Field Identification, Data Analysis, Thesis","www.qub.ac.uk"
"C_QUB056_RES_03","UK056","LAW","MRes Law","MRes","2026","September","1 Year","Main Campus","2.1 Honours degree in Law; IELTS 6.5","Independent research project supported by specialized training in legal methodologies.","Advanced Legal Research, Critical Perspectives on Law, Dissertation","www.qub.ac.uk"
"C_QUB056_RES_04","UK056","ARTS","MRes Arts and Humanities","MRes","2026","September","1 Year","Main Campus","2.1 Honours degree; Research Proposal; IELTS 6.5","Flexible research-intensive programme covering English, History, and Creative Arts.","Research Skills, Project Development, Thesis","www.qub.ac.uk"
"C_QUB056_RES_05","UK056","PSYCHOLOGY","MRes Psychology","MRes","2026","September","1 Year","Main Campus","2.1 Honours degree in Psychology; IELTS 7.0","Advanced psychological research methods and independent project work for doctoral preparation.","Advanced Statistics, Qualitative Methods, Thesis","www.qub.ac.uk"
"C_QUB056_RES_06","UK056","TRANSLATION","MRes Translation","MRes","2026","September","1 Year","Main Campus","2.1 Honours degree; IELTS 6.5","Specialised research training into translation theory, practice, and linguistics.","Translation Theory, Research Methods, Thesis","www.qub.ac.uk"
"C_QUB056_RES_07","UK056","BIOLOGY","MSc by Research (Biological Sciences)","MRes","2026","September","1 Year","Main Campus","2.1 Honours degree; Supervisor agreement; IELTS 6.5","Independent research project within the School of Biological Sciences.","Scientific Research Skills, Lab Project, Thesis","www.qub.ac.uk"
"C_QUB056_RES_08","UK056","CHEMISTRY","MSc by Research (Chemistry and Chemical Engineering)","MRes","2026","September","1 Year","Main Campus","2.1 Honours degree; Supervisor agreement; IELTS 6.0","Laboratory-based research project in preparation for chemical industry R&D or PhD study.","Technical Research Skills, Lab Project, Thesis","www.qub.ac.uk"
"C_RAV057_RES_01","UK057","DESIGN","MA Design Management","MRes","2026","September","1 Year","Greenwich Peninsula","2.1 Honours degree; Portfolio; IELTS 6.0","A research-led approach to managing creative processes and strategic design innovation.","Design Research, Strategic Management, Thesis","www.ravensbourne.ac.uk"
"C_RAV057_RES_02","UK057","COMMUNICATION","MA Visual Communication","MRes","2026","September","1 Year","Greenwich Peninsula","2.1 Honours degree; Portfolio; IELTS 6.0","Investigative practice-led research into graphic design, illustration, and digital storytelling.","Visual Inquiry, Experimental Practice, Thesis","www.ravensbourne.ac.uk"
"C_REG058_RES_01","UK058","BUSINESS","MA International Business","MRes","2026","September","1 Year","Regent's Park","2.1 Honours degree; IELTS 6.5; Interview","A research-intensive study of global management, entrepreneurship, and international trade.","International Management, Global Strategy, Final Major Project","www.regents.ac.uk"
"C_REG058_RES_02","UK058","MANAGEMENT","MA Management and Leadership","MRes","2026","September","1 Year","Regent's Park","2.1 Honours degree; IELTS 6.5; Interview","Investigative practice-led research into organizational change, leadership traits, and strategic management.","Leadership in Context, Organizational Change, Final Major Project","www.regents.ac.uk"
"C_REG058_RES_03","UK058","ENTREPRENEURSHIP","MSc Entrepreneurship","MRes","2026","September","1 Year","Regent's Park","2.1 Honours degree; IELTS 6.5; Interview","Research-focused study on launching international ventures, sustainability, and innovation theory.","Innovation Theory, Global Venture Launch, Final Major Project","www.regents.ac.uk"
"C_REG058_RES_04","UK058","MARKETING","MA Management and Marketing","MRes","2026","September","1 Year","Regent's Park","2.1 Honours degree; IELTS 6.5; Interview","Advanced research into marketing leadership, consumer behavior, and brand innovation.","Marketing Leadership, Consumer Insights, Final Major Project","www.regents.ac.uk"
"C_ROE059_RES_01","UK059","PSYCHOLOGY","MRes Psychology","MRes","2026","September","1 Year","Main Campus","2.1 Honours degree; IELTS 6.5","Specialist training in psychological research methods and statistics for doctoral preparation.","Advanced Statistics, Qualitative Research Methods, Psychological Research Project","www.roehampton.ac.uk"
"C_ROE059_RES_02","UK059","SOCIAL_SCIENCE","MRes Social Research","MRes","2026","September","1 Year","Main Campus","2.1 Honours degree; IELTS 6.5","Interdisciplinary training in social science research methodologies and theory.","Social Theory, Quantitative Methods, Qualitative Methods, Dissertation","www.roehampton.ac.uk"
"C_ROE059_RES_03","UK059","ANTHROPOLOGY","MRes Evolutionary Anthropology","MRes","2026","September","1 Year","Main Campus","2.1 Honours degree; IELTS 6.5","Research-focused study on human evolution, behaviour, and primatology.","Evolutionary Theory, Research Methods in Anthropology, Dissertation","www.roehampton.ac.uk"
"C_ROE059_RES_04","UK059","HEALTH_SCIENCES","MRes Clinical Nutrition","MRes","2026","September","1 Year","Main Campus","2.1 Honours degree in Science; IELTS 6.5","Advanced research training focusing on nutritional interventions and metabolic health.","Clinical Research Skills, Lab Project, Thesis","www.roehampton.ac.uk"
"C_ROE059_RES_05","UK059","SPORT_SCIENCE","MRes Sport and Exercise Science","MRes","2026","September","1 Year","Main Campus","2.1 Honours degree; IELTS 6.5","Specialised research training in sports physiology, biomechanics, and performance.","Sport Research Methods, Data Analysis, Thesis","www.roehampton.ac.uk"
"C_ROE059_RES_06","UK059","ARTS","MA by Research (Arts and Humanities)","MRes","2026","September","1 Year","Main Campus","2.1 Honours degree; Research Proposal; IELTS 7.0","Independent research-led investigation into English literature, creative writing, or drama.","Research Skills, Critical Theory, Thesis","www.roehampton.ac.uk"
"C_RAU060_RES_01","UK060","AGRICULTURE","MRes Sustainable Agriculture","MRes","2026","September","1 Year","Cirencester","2.1 Honours degree; IELTS 6.0; Research Proposal","Specialist research into sustainable crop production, livestock science, or soil health.","Research Project Management, Field Methods, Data Analysis, Thesis","www.rau.ac.uk"
"C_RAU060_RES_02","UK060","EQUINE_SCIENCE","MRes Equine Science","MRes","2026","September","1 Year","Cirencester","2.1 Honours degree; Research Proposal; IELTS 6.0","Advanced research into equine health, nutrition, and exercise physiology.","Equine Research Methods, Lab Techniques, Thesis","www.rau.ac.uk"
"C_RAU060_RES_03","UK060","BUSINESS","MSc by Research (Business and Entrepreneurship)","MRes","2026","September","1 Year","Cirencester","2.1 Honours degree; Research Proposal; IELTS 6.5","Research-led study focusing on rural enterprise, food supply chains, and agritech innovation.","Business Research Methods, Thesis","www.rau.ac.uk"
"C_RVC061_RES_01","UK061","VETERINARY","MRes (Research)","MRes","2026","September","1 Year","Camden/Hawkshead","2.1 Science-based degree; IELTS 7.0","Specialist laboratory or clinical research in animal health and comparative pathology.","Evidence-based Veterinary Medicine, Laboratory Skills, Research Thesis","www.rvc.ac.uk"
"C_RVC061_RES_02","UK061","BIOLOGY","MRes Biological Sciences","MRes","2026","September","1 Year","Camden/Hawkshead","2.1 Honours degree in Biology; IELTS 7.0","Advanced research training in molecular biology, biomechanics, or physiology.","Scientific Communication, Research Methods, Thesis","www.rvc.ac.uk"
"C_RVC061_RES_03","UK061","VETERINARY","MSc by Research","MRes","2026","September","1 Year","Camden/Hawkshead","2.1 Honours degree; Supervisor agreement; IELTS 7.0","Independent research project focusing on clinical or basic science within veterinary medicine.","Research Design, Professional Skills, Thesis","www.rvc.ac.uk"
"C_SHU062_RES_01","UK062","HEALTH","MRes Health and Social Care","MRes","2026","September","1 Year","City Campus","2.1 Honours degree; IELTS 6.5","Specialist research training for health professionals, focusing on evidence-based practice and policy.","Applied Research Methods, Research Ethics, Dissertation","www.shu.ac.uk"
"C_SHU062_RES_02","UK062","SPORT","MRes Sport and Exercise Science","MRes","2026","September","1 Year","Collegiate Campus","2.1 Honours degree in Sport Science; IELTS 6.5","Advanced research training in biomechanics, physiology, or psychology of sport.","Advanced Research Methods, Data Analysis, Research Project","www.shu.ac.uk"
"C_SHU062_RES_03","UK062","SOCIAL_SCIENCE","MRes Social Science Research","MRes","2026","September","1 Year","City Campus","2.1 Honours degree; IELTS 6.5","Interdisciplinary research training in sociology, psychology, or politics.","Qualitative Methods, Quantitative Analysis, Dissertation","www.shu.ac.uk"
"C_SHU062_RES_04","UK062","COMPUTER_SCIENCE","MRes Social Computing","MRes","2026","September","1 Year","City Campus","2.1 Honours degree; IELTS 6.5","Research into the intersection of computer science, social behavior, and digital technology.","Human-Computer Interaction, Research Methods, Thesis","www.shu.ac.uk"
"C_SHU062_RES_05","UK062","ARTS","MRes Art and Design","MRes","2026","September","1 Year","City Campus","2.1 Honours degree; Portfolio; IELTS 6.5","Practice-led research in fine art, design, or visual communication within a professional context.","Creative Research Methods, Project Development, Thesis","www.shu.ac.uk"
"C_SOA063_RES_01","UK063","ANTHROPOLOGY","MRes Social Anthropology","MRes","2026","September","1 Year","Bloomsbury Campus","2.1 Honours degree; IELTS 7.0","Professional research training in anthropological methods and theory, ESRC recognized.","Ethnographic Methods, Statistical Analysis, Dissertation","www.soas.ac.uk"
"C_SOA063_RES_02","UK063","SOCIAL_SCIENCE","MA Research Methods (Sociology and Anthropology)","MRes","2026","September","1 Year","Bloomsbury Campus","2.1 Honours degree; Research Proposal; IELTS 7.0","Advanced training in social science research methodologies focused on Asia, Africa, and the Middle East.","Research Design, Qualitative Methods, Thesis","www.soas.ac.uk"
"C_SOA063_RES_03","UK063","POLITICS","MPhil Politics and International Studies","MRes","2026","September","2 Years","Bloomsbury Campus","2.1 Honours degree in Politics; IELTS 7.0","Specialist research training in global politics with a focus on non-Western perspectives.","Research Design, Political Analysis, Thesis","www.soas.ac.uk"
"C_SOA063_RES_04","UK063","HUMANITIES","MPhil Humanities and Cultural Studies","MRes","2026","September","2 Years","Bloomsbury Campus","2.1 Honours degree; Research Proposal; IELTS 7.0","A research-intensive investigation into the cultures and societies of the Global South.","Core Research Methods, Regional Theory, Dissertation","www.soas.ac.uk"
"C_SOL064_RES_01","UK064","BUSINESS","MRes Business","MRes","2026","September","1 Year","Main Campus","2.1 Honours degree; IELTS 6.0","Advanced research training in management, marketing, and business strategy.","Research Methods, Literature Review, Dissertation","www.solent.ac.uk"
"C_SOL064_RES_02","UK064","CREATIVE_ARTS","MRes Creative Arts and Design","MRes","2026","September","1 Year","Main Campus","2.1 Honours degree; Portfolio; IELTS 6.0","Practice-led research in digital media, fashion, or visual arts.","Creative Research Methods, Practice as Research, Dissertation","www.solent.ac.uk"
"C_SOL064_RES_03","UK064","SPORT","MRes Sport, Health and Applied Science","MRes","2026","September","1 Year","Main Campus","2.1 Honours degree in Sport Science; IELTS 6.0","Research-focused study in sports performance, nutrition, or exercise psychology.","Scientific Research Methods, Data Analysis, Thesis","www.solent.ac.uk"
"C_SOL064_RES_04","UK064","ENGINEERING","MRes Engineering and Environment","MRes","2026","September","1 Year","Main Campus","2.1 Honours degree; Supervisor agreement; IELTS 6.0","Specialist research in maritime technology, renewable energy, and sustainable engineering.","Technical Research Skills, Project Development, Thesis","www.solent.ac.uk"
"C_SMB065_RES_01","UK065","EDUCATION","Master of Education (MEd)","MRes","2026","September","1 Year","Belfast Campus","2.1 Honours degree; Interview; IELTS 6.5","A research-informed programme for education professionals focusing on professional development and pedagogical inquiry.","Educational Inquiry, Critical Literature Review, Dissertation","www.stmarys-belfast.ac.uk"
"C_SMB065_RES_02","UK065","SPORT","Master of Science in PE & Sport for Young People (MSc)","MRes","2026","September","1 Year","Belfast Campus","2.1 Honours degree; IELTS 6.5","Research-led study of physical education and sports coaching for youth development.","Research Methods, Youth Sport Inquiry, Dissertation","www.stmarys-belfast.ac.uk"
"C_SML066_RES_01","UK066","SPORTS_SCIENCE","MRes Sport, Health and Applied Science","MRes","2026","September","1 Year","Twickenham Campus","2.1 Honours degree; IELTS 6.5","A unique opportunity to undertake a Master's degree with a specific research focus on human performance and health.","Skills for the Researcher, Advanced Research Methods, Supervised Research Project","www.stmarys.ac.uk"
"C_SML066_RES_02","UK066","THEOLOGY","MA Theology","MRes","2026","September","1 Year","Twickenham Campus","2.1 Honours degree; IELTS 6.5","Research-led study in an ecclesial context, ranked highest in the country for student satisfaction.","Systematic Theology, Biblical Interpretation, Research Dissertation","www.stmarys.ac.uk"
"C_SML066_RES_03","UK066","HISTORY","MA Modern History","MRes","2026","September","1 Year","Twickenham Campus","2.1 Honours degree; IELTS 6.5","Advanced research-based study focusing on historical ideas that shape our world.","Historical Research Methods, Critical Theory, Thesis","www.stmarys.ac.uk"
"C_SML066_RES_04","UK066","SOCIAL_SCIENCE","MA Social Research","MRes","2026","September","1 Year","Twickenham Campus","2.1 Honours degree; IELTS 6.5","Interdisciplinary training in social science research methodologies and theoretical application.","Quantitative Methods, Qualitative Analysis, Research Thesis","www.stmarys.ac.uk"
"C_SWA068_RES_01","UK068","ENGINEERING","MRes Materials Engineering","MRes","2026","September","1 Year","Bay Campus","2.1 Honours degree in Engineering or Physical Sciences; IELTS 6.5","Research-led programme focused on the development and characterisation of advanced materials.","Research Methods, Advanced Materials Characterisation, Dissertation","www.swansea.ac.uk"
"C_SWA068_RES_02","UK068","COMPUTER_SCIENCE","MRes Visual Computing","MRes","2026","September","1 Year","Bay Campus","2.1 Honours degree in Computer Science; IELTS 6.5","Specialist research training in computer graphics, vision, and data visualisation.","Scientific Computing, Visual Analytics, Research Project","www.swansea.ac.uk"
"C_SWA068_RES_03","UK068","SOCIAL_SCIENCE","MRes Social Research","MRes","2026","September","1 Year","Singleton Park","2.1 Honours degree; IELTS 6.5","Interdisciplinary research training recognised by the ESRC for doctoral preparation.","Qualitative Methods, Quantitative Methods, Research Design, Dissertation","www.swansea.ac.uk"
"C_SWA068_RES_04","UK068","MEDICINE","MRes Health and Wellbeing","MRes","2026","September","1 Year","Singleton Park","2.1 Honours degree in a health-related subject; IELTS 6.5","Provides high-level training in health research methodologies and clinical evidence evaluation.","Research Methods in Health, Systematic Reviews, Thesis","www.swansea.ac.uk"
"C_SWA068_RES_05","UK068","BUSINESS_MANAGEMENT","MRes Management","MRes","2026","September","1 Year","Bay Campus","2.1 Honours degree; Research Proposal; IELTS 7.0","Research-intensive programme in marketing, finance, or human resource management at the School of Management.","Business Research Methodologies, Thesis","www.swansea.ac.uk"
"C_SWA068_RES_06","UK068","ENGINEERING","MRes Structural Metals by Design","MRes","2026","September","1 Year","Bay Campus","2.1 Honours degree; Supervisor agreement; IELTS 6.5","Specialised research into the design and performance of advanced structural metals for aerospace and automotive industries.","Structural Metals Theory, Research Methods, Thesis","www.swansea.ac.uk"
"C_SWA068_RES_07","UK068","COMPUTER_SCIENCE","MRes Logic and Computation","MRes","2026","September","1 Year","Bay Campus","2.1 Honours degree in Computer Science or Maths; IELTS 6.5","Theoretical research focusing on mathematical logic, complexity theory, and formal verification.","Logic in CS, Research Training, Thesis","www.swansea.ac.uk"
"C_TEE069_RES_01","UK069","SCIENCE","MRes Science and Engineering","MRes","2026","September","1 Year","Middlesbrough","2.1 Honours degree; IELTS 6.5","Specialist research training in biological sciences, chemistry, or environmental engineering.","Research Methods, Advanced Laboratory Skills, Dissertation","www.tees.ac.uk"
"C_TEE069_RES_02","UK069","SOCIAL_SCIENCE","MRes Social Research","MRes","2026","September","1 Year","Middlesbrough","2.1 Honours degree; IELTS 6.5","Pre-doctoral training in sociological, psychological, and criminology research methodologies.","Qualitative Methods, Quantitative Data Analysis, Research Ethics, Dissertation","www.tees.ac.uk"
"C_TEE069_RES_03","UK069","HEALTH","MRes Health and Social Care Research","MRes","2026","September","1 Year","Middlesbrough","2.1 Honours degree; IELTS 6.5","Designed for practitioners to develop high-level clinical research skills.","Evidence-Based Practice, Research Design, Systematic Reviews, Thesis","www.tees.ac.uk"
"C_TEE069_RES_04","UK069","ARTS","MRes Arts and Creative Industries","MRes","2026","September","1 Year","Middlesbrough","2.1 Honours degree; Portfolio; IELTS 6.5","Practice-led research in digital media, fine art, or design within the MIMA context.","Creative Research Methods, Project Development, Thesis","www.tees.ac.uk"
"C_TEE069_RES_05","UK069","BUSINESS","MRes Business","MRes","2026","September","1 Year","Middlesbrough","2.1 Honours degree; Research Proposal; IELTS 6.5","Research-intensive training in management, marketing, or finance at Teesside University International Business School.","Business Research Methodologies, Thesis","www.tees.ac.uk"
"C_RGU070_RES_01","UK070","BUSINESS","MRes Business and Management","MRes","2026","September","1 Year","Garthdee Campus","2.1 Honours degree; IELTS 6.5","Advanced research training in corporate social responsibility, entrepreneurship, or digital marketing.","Research Philosophies, Research Design, Quantitative and Qualitative Analysis, Thesis","www.rgu.ac.uk"
"C_RGU070_RES_02","UK070","SOCIAL_SCIENCE","MRes Applied Social Studies","MRes","2026","September","1 Year","Garthdee Campus","2.1 Honours degree; IELTS 6.5","Specialist research preparation for doctoral study in social work, psychology, or sociology.","Qualitative Research Methods, Social Research Principles, Dissertation","www.rgu.ac.uk"
"C_RGU070_RES_03","UK070","CREATIVE_ARTS","MRes Art and Design","MRes","2026","September","1 Year","Garthdee Campus","2.1 Honours degree; Portfolio; IELTS 6.5","Practice-based research training for professional artists and designers.","Creative Practice Research, Critical Contexts, Research Methodologies, Dissertation","www.rgu.ac.uk"
"C_RGU070_RES_04","UK070","COMPUTER_SCIENCE","MRes Computing and Creative Technologies","MRes","2026","September","1 Year","Garthdee Campus","2.1 Honours degree; Supervisor agreement; IELTS 6.0","Technical research in AI, data science, or digital media technologies.","Technical Research Skills, Project Development, Thesis","www.rgu.ac.uk"
"C_RGU070_RES_05","UK070","HEALTH_SCIENCES","MRes Health and Social Care","MRes","2026","September","1 Year","Garthdee Campus","2.1 Honours degree; Supervisor agreement; IELTS 6.5","Research-intensive track for health professionals to lead clinical or social care evaluations.","Health Research Design, Ethics, Thesis","www.rgu.ac.uk"
"C_BUC071_RES_01","UK071","HUMANITIES","MRes Humanities","MRes","2026","September","1 Year","Buckingham Campus","2.1 Honours degree; IELTS 6.5; Interview","A research-focused degree offering pathways in History, English Literature, or Philosophy.","Research Methods in Humanities, Advanced Bibliography, Dissertation","www.buckingham.ac.uk"
"C_BUC071_RES_02","UK071","MILITARY_HISTORY","MRes Modern War Studies and Military History","MRes","2026","September","1 Year","Buckingham Campus","2.1 Honours degree; IELTS 6.5","Specialist research training in military strategy, conflict history, and security.","The Evolution of Modern War, Research Skills, Thesis","www.buckingham.ac.uk"
"C_BUC071_RES_03","UK071","EDUCATION","MRes Education","MRes","2026","September","1 Year","Buckingham Campus","2.1 Honours degree; IELTS 6.5","Designed for educational practitioners to conduct high-level pedagogical research.","Educational Research Methods, Ethics, Literature Review, Dissertation","www.buckingham.ac.uk"
"C_BUC071_RES_04","UK071","BIOGRAPHY","MA by Research (Biography)","MRes","2026","September","1 Year","Buckingham Campus","2.1 Honours degree; IELTS 7.0","A unique research-led master's focusing on the theory and practice of life writing.","Biographical Research Methods, Narrative Structure, Thesis","www.buckingham.ac.uk"
"C_BUC071_RES_05","UK071","BIOMEDICAL_SCIENCE","MSc by Research (Biomedical Sciences)","MRes","2026","September","1 Year","Buckingham Campus","2.1 Honours degree; Supervisor agreement; IELTS 6.5","Independent research project within the Institute for Biomedical and Biosciences Research.","Lab Research Skills, Scientific Data Analysis, Thesis","www.buckingham.ac.uk"
"C_NTH073_RES_01","UK073","BUSINESS","Business and Management MPhil","MRes","2026","October","18 Months","Waterside Campus","2.1 Honours degree; Research Proposal; IELTS 6.5","A supervised research degree focusing on strategic management, entrepreneurship, or social impact.","Research Training, Literature Review, Thesis","www.northampton.ac.uk"
"C_NTH073_RES_02","UK073","SOCIAL_SCIENCE","Social Sciences MPhil","MRes","2026","October","18 Months","Waterside Campus","2.1 Honours degree; Research Proposal; IELTS 6.5","Independent research into sociology, psychology, or criminology within the Faculty of Health, Education and Society.","Research Methodologies, Social Theory, Thesis","www.northampton.ac.uk"
"C_NTH073_RES_03","UK073","HEALTH","Health and Social Care MPhil","MRes","2026","October","18 Months","Waterside Campus","2.1 Honours degree; Research Proposal; IELTS 6.5","Advanced research training for health professionals to lead evidence-based practice and clinical evaluation.","Health Research Design, Ethics, Thesis","www.northampton.ac.uk"
"C_NTH073_RES_04","UK073","EDUCATION","Education MPhil","MRes","2026","October","18 Months","Waterside Campus","2.1 Honours degree; Research Proposal; IELTS 7.0","Research-led study into pedagogical theory, leadership, and educational social impact.","Educational Research Methods, Thesis","www.northampton.ac.uk"
"C_NTH073_RES_05","UK073","SCIENCE","Computing MPhil","MRes","2026","October","18 Months","Waterside Campus","2.1 Honours degree; Supervisor agreement; IELTS 6.5","Independent research in AI, data science, or cybersecurity within the Faculty of Arts, Science and Technology.","Technical Research Skills, Thesis","www.northampton.ac.uk"
"C_SAL074_RES_01","UK074","HEALTH","MRes Health and Social Care","MRes","2026","September","1 Year","Frederick Road","2.1 Honours degree; IELTS 6.5","Specialist research training for health professionals to lead evidence-based clinical practice.","Research Methods, Evidence-Based Practice, Dissertation","www.salford.ac.uk"
"C_SAL074_RES_02","UK074","BIOLOGY","MRes Biological Sciences","MRes","2026","September","1 Year","Peel Park","2.1 Honours degree in Biology; IELTS 6.5","Research-intensive program focusing on biotechnology, microbiology, or infectious diseases.","Advanced Laboratory Techniques, Research Design, Thesis","www.salford.ac.uk"
"C_SAL074_RES_03","UK074","GEOGRAPHY","MRes Geography and Environmental Management","MRes","2026","September","1 Year","Peel Park","2.1 Honours degree; IELTS 6.5","Focused research training in urban ecology, climate change, or spatial analysis.","Research Methods in Geography, Field Techniques, Dissertation","www.salford.ac.uk"
"C_SAL074_RES_04","UK074","SOCIAL_POLICY","MRes Social Policy","MRes","2026","September","1 Year","Peel Park","2.1 Honours degree; Research Proposal; IELTS 6.5","Independent research into welfare systems, social justice, and policy evaluation.","Social Research Methods, Theory, Thesis","www.salford.ac.uk"
"C_SAL074_RES_05","UK074","HEALTH","MRes Dementia Studies","MRes","2026","September","1 Year","Frederick Road","2.1 Honours degree; IELTS 6.5","Specialised research training focusing on person-centred care and dementia policy.","Dementia Research Skills, Ethics, Thesis","www.salford.ac.uk"
"C_SAL074_RES_06","UK074","HEALTH","MRes Midwifery","MRes","2026","September","1 Year","Frederick Road","2.1 Honours degree; Professional registration; IELTS 7.0","Research-led study into maternal health, clinical practice improvement, and midwifery education.","Midwifery Research Design, Thesis","www.salford.ac.uk"
"C_SHE075_RES_01","UK075","SOCIAL_SCIENCE","MRes Social Sciences","MRes","2026","September","1 Year","Main Campus","2.1 Honours degree; IELTS 6.5 (min 6.0 in bands)","ESRC-accredited research training providing a foundation for PhD study across social science disciplines.","Philosophy of Social Science, Research Design, Quantitative & Qualitative Methods, Dissertation","www.sheffield.ac.uk"
"C_SHE075_RES_02","UK075","MEDICINE","MRes Medicine","MRes","2026","September","1 Year","Medical School","2.1 Honours degree in life sciences; IELTS 7.0","A research-intensive program focusing on clinical and translational medical sciences.","Research Methods in Medicine, Advanced Lab Skills, Literature Review, Research Project","www.sheffield.ac.uk"
"C_SHE075_RES_03","UK075","BIOLOGY","MRes Ecology and Environment","MRes","2026","September","1 Year","Main Campus","2.1 Honours degree in Biology; IELTS 6.5","Specialist research training in field ecology, environmental change, and conservation biology.","Field Research Techniques, Data Analysis for Ecologists, Research Project","www.sheffield.ac.uk"
"C_SHE075_RES_04","UK075","SPEECH_THERAPY","MRes Speech and Language Therapy","MRes","2026","September","1 Year","Main Campus","2.1 Honours degree; Professional registration; IELTS 7.0","Designed for practitioners to develop research leadership in communication disorders and therapy.","Research Methods in Clinical Practice, Systematic Reviews, Dissertation","www.sheffield.ac.uk"
"C_SHE075_RES_05","UK075","OPHTHALMOLOGY","MRes Vision and Strabismus","MRes","2026","September","1 Year","Medical School","2.1 Honours degree; IELTS 7.0","Specialist research training in orthoptics, vision science, and ocular motility.","Advanced Ocular Research, Clinical Trials, Thesis","www.sheffield.ac.uk"
"C_SHE075_RES_06","UK075","PHYSICS","MRes Physics","MRes","2026","September","1 Year","Main Campus","2.1 Honours degree in Physics; IELTS 6.5","Independent research projects in quantum information, particle physics, or astrophysics.","Advanced Physics Techniques, Research Project, Thesis","www.sheffield.ac.uk"
"C_UWL076_RES_01","UK076","BUSINESS","MRes Business","MRes","2026","September","1 Year","St Mary's Road","2.1 Honours degree; IELTS 6.5; Research Proposal","Pre-doctoral training providing advanced skills in management research and organisational analysis.","Research Philosophies, Qualitative Methods, Quantitative Analysis, Dissertation","www.uwl.ac.uk"
"C_UWL076_RES_02","UK076","PSYCHOLOGY","MRes Psychology","MRes","2026","September","1 Year","St Mary's Road","2.1 Honours degree in Psychology; IELTS 6.5","Specialist training in psychological research design and advanced statistical modelling.","Advanced Psychological Research, Experimental Design, Thesis","www.uwl.ac.uk"
"C_UWL076_RES_03","UK076","HEALTH","MRes Clinical Practice","MRes","2026","September","1 Year","Reading/Brentford","2.1 Honours degree; Professional registration; IELTS 7.0","Designed for healthcare professionals to develop research leadership within clinical settings.","Evidence-Based Practice, Research Governance, Systematic Reviews, Dissertation","www.uwl.ac.uk"
"C_UWL076_RES_04","UK076","ARTS","MRes Arts and Creative Industries","MRes","2026","September","1 Year","St Mary's Road","2.1 Honours degree; Portfolio; IELTS 6.5","Practice-led research in media, performance, or design within a professional creative context.","Creative Research Methods, Project Development, Thesis","www.uwl.ac.uk"
"C_UWL076_RES_05","UK076","EDUCATION","MRes Education","MRes","2026","September","1 Year","St Mary's Road","2.1 Honours degree; Research Proposal; IELTS 7.0","Research-led study into pedagogical theory, leadership, and educational social impact.","Educational Research Methods, Thesis","www.uwl.ac.uk"
"C_WIN077_RES_01","UK077","HUMANITIES","MRes Humanities","MRes","2026","September","1 Year","King Alfred Campus","2.1 Honours degree; Research Proposal; IELTS 6.5","A flexible research degree allowing for deep specialisation in history, theology, or philosophy.","Research Methods in the Arts, Critical Theory, Thesis","www.winchester.ac.uk"
"C_WIN077_RES_02","UK077","SOCIAL_SCIENCE","MRes Social Sciences","MRes","2026","September","1 Year","King Alfred Campus","2.1 Honours degree; Research Proposal; IELTS 6.5","Advanced research training in sociology, psychology, or criminology.","Social Research Methods, Theory, Dissertation","www.winchester.ac.uk"
"C_WIN077_RES_03","UK077","SPORT","MRes Sport and Exercise","MRes","2026","September","1 Year","King Alfred Campus","2.1 Honours degree in Sport Science; IELTS 6.5","Advanced research training in sports performance, coaching, or exercise physiology.","Advanced Research Methods, Biomechanics/Physiology Project, Dissertation","www.winchester.ac.uk"
"C_WIN077_RES_04","UK077","EDUCATION","MRes Education","MRes","2026","September","1 Year","King Alfred Campus","2.1 Honours degree; IELTS 6.5","Specialist training for educational researchers focusing on pedagogy and social justice.","Educational Research Design, Ethics in Education, Thesis","www.winchester.ac.uk"
"C_WIN077_RES_05","UK077","HEALTH","MRes Health and Wellbeing","MRes","2026","September","1 Year","King Alfred Campus","2.1 Honours degree; IELTS 6.5","Research-intensive pathway focusing on clinical practice, public health, and social care interventions.","Health Research Design, Evidence-Based Practice, Thesis","www.winchester.ac.uk"
"C_WOR078_RES_01","UK078","BIOLOGY","MRes Biology","MRes","2026","September","1 Year","St John's Campus","2.1 Honours degree; IELTS 6.5; Research Proposal","Specialist research training in ecology, plant science, or biomedical sciences within the School of Science and the Environment.","Research Methods in Science, Advanced Laboratory Techniques, Thesis","www.worcester.ac.uk"
"C_WOR078_RES_02","UK078","SPORT","MRes Sport and Exercise Science","MRes","2026","September","1 Year","St John's Campus","2.1 Honours degree in Sport Science; IELTS 6.5","Advanced research training in biomechanics, sports psychology, or physiology using world-class facilities.","Research Design in Sport, Advanced Data Analysis, Research Project","www.worcester.ac.uk"
"C_WOR078_RES_03","UK078","HUMANITIES","MRes Humanities","MRes","2026","September","1 Year","City Campus","2.1 Honours degree; IELTS 6.5","Independent research project in History, English, or Media, supported by specialised methodological training.","Research Methods in the Humanities, Critical Theory, Dissertation","www.worcester.ac.uk"
"C_WOR078_RES_04","UK078","SOCIAL_SCIENCE","MRes Sociology","MRes","2026","September","1 Year","St John's Campus","2.1 Honours degree; Research Proposal; IELTS 6.5","Advanced research training focusing on social identity, inequality, and community dynamics.","Social Research Methods, Theory, Thesis","www.worcester.ac.uk"
"C_WOR078_RES_05","UK078","HEALTH","MRes Health and Care","MRes","2026","September","1 Year","St John's Campus","2.1 Honours degree; Professional registration; IELTS 7.0","Research-intensive pathway for health professionals to lead evidence-based practice and clinical evaluation.","Health Research Design, Ethics, Thesis","www.worcester.ac.uk"
"C_UCB079_RES_01","UK079","SPORT","MSc Strength, Conditioning and Performance","MRes","2026","September","1 Year","Moss House Campus","2.1 Honours degree; IELTS 6.0","Advanced research-led training in human performance, injury prevention, and elite coaching.","Research Methods, Advanced Data Analysis, Research Dissertation","www.ucb.ac.uk"
"C_UCB079_RES_02","UK079","HEALTH","MSc Health and Social Care Management","MRes","2026","September","1 Year","Moss House Campus","2.1 Honours degree; IELTS 6.0","Specialist research preparation for clinical leadership and strategic health service evaluation.","Evidence-Based Practice, Research Design, Dissertation","www.ucb.ac.uk"
"C_UCL080_RES_01","UK080","ARCHITECTURE","MRes Architecture and Digital Theory","MRes","2026","September","1 Year","Bartlett School","2.1 Honours degree; IELTS 7.5","Research into the history, theory and criticism of digital design and fabrication.","Computational Synthesis, Critical Theory, Thesis","www.ucl.ac.uk"
"C_UCL080_RES_02","UK080","BIOLOGY","MRes Biodiversity, Evolution and Conservation","MRes","2026","September","1 Year","Bloomsbury","2.1 Honours degree in Biology; IELTS 7.5","Specialist training in evolutionary genetics and conservation biology in partnership with NHM and ZSL.","Evolutionary Analysis, Conservation Research, Dissertation","www.ucl.ac.uk"
"C_UCL080_RES_03","UK080","BIOMEDICAL_SCIENCE","MRes Biomedicine","MRes","2026","September","1 Year","Bloomsbury","2.1 Honours degree in Life Sciences; IELTS 7.5","Research-intensive foundation in molecular and cellular mechanisms of disease.","Research Techniques, Lab Rotations, Dissertation","www.ucl.ac.uk"
"C_UCL080_RES_04","UK080","COMPUTER_SCIENCE","MRes Computer Science","MRes","2026","September","1 Year","Bloomsbury","First Class Honours in CS; IELTS 7.5","Pre-doctoral training for high-calibre students in AI, systems, or graphics.","Advanced Research Topics, Literature Review, Thesis","www.ucl.ac.uk"
"C_UCL080_RES_05","UK080","MANAGEMENT","MRes Management","MRes","2026","September","1 Year","Canary Wharf","First Class Honours; GRE/GMAT; IELTS 7.5","The first year of the MRes/PhD programme focusing on organisational behaviour and strategy.","Quantitative Methods, Microeconomics, Research Seminar, Thesis","www.mgmt.ucl.ac.uk"
"C_UCL080_RES_06","UK080","SOCIAL_SCIENCE","MRes Social Research","MRes","2026","September","1 Year","Bloomsbury","2.1 Honours degree; IELTS 7.5","ESRC-recognised training in advanced qualitative and quantitative social research methods.","Statistical Analysis, Qualitative Research, Research Design, Thesis","www.ucl.ac.uk"
"C_UCL080_RES_07","UK080","PHARMACY","MRes Clinical Drug Development","MRes","2026","September","1 Year","Bloomsbury","2.1 Honours degree in Science; IELTS 7.0","Research-led training in the clinical phases of drug development and regulatory affairs.","Clinical Trial Design, Ethics, Research Project","www.ucl.ac.uk"
"C_UCL080_RES_08","UK080","CHEMISTRY","MRes Molecular Modelling","MRes","2026","September","1 Year","Bloomsbury","2.1 Honours degree; IELTS 6.5","Advanced research training in computational chemistry and molecular simulation.","Simulation Theory, Computational Methods, Thesis","www.ucl.ac.uk"
"C_UCA081_RES_01","UK081","CREATIVE_ARTS","MPhil Creative Arts (Practice-led or Theoretical)","MRes","2026","September","1-2 Years","Farnham/Canterbury","2.1 Honors degree; Research Proposal; IELTS 7.0 (Writing 7.0)","A Master of Philosophy focusing on original research in fine art, photography, or digital media.","Research Methods, Specialist Supervision, Thesis/Practice-based Output","www.uca.ac.uk"
"C_UCA081_RES_02","UK081","FASHION","MPhil Fashion and Textiles","MRes","2026","September","1-2 Years","Epsom/Farnham","2.1 Honors degree; Research Proposal; IELTS 7.0 (Writing 7.0)","Advanced research into sustainable fashion, material innovation, or textile heritage.","Research Methodologies, Supervised Research, Thesis/Major Project","www.uca.ac.uk"
"C_UCA081_RES_03","UK081","COMMUNICATION","MPhil Visual Communications and Design","MRes","2026","September","1-2 Years","Farnham/Epsom","2.1 Honors degree; Research Proposal; IELTS 7.0 (Writing 7.0)","Research-intensive program focusing on graphic design, illustration, or brand management.","Independent Research, Academic Writing, Final Thesis","www.uca.ac.uk"
"C_ABD082_RES_01","UK082","MEDICINE","MSc Medical Sciences (Research)","MRes","2026","September","1 Year","Old Aberdeen Campus","2.1 Honors degree; IELTS 6.5 (min 6.0)","An advanced research masters focusing on independent projects in clinical medicine or nutrition.","Research Skills, Project Design, Thesis Submission","www.abdn.ac.uk"
"C_ABD082_RES_02","UK082","SOCIAL_SCIENCE","MRes Social Science","MRes","2026","September","1 Year","Old Aberdeen Campus","2.1 Honors degree; IELTS 6.5","Interdisciplinary ESRC-recognized research training across social science disciplines.","Quantitative Methods, Qualitative Research, Social Theory, Dissertation","www.abdn.ac.uk"
"C_ABD082_RES_03","UK082","PSYCHOLOGY","MRes Psychology","MRes","2026","September","1 Year","Old Aberdeen Campus","2.1 Honors degree in Psychology; IELTS 6.5","Comprehensive training in experimental psychology research and advanced statistics.","Psychological Research Methods, Advanced Statistics, Research Project","www.abdn.ac.uk"
"C_ABD082_RES_04","UK082","SOCIAL_SCIENCE","MRes Sociology","MRes","2026","September","1 Year","Old Aberdeen Campus","2.1 Honors degree; IELTS 6.5","Specialist training in sociological research methodologies and theoretical frameworks.","Sociological Theory, Data Analysis, Research Practice, Dissertation","www.abdn.ac.uk"
"C_ABD082_RES_05","UK082","SOCIAL_SCIENCE","MRes Social Anthropology","MRes","2026","September","1 Year","Old Aberdeen Campus","2.1 Honors degree; IELTS 6.5","Research-focused degree specializing in ethnographic methods and anthropological theory.","Ethnographic Research, Critical Theory, Fieldwork Preparation, Dissertation","www.abdn.ac.uk"
"C_ABD082_RES_06","UK082","ARTS_HUMANITIES","MRes Linguistics","MRes","2026","September","1 Year","Old Aberdeen Campus","2.1 Honors degree; IELTS 6.5","Advanced research training in linguistic analysis, syntax, and sociolinguistics.","Linguistic Theory, Research Methods in Language, Thesis","www.abdn.ac.uk"
"C_BAT083_RES_01","UK083","SOCIAL_SCIENCE","MRes Social Research","MRes","2026","September","1 Year","Claverton Down","2.1 Honors degree in Social Sciences; IELTS 7.0 (min 6.5)","ESRC-recognized research training providing a foundation for doctoral study in social policy or sociology.","Principles of Research Design, Qualitative Methods, Quantitative Methods, Dissertation","www.bath.ac.uk"
"C_BAT083_RES_02","UK083","PSYCHOLOGY","MRes Psychology","MRes","2026","September","1 Year","Claverton Down","2.1 Honors degree in Psychology; IELTS 7.0 (min 6.5)","Advanced training in psychological research methods and statistics, recognized for PhD progression.","Advanced Statistics, Psychological Research Methods, Research Project","www.bath.ac.uk"
"C_BAT083_RES_03","UK083","ECONOMICS","MRes Economics","MRes","2026","September","1 Year","Claverton Down","2:1 or First Class Honors in Economics; IELTS 7.0 (min 6.5)","A highly quantitative research master's designed for students targeting top-tier PhD programs.","Microeconomics, Macroeconomics, Econometrics, Thesis","www.bath.ac.uk"
"C_BAT083_RES_04","UK083","SOCIAL_SCIENCE","MRes Global Challenges: Geopolitics, Inequalities and Mobilities","MRes","2026","September","1 Year","Claverton Down","2.1 Honors degree; IELTS 7.0 (min 6.5)","Interdisciplinary research training addressing major global societal shifts and geopolitical challenges.","Digital Methods, Research Principles, Global Challenges Seminar, Dissertation","www.bath.ac.uk"
"C_BAT083_RES_05","UK083","SOCIAL_SCIENCE","MRes International Development","MRes","2026","September","1 Year","Claverton Down","2.1 Honors degree; IELTS 7.0 (min 6.5)","Focuses on advanced research techniques to analyze data and draw insights in international development contexts.","Quantitative and Qualitative Methods, International Development Theory, Dissertation","www.bath.ac.uk"
"C_BAT083_RES_06","UK083","EDUCATION","MRes Education","MRes","2026","September","1 Year","Claverton Down","2.1 Honors degree; IELTS 7.0 (min 6.5)","Specialist research training for students aiming to conduct high-level educational research or PhD study.","Educational Research Methods, Philosophy of Social Science, Thesis","www.bath.ac.uk"
"C_BAT083_RES_07","UK083","SOCIAL_SCIENCE","MRes Climate Change, Sustainability and Society","MRes","2026","September","1 Year","Claverton Down","2.1 Honors degree; IELTS 7.0 (min 6.5)","Interdisciplinary training combining environmental sustainability with social science research methodologies.","Sustainability Research, Environmental Policy Analysis, Research Methods, Dissertation","www.bath.ac.uk"
"C_BED084_RES_01","UK084","BUSINESS","Masters by Research (MA by Res) Business and Management","MRes","2026","September","1 Year","Luton Campus","2.1 Honors degree; Research Proposal; IELTS 6.0","Specialist research degree providing a pathway to PhD study in management, finance, or leadership.","Research Philosophies, Methodologies, Thesis","www.beds.ac.uk"
"C_BED084_RES_02","UK084","SCIENCE","Masters by Research (MSc by Res) Applied Sciences","MRes","2026","September","1 Year","Luton Campus","2.1 Honors degree in Science; IELTS 6.0","Laboratory-based research training in biotechnology, forensic science, or environmental chemistry.","Laboratory Techniques, Data Analysis, Thesis","www.beds.ac.uk"
"C_BED084_RES_03","UK084","HEALTH","Masters by Research (MSc by Res) Health and Social Care","MRes","2026","September","1 Year","Luton Campus","2.1 Honors degree; IELTS 6.0","Focused research investigation into public health, nursing practices, or social policy.","Evidence-Based Research, Ethics, Thesis","www.beds.ac.uk"
"C_BED084_RES_04","UK084","CREATIVE_ARTS","Masters by Research (MA by Res) Creative Arts","MRes","2026","September","1 Year","Luton Campus","2.1 Honors degree; Portfolio; Research Proposal","Practice-led research in media, performance, or art and design leading to a final thesis/project.","Creative Research Methods, Critical Theory, Thesis","www.beds.ac.uk"
"C_BED084_RES_05","UK084","SPORT_SCIENCE","Masters by Research (MSc by Res) Sport and Physical Education","MRes","2026","September","1 Year","Bedford Campus","2.1 Honors degree; IELTS 6.0","Advanced research in sports performance, physiology, or physical education pedagogy.","Advanced Data Analysis, Research Ethics, Dissertation","www.beds.ac.uk"
"C_BIR085_RES_01","UK085","SOCIAL_SCIENCE","MRes Interdisciplinary Study","MRes","2026","September","1 Year","Edgbaston Campus","2.1 Honors degree; Research Proposal; IELTS 6.5 (min 6.0)","A flexible research degree allowing students to bridge disciplinary borders in arts, humanities, or social sciences.","Interdisciplinary Research Project, Critical Theory, Specialist Skills Module","www.birmingham.ac.uk"
"C_BIR085_RES_02","UK085","CANCER_SCIENCES","MRes Cancer Sciences","MRes","2026","September","1 Year","Medical School","2.1 Honors degree in Life Sciences; IELTS 6.5 (min 6.0)","Immersive training in cancer pathogenesis and translational research with a 30-week lab project.","Cancer Immunology, Genomics and Therapeutics, Extended Research Project","www.birmingham.ac.uk"
"C_BIR085_RES_03","UK085","HUMANITIES","MRes Sexuality and Gender Studies","MRes","2026","September","1 Year","Edgbaston Campus","2.1 Honors degree; Research Proposal; IELTS 6.5 (min 6.0)","Interdisciplinary exploration of gender and sexuality theories, offering a foundation for PhD study.","Sexuality and Representation, Critical Theory, 20,000-word Thesis","www.birmingham.ac.uk"
"C_BIR085_RES_04","UK085","PSYCHOLOGY","MSc Psychology (Research)","MRes","2026","September","1 Year","Edgbaston Campus","2.1 Honors degree in Psychology; IELTS 6.5 (min 6.0)","A research-focused masters providing advanced training in psychological methods and experimental design.","Advanced Statistics, Research Placements, Substantial Research Project","www.birmingham.ac.uk"
"C_BIR085_RES_05","UK085","SCIENCE","MRes Molecular and Cellular Biology","MRes","2026","September","1 Year","Edgbaston Campus","2.1 Honors degree in Life/Physical Sciences; IELTS 6.5 (min 6.0)","Replicates a 'mini-PhD' with a 9-month laboratory project in state-of-the-art bioscience facilities.","Research Techniques, Funding and Communicating Science, MRes Thesis","www.birmingham.ac.uk"
"C_BIR085_RES_06","UK085","MEDICINE","MRes Biomedical Research","MRes","2026","September","1 Year","Medical School","2.1 Honors degree in relevant science; IELTS 6.5 (min 6.0)","Stream-based research training in areas like Cardiovascular Science, Immunology, or Inflammation.","Stream-specific Modules, Data Analysis, Extended Laboratory Project","www.birmingham.ac.uk"
"C_BIR085_RES_07","UK085","SOCIAL_SCIENCE","MRes African Studies","MRes","2026","September","1 Year","Edgbaston Campus","2.1 Honors degree; Research Proposal; IELTS 6.5 (min 6.0)","Specialist research training in African history, politics, and culture, accredited for PhD progression.","Research Skills and Methods, African Social Theory, Dissertation","www.birmingham.ac.uk"
"C_BRA086_RES_01","UK086","BIOLOGY","MRes Cancer Drug Discovery","MRes","2026","September","1 Year","City Campus","2.1 Honors degree in Life Sciences; IELTS 6.0","Specialist research training at the Institute of Cancer Therapeutics focused on novel cancer therapeutics.","Research Skills, Cancer Drug Discovery, major Research Project","www.bradford.ac.uk"
"C_BRA086_RES_02","UK086","PHARMACY","MRes Pharmaceutical Technology","MRes","2026","September","1 Year","City Campus","2.1 Honors degree in Pharmacy or Chemistry; IELTS 6.0","Advanced research training in drug delivery and formulation at the School of Pharmacy.","Research Methodologies, Specialist Pharmacy Modules, Dissertation","www.bradford.ac.uk"
"C_BRA086_RES_03","UK086","ARCHAEOLOGY","MRes Archaeology","MRes","2026","September","1 Year","City Campus","2.1 Honors degree; Research Proposal; IELTS 6.0","Research-led program for practitioners and researchers to develop specialized skills in archaeology.","Professional Development, Supervised Research Project, Specialist Archaeology Modules","www.bradford.ac.uk"
"C_BRA086_RES_04","UK086","BIOLOGY","MRes Cancer Pharmacology","MRes","2026","September","1 Year","City Campus","2.1 Honors degree in relevant science; IELTS 6.0","Focuses on the pharmacological aspects of cancer treatment and drug safety.","Research Skills, Cancer Pharmacology, major Research Project","www.bradford.ac.uk"
"C_BRA086_RES_05","UK086","BIOLOGY","MRes Molecular and Cell Biology","MRes","2026","September","1 Year","City Campus","2.1 Honors degree in Life Sciences; IELTS 6.0","Advanced laboratory-based research in the molecular mechanisms of disease.","Research Techniques, Molecular Biology, Extended Research Project","www.bradford.ac.uk"
"C_BRA086_RES_06","UK086","SCIENCE","MRes Drug Toxicology and Safety Pharmacology","MRes","2026","September","1 Year","City Campus","2.1 Honors degree in scientific discipline; IELTS 6.0","Provides the skills needed for careers in drug safety assessment and toxicology research.","Research Skills, Drug Toxicology, major Research Project","www.bradford.ac.uk"
"C_BRI088_RES_01","UK088","BIOLOGY","MRes Biological Sciences","MRes","2026","September","1 Year","Moulsecoomb Campus","2.1 Honors degree; IELTS 6.5 (min 6.0)","Research-intensive training in molecular biology, genomics, and ecology with a major year-long project.","Research Methods, Advanced Laboratory Skills, Dissertation","www.brighton.ac.uk"
"C_BRI088_RES_02","UK088","SCIENCE","MRes Life Sciences","MRes","2026","September","1 Year","Moulsecoomb Campus","2.1 Honors degree in relevant science; IELTS 6.5","Advanced research-based study across pharmacology, chemistry, and biomedical sciences.","Laboratory Techniques, Research Project Management, Thesis","www.brighton.ac.uk"
"C_BRI088_RES_03","UK088","HUMANITIES","MRes Humanities and Social Science","MRes","2026","September","1 Year","Falmer Campus","2.1 Honors degree; IELTS 6.5 (min 6.0)","Interdisciplinary research training in history, politics, or sociology for doctoral preparation.","Critical Theory, Qualitative Research Methods, Dissertation","www.brighton.ac.uk"
"C_BRI088_RES_04","UK088","SPORT_SCIENCE","MRes Sport and Exercise Science","MRes","2026","September","1 Year","Falmer Campus","2.1 Honors degree in Sport Science; IELTS 6.5","Specialist research training in biomechanics, physiology, or sport psychology.","Advanced Data Analysis, Sport Research Methods, Research Project","www.brighton.ac.uk"
"C_BRI088_RES_05","UK088","HEALTH","MRes Clinical Research","MRes","2026","September","1 Year","Falmer Campus","2.1 Honors degree; Professional qualification; IELTS 7.0","Designed for healthcare professionals to develop high-level clinical research skills.","Evidence-based Practice, Clinical Trial Design, Dissertation","www.brighton.ac.uk"
"C_BRI088_RES_06","UK088","ARTS_HUMANITIES","MRes Arts and Cultural Research","MRes","2026","September","1 Year","City Campus","2.1 Honors degree; Portfolio/Proposal; IELTS 6.5","Focuses on practice-based or theoretical research within the creative arts and media.","Creative Methodologies, Cultural Theory, Research Thesis","www.brighton.ac.uk"
"C_BRS089_RES_01","UK089","ECONOMICS","MRes Economics","MRes","2026","September","2 Years","Clifton Campus","First Class Honors in Economics; IELTS 7.0 (min 6.5)","A two-year research-intensive degree providing a rigorous foundation for doctoral study in Economics.","Advanced Microeconomics, Advanced Macroeconomics, Econometrics, Research Project","www.bristol.ac.uk"
"C_BRS089_RES_02","UK089","HEALTH","MRes Health Sciences Research","MRes","2026","September","1 Year","Clifton Campus","2.1 Honors degree in Science/Medicine; IELTS 7.0 (min 6.5)","Provides a solid foundation in health sciences research through project-based learning and taught units.","Research Skills, Project Design, Specialist Health Modules, Dissertation","www.bristol.ac.uk"
"C_BRS089_RES_03","UK089","SOCIAL_SCIENCE","MSc Social Science Research Methods (Sociology)","MRes","2026","September","1 Year","Clifton Campus","2.1 Honors degree; IELTS 7.0 (min 6.5)","ESRC-accredited research training program focusing on sociology, politics, and international studies.","Philosophy of Social Science, Qualitative Research, Quantitative Research, Dissertation","www.bristol.ac.uk"
"C_BRS089_RES_04","UK089","EDUCATION","MRes Education","MRes","2026","September","1 Year","Clifton Campus","2.1 Honors degree; IELTS 7.0 (min 6.5)","A research-led program providing the skills needed to conduct high-level educational research or PhD study.","Introduction to Educational Research, Philosophy of Social Science, Thesis","www.bristol.ac.uk"
"C_BRS089_RES_05","UK089","SOCIAL_SCIENCE","MSc Social Science Research Methods (Politics)","MRes","2026","September","1 Year","Clifton Campus","2.1 Honors degree in Politics/IR; IELTS 7.0 (min 6.5)","Advanced research training in global politics and international relations for doctoral preparation.","Research Methods in Politics, Political Theory, Data Analysis, Thesis","www.bristol.ac.uk"
"C_BRS089_RES_06","UK089","BUSINESS","MSc Social Science Research Methods (Management)","MRes","2026","September","1 Year","Clifton Campus","2.1 Honors degree in Management/Sociology; IELTS 7.0 (min 6.5)","Research-intensive training specializing in management theory and organizational behavior research.","Research Philosophies, Management Theory, Advanced Data Analysis, Thesis","www.bristol.ac.uk"
"C_CAM090_RES_01","UK090","BIOLOGY","MPhil Biological Science (Stem Cell Biology)","MRes","2026","October","1 Year","Cambridge Campus","1st Class Honors; IELTS 7.5 (min 7.0); Research Proposal","Elite research training within the Wellcome-MRC Cambridge Stem Cell Institute focusing on stem cell behavior.","Research Rotations, Critical Appraisal, Thesis","www.postgraduate.study.cam.ac.uk"
"C_CAM090_RES_02","UK090","PHYSICS","MRes Connected Electronic and Photonic Systems","MRes","2026","October","1 Year","Cavendish Laboratory","1st Class Honors in Physics/Engineering; IELTS 7.5","Interdisciplinary research foundation in next-generation electronic and photonic device fabrication.","Research Project 1, Research Project 2, Specialist Electives, Thesis","www.postgraduate.study.cam.ac.uk"
"C_CAM090_RES_03","UK090","MEDICINE","MPhil Medical Science (CIMR)","MRes","2026","September","1 Year","Addenbrooke's Hospital","1st Class Honors; IELTS 7.5 (min 7.0)","Research-led study at the Cambridge Institute for Medical Research focusing on molecular mechanisms of disease.","Laboratory Rotations, Technical Skills, Research Thesis","www.postgraduate.study.cam.ac.uk"
"C_CAM090_RES_04","UK090","SOCIAL_SCIENCE","MRes Social Anthropology","MRes","2026","October","1 Year","Cambridge Campus","1st Class Honors; IELTS 7.5; Sample of Work","Specialist pre-doctoral training in ethnographic methods and anthropological theory for doctoral preparation.","Ethnographic Methods, Statistical Analysis, Thesis","www.postgraduate.study.cam.ac.uk"
"C_CAM090_RES_05","UK090","BUSINESS","MRes Management Studies","MRes","2026","October","1 Year","Judge Business School","1st Class Honors; IELTS 7.5; GRE/GMAT; Research Proposal","Research-intensive program providing the necessary training for a PhD in Management.","Research Methods, Advanced Management Theory, Dissertation","www.postgraduate.study.cam.ac.uk"
"C_CAM090_RES_06","UK090","SCIENCE","MRes Nanoscience and Nanotechnology","MRes","2026","October","1 Year","Cavendish Laboratory","1st Class Honors; IELTS 7.5","Research training in the interdisciplinary field of nanoscience, integrated into the NanoDTC doctoral program.","Nano-characterisation, Physics of Nanostructures, Short Projects, Thesis","www.postgraduate.study.cam.ac.uk"
"C_CHE091_RES_01","UK091","BIOLOGY","MRes Biological Sciences","MRes","2026","September","1 Year","Exton Park (Chester)","2.1 Honors degree in Biology; IELTS 6.5 (min 6.0)","Specialist research training in genetics, microbiology, or animal behavior within the School of Science.","Research Methods in Science, Advanced Laboratory Techniques, Dissertation","www.chester.ac.uk"
"C_CHE091_RES_02","UK091","PSYCHOLOGY","MRes Psychology","MRes","2026","September","1 Year","Exton Park (Chester)","2.1 Honors degree in Psychology; IELTS 6.5 (min 6.0)","Foundation for PhD study focusing on experimental psychology and advanced quantitative analysis.","Advanced Statistics, Psychological Research Methods, Thesis","www.chester.ac.uk"
"C_CHE091_RES_03","UK091","SPORT","MRes Sport and Exercise Sciences","MRes","2026","September","1 Year","Exton Park (Chester)","2.1 Honors degree in Sport Science; IELTS 6.5 (min 6.0)","Focused research training in biomechanics, physiology, or sports psychology.","Advanced Research Design, Performance Analysis, Thesis","www.chester.ac.uk"
"C_CHE091_RES_04","UK091","SCIENCE","MRes Clinical Sciences","MRes","2026","September","1 Year","Bache Hall (Chester)","2.1 Honors degree in relevant science; IELTS 6.5 (min 6.0)","Intensive research training located at the new home of Medical Sciences at Bache Hall.","Clinical Research Methods, Laboratory Skills, Research Project","www.chester.ac.uk"
"C_CHE091_RES_05","UK091","MEDICINE","MRes Medicine","MRes","2026","September","1 Year","Bache Hall (Chester)","2.1 Honors degree in Medicine or Life Sciences; IELTS 6.5","Advanced research-based study focusing on molecular medicine and patient-centered research.","Medical Research Methodologies, Specialist Laboratory Rotations, Thesis","www.chester.ac.uk"
"C_CHI093_RES_01","UK093","HUMANITIES","MPhil Humanities (Research)","MRes","2026","September","1-2 Years","Bishop Otter Campus","2.1 Honors degree; Research Proposal; IELTS 6.5 (min 6.0)","Advanced research-based study in History, English, or Theology with a focus on primary source analysis.","Research Methods in Humanities, Critical Theory, Dissertation","www.chi.ac.uk"
"C_CHI093_RES_02","UK093","SPORT","MPhil Sport and Exercise Science (Research)","MRes","2026","September","1-2 Years","Bishop Otter Campus","2.1 Honors degree in Sport Science; IELTS 6.5 (min 6.0)","Specialist research training in biomechanics, sports psychology, or physiology.","Advanced Research Design, Laboratory Techniques, Research Project","www.chi.ac.uk"
"C_CHI093_RES_03","UK093","EDUCATION","MPhil Education (Research)","MRes","2026","September","1-2 Years","Bishop Otter Campus","2.1 Honors degree; IELTS 6.5 (min 6.0)","Designed for educational practitioners to conduct high-level pedagogical or policy research.","Educational Research Methods, Ethics, Dissertation","www.chi.ac.uk"
"C_CHI093_RES_04","UK093","PSYCHOLOGY","MPhil Psychology (Research)","MRes","2026","September","1-2 Years","Bishop Otter Campus","2.1 Honors degree in Psychology; Research Proposal; IELTS 6.5","Advanced research training in psychological theory and experimental design.","Psychological Research Methods, Advanced Data Analysis, Thesis","www.chi.ac.uk"
"C_CUM094_RES_01","UK094","HEALTH","MSc by Research Health and Wellbeing","MRes","2026","September","1 Year","Fusehill Street Campus","2.1 Honors degree; Research Proposal; IELTS 6.5 (min 6.0)","Advanced research training for health professionals focusing on evidence-based practice and clinical leadership.","Research Methods, Ethics in Health, Systematic Reviews, Dissertation","www.cumbria.ac.uk"
"C_CUM094_RES_02","UK094","SOCIAL_SCIENCE","MA by Research Social Science","MRes","2026","September","1 Year","Lancaster Campus","2.1 Honors degree; Research Proposal; IELTS 6.5 (min 6.0)","Interdisciplinary research training providing a foundation for doctoral study in sociology or social policy.","Qualitative & Quantitative Methods, Social Theory, Research Project","www.cumbria.ac.uk"
"C_CUM094_RES_03","UK094","SCIENCE","MSc by Research Wildlife Conservation and Forestry","MRes","2026","September","1 Year","Ambleside Campus","2.1 Honors degree; Research Proposal; IELTS 6.5 (min 6.0)","Research-intensive program utilizing the unique Lake District landscape for studies in ecology and conservation.","Field Research Techniques, Data Analysis, Specialist Supervision, Thesis","www.cumbria.ac.uk"
"C_CUM094_RES_04","UK094","EDUCATION","MA by Research Education","MRes","2026","September","1 Year","Lancaster Campus","2.1 Honors degree; Research Proposal; IELTS 6.5 (min 6.0)","Advanced pedagogical research training for practitioners looking to advance to doctoral level study.","Educational Research Methodologies, Ethics, Theoretical Frameworks, Dissertation","www.cumbria.ac.uk"
"C_DER095_RES_01","UK095","SOCIAL_SCIENCE","MRes Social Sciences and Humanities","MRes","2026","September","1 Year","Kedleston Road Campus","2.1 Honors degree; Research Proposal; IELTS 6.5 (min 6.0)","A research-led programme providing advanced training in qualitative and quantitative methodologies across the humanities and social sciences.","Research Methods, Advanced Critical Theory, Dissertation","www.derby.ac.uk"
"C_DER095_RES_02","UK095","SPORT","MRes Sport and Exercise","MRes","2026","September","1 Year","Kedleston Road Campus","2.1 Honors degree in Sport Science; IELTS 6.5 (min 6.0)","Focused research training in biomechanics, physiology, or sports psychology designed for doctoral progression.","Advanced Research Design, Performance Analysis, Research Thesis","www.derby.ac.uk"
"C_DER095_RES_03","UK095","HEALTH","MRes Clinical Research","MRes","2026","September","1 Year","Kedleston Road Campus","2.1 Honors degree; Professional registration; IELTS 7.0","Designed for health professionals to develop high-level clinical research skills within a healthcare setting.","Clinical Research Design, Evidence-based Practice, Research Project","www.derby.ac.uk"
"C_DER095_RES_04","UK095","EDUCATION","MRes Education","MRes","2026","September","1 Year","Kedleston Road Campus","2.1 Honors degree; IELTS 6.5 (min 6.0)","Specialist research training for educational practitioners focusing on pedagogical innovation and policy.","Educational Research Methodologies, Ethics, Research Thesis","www.derby.ac.uk"
"C_DUN096_RES_01","UK096","BUSINESS","MRes Business Research Methods","MRes","2026","September","1 Year","City Campus","2.1 Honors degree; IELTS 6.5 (min 6.0)","Specialist training in business research methodologies, specifically designed as a pathway to PhD study.","Research Methods and Methodology, Qualitative and Quantitative Methods, Dissertation","www.dundee.ac.uk"
"C_DUN096_RES_02","UK096","SCIENCE","MSc by Research Life Sciences","MRes","2026","September","1 Year","City Campus","2.1 Honors degree in Life Sciences; IELTS 6.5","A major research project in molecular cell biology, drug discovery, or plant sciences.","Laboratory Rotations, Technical Research Skills, Thesis","www.dundee.ac.uk"
"C_DUN096_RES_03","UK096","GEOGRAPHY","MSc by Research Geography","MRes","2026","September","1 Year","City Campus","2.1 Honors degree; Research Proposal; IELTS 6.5","Focused research into human or physical geography, including spatial analysis and environmental management.","Geographical Research Methods, Specialist Supervision, Thesis","www.dundee.ac.uk"
"C_DUN096_RES_04","UK096","SCIENCE","MSc by Research Environmental Science","MRes","2026","September","1 Year","City Campus","2.1 Honors degree in relevant science; IELTS 6.5","Research-intensive study of environmental systems, climate change, and sustainability.","Environmental Data Analysis, Research Ethics, Dissertation","www.dundee.ac.uk"
"C_DUN096_RES_05","UK096","MEDICINE","MSc by Research Medicine","MRes","2026","September","1 Year","Ninewells Hospital Campus","2.1 Honors degree in Medicine/Life Sciences; IELTS 7.0","Clinical or laboratory-based research within the School of Medicine focusing on precision medicine or cancer.","Medical Research Skills, Specialist Lab Project, Thesis","www.dundee.ac.uk"
"C_DUN096_RES_06","UK096","SOCIAL_SCIENCE","MSc Social Research","MRes","2026","September","1 Year","City Campus","2.1 Honors degree; IELTS 6.5","Interdisciplinary research training in social sciences, covering sociology, politics, and social work.","Qualitative & Quantitative Methods, Social Theory, Research Project","www.dundee.ac.uk"
"C_DUR097_RES_01","UK097","SOCIAL_SCIENCE","MRes Social Research Methods","MRes","2026","September","1 Year","Durham City","2.1 Honors degree in Social Sciences; IELTS 7.0 (min 6.5)","ESRC-accredited training providing a robust foundation for doctoral study in sociology, politics, or education.","Philosophy of Social Science, Quantitative Methods, Qualitative Methods, Dissertation","www.durham.ac.uk"
"C_DUR097_RES_02","UK097","ANTHROPOLOGY","MRes Anthropology","MRes","2026","September","1 Year","Durham City","2.1 Honors degree; IELTS 7.0 (min 6.5)","Advanced training in biological, evolutionary, or socio-cultural anthropology research.","Anthropological Theory, Research Design, Statistics, Thesis","www.durham.ac.uk"
"C_DUR097_RES_03","UK097","ARCHAEOLOGY","MRes Archaeology","MRes","2026","September","1 Year","Durham City","2.1 Honors degree; Research Proposal; IELTS 7.0","Provides advanced research training in archaeological methods and theory for doctoral preparation.","Archaeological Theory, Research Design, Specialist Supervision, Thesis","www.durham.ac.uk"
"C_DUR097_RES_04","UK097","HUMANITIES","MRes Visual Culture","MRes","2026","September","1 Year","Durham City","2.1 Honors degree in Humanities; IELTS 7.0","Interdisciplinary research-based study focusing on visuality, art history, and cultural theory.","Visual Culture Theory, Research Methodologies, Dissertation","www.durham.ac.uk"
"C_DUR097_RES_05","UK097","SCIENCE","MSc by Research Biosciences","MRes","2026","September","1 Year","Durham City","2.1 Honors degree in Biology/Life Sciences; IELTS 7.0","A major research-intensive program focusing on molecular biology, ecology, or plant sciences.","Advanced Research Techniques, Laboratory Rotations, Thesis","www.durham.ac.uk"
"C_DUR097_RES_06","UK097","SCIENCE","MSc by Research Physics","MRes","2026","September","1 Year","Durham City","2.1 Honors degree in Physics/Maths; IELTS 7.0","High-level research training in astronomy, particle physics, or advanced materials.","Technical Research Skills, Specialist Physics Modules, Research Thesis","www.durham.ac.uk"
"C_DUR097_RES_07","UK097","GEOGRAPHY","MRes Geography","MRes","2026","September","1 Year","Durham City","2.1 Honors degree; IELTS 7.0 (min 6.5)","Advanced research training in human or physical geography, accredited for ESRC PhD pathways.","Philosophy of Geography, Advanced Spatial Analysis, Dissertation","www.durham.ac.uk"
"C_UEA098_RES_01","UK098","SOCIAL_SCIENCE","MRes Social Science Research Methods","MRes","2026","September","1 Year","Norwich Campus","2.1 Honors degree; Research Proposal; IELTS 6.5 (min 6.0)","ESRC-accredited training providing a robust foundation for doctoral study in sociology, politics, or education.","Research Design, Qualitative Methods, Quantitative Analysis, Dissertation","www.uea.ac.uk"
"C_UEA098_RES_02","UK098","MEDICINE","MRes Clinical Science","MRes","2026","September","1 Year","Norwich Campus","2.1 Honors degree; IELTS 6.5 (min 6.0)","Designed for medical and health professionals to develop high-level clinical research skills.","Research Ethics and Governance, Research Methods, Transferable Skills, Dissertation","www.uea.ac.uk"
"C_UEA098_RES_03","UK098","BUSINESS","MRes in Business and Management","MRes","2026","September","1 Year","Norwich Campus","2.1 Honors degree; Research Proposal; IELTS 6.5 (min 6.0)","Advanced research training in sustainable business practices and management theory for doctoral preparation.","Research Philosophies, Methodologies, Independent Research Project, Thesis","www.uea.ac.uk"
"C_UEA098_RES_04","UK098","SCIENCE","MSc by Research Biological Sciences","MRes","2026","September","2 Years","Norwich Campus","2.1 Honors degree in relevant science; IELTS 6.5 (min 6.0)","Intensive research-focused masters with specialisms in biomedicine, molecular microbiology, or ecology.","Independent Research, Personal and Professional Development Training, Thesis","www.uea.ac.uk"
"C_UEA098_RES_05","UK098","HUMANITIES","MA by Research Philosophy","MRes","2026","September","2 Years","Norwich Campus","2.1 Honors degree; Research Proposal; IELTS 6.5 (min 6.0)","Advanced research training in philosophical theory and analysis for students targeting PhD research.","Independent Study, Specialist Supervision, Research Thesis","www.uea.ac.uk"
"C_UEA098_RES_06","UK098","SCIENCE","MSc by Research Environmental Sciences","MRes","2026","September","2 Years","Norwich Campus","2.1 Honors degree in relevant science; IELTS 6.5 (min 6.0)","Research-intensive study of environmental systems, climate change, and sustainability at a world-leading center.","Research Data Analysis, Fieldwork/Laboratory Project, Dissertation","www.uea.ac.uk"
"C_UEL099_RES_01","UK099","PSYCHOLOGY","MRes Psychology","MRes","2026","September","1 Year","Stratford Campus","2.1 Honors degree in Psychology; Research Proposal; IELTS 6.5 (min 6.0)","Focused research training in psychological science, providing advanced statistical and methodological skills for doctoral entry.","Advanced Research Methods, Statistical Analysis, Research Project, Dissertation","www.uel.ac.uk"
"C_UEL099_RES_02","UK099","SCIENCE","MRes Biosciences and Social Justice","MRes","2026","September","1 Year","Stratford Campus","2.1 Honors degree in Biology/Biosciences; Research Proposal; IELTS 6.5","Combines specialist biological research skills with training in research advocacy and social justice aims.","Research Skills, Advocacy in Science, Specialist Supervision, Thesis","www.uel.ac.uk"
"C_UEL099_RES_03","UK099","HEALTH","MRes Health Science","MRes","2026","September","1 Year","Stratford Campus","2.1 Honors degree in Health/Life Science; Research Proposal; IELTS 6.5","A research-intensive program focusing on clinical or public health investigations within a social justice framework.","Research Techniques, Management Principles, Independent Research Project, Thesis","www.uel.ac.uk"
"C_UEL099_RES_04","UK099","CREATIVE_ARTS","MRes Creative Arts and Social Justice","MRes","2026","September","1 Year","Docklands Campus","2.1 Honors degree in Arts/Media; Portfolio; Research Proposal; IELTS 6.5","Interdisciplinary research-based degree focusing on using creative practice for social advocacy and change.","Creative Methodologies, Research Advocacy, Major Research Project, Thesis","www.uel.ac.uk"
"C_UEL099_RES_05","UK099","SPORT","MRes Sport and Exercise Science","MRes","2026","September","1 Year","Stratford Campus","2.1 Honors degree in Sport Science; Research Proposal; IELTS 6.5","Advanced research training in sports performance, biomechanics, or physiology, tailored for future PhD study.","Sport Research Methods, Independent Research, Specialist Supervision, Dissertation","www.uel.ac.uk"
"C_UEL099_RES_06","UK099","SOCIAL_SCIENCE","MRes Social Research and Social Justice","MRes","2026","September","1 Year","Stratford Campus","2.1 Honors degree; Research Proposal; IELTS 6.5","Advanced social science research training focused on tackling societal inequalities and policy advocacy.","Philosophy of Social Science, Qualitative and Quantitative Methods, Research Project","www.uel.ac.uk"
"C_EDI100_RES_01","UK100","SOCIAL_SCIENCE","MSc by Research Social and Political Science","MRes","2026","September","1 Year","Central Campus","2.1 Honors degree; Research Proposal; IELTS 7.0 (min 6.0)","Foundational research training across sociology, politics, and social policy, accredited for ESRC PhD pathways.","Research Design, Social Theory, Qualitative Methods, Thesis","www.ed.ac.uk"
"C_EDI100_RES_02","UK100","ECONOMICS","MRes Economics","MRes","2026","September","1 Year","Central Campus","First Class Honors in Economics; IELTS 7.0 (min 6.5)","Advanced quantitative research training designed for students targeting PhD research in Economics.","Advanced Microeconomics, Advanced Macroeconomics, Econometrics, Thesis","www.ed.ac.uk"
"C_EDI100_RES_03","UK100","MEDICINE","MSc by Research Infectious Diseases","MRes","2026","September","1 Year","Little France Campus","2.1 Honors degree in biological science; IELTS 7.0","Research-intensive program focusing on host-pathogen interactions and global health challenges.","Laboratory Techniques, Research Project 1, Research Project 2, Thesis","www.ed.ac.uk"
"C_EDI100_RES_04","UK100","SCIENCE","MSc by Research Neuroscience","MRes","2026","September","1 Year","Central Campus","2.1 Honors degree in relevant science; IELTS 7.0","Interdisciplinary research training in molecular, cellular, and systems neuroscience.","Neuroscience Research Methods, Technical Skills, Research Project, Thesis","www.ed.ac.uk"
"C_EDI100_RES_05","UK100","HUMANITIES","MSc by Research History","MRes","2026","September","1 Year","Central Campus","2.1 Honors degree in History; Research Proposal; IELTS 7.0","Advanced research-based study focusing on archival skills and historical methodologies.","Historical Research: Methods and Skills, Specialist Supervision, Dissertation","www.ed.ac.uk"
"C_EDI100_RES_06","UK100","SCIENCE","MSc by Research Biomedical Sciences (Life Sciences)","MRes","2026","September","1 Year","Central Campus/Little France","2.1 Honors degree; IELTS 7.0 (min 6.0)","A major research project in biomedical sciences, providing technical training for future PhD study.","Research Skills, Data Analysis, Extended Laboratory Project, Thesis","www.ed.ac.uk"
"C_ESS101_RES_01","UK101","BUSINESS","MRes Business and Management","MRes","2026","September","1 Year","Colchester Campus","2.1 Honors degree; Research Proposal; IELTS 6.5 (min 6.0)","Doctoral-level research training in organizational behavior, strategy, and finance for the Essex Business School.","Quantitative Methods, Qualitative Analysis, Research Design, Thesis","www.essex.ac.uk"
"C_ESS101_RES_02","UK101","ECONOMICS","MRes Economics","MRes","2026","September","1 Year","Colchester Campus","2.1 Honors degree in Economics; IELTS 6.5 (min 6.0)","Rigorous research training in economic theory and econometrics, recognized for SeNSS ESRC PhD pathways.","Microeconomics, Macroeconomics, Econometric Methods, Research Project","www.essex.ac.uk"
"C_ESS101_RES_03","UK101","POLITICS","MRes Political Science","MRes","2026","September","1 Year","Colchester Campus","2.1 Honors degree in Politics; IELTS 6.5 (min 6.0)","Advanced training in political data analysis and research design from one of the UK's top-ranked politics departments.","Political Analysis, Quantitative Research Methods, Research Seminar, Thesis","www.essex.ac.uk"
"C_ESS101_RES_04","UK101","SOCIAL_SCIENCE","MRes Sociological Research","MRes","2026","September","1 Year","Colchester Campus","2.1 Honors degree in Sociology; IELTS 6.5 (min 6.0)","Specialist training in social research methodologies, focusing on contemporary sociological challenges.","Sociological Theory, Qualitative Research, Survey Research, Dissertation","www.essex.ac.uk"
"C_ESS101_RES_05","UK101","HUMANITIES","MA by Research Literature","MRes","2026","September","1 Year","Colchester Campus","2.1 Honors degree; Research Proposal; IELTS 7.0","A research-intensive master's focusing on independent study and archival research in English or Comparative Literature.","Research Methods in the Humanities, Specialist Supervision, Research Thesis","www.essex.ac.uk"
"C_ESS101_RES_06","UK101","SCIENCE","MSc by Research Biological Sciences","MRes","2026","September","1 Year","Colchester Campus","2.1 Honors degree in Biology/Life Sciences; IELTS 6.5","Intensive laboratory or field-based research project in areas like immunology, marine biology, or genomics.","Advanced Research Techniques, Data Handling, Laboratory Project, Thesis","www.essex.ac.uk"
"C_EXE102_RES_01","UK102","SOCIAL_SCIENCE","MRes Social Research","MRes","2026","September","1 Year","Streatham Campus","2.1 Honors degree in Social Sciences; Research Proposal; IELTS 7.0 (min 6.5)","Advanced methodological training across social science disciplines, providing a foundation for ESRC-funded PhD study.","Social Theory, Quantitative Methods, Research Design, Dissertation","www.exeter.ac.uk"
"C_EXE102_RES_02","UK102","ECONOMICS","MRes Economics","MRes","2026","September","1 Year","Streatham Campus","2.1 Honors degree in Economics; IELTS 7.0 (min 6.5)","A research-intensive program providing rigorous training in economic theory and econometrics for doctoral preparation.","Advanced Microeconomics, Advanced Macroeconomics, Econometrics, Research Project","www.exeter.ac.uk"
"C_EXE102_RES_03","UK102","POLITICS","MRes Advanced Government and Politics","MRes","2026","September","1 Year","Streatham Campus","2.1 Honors degree in Politics/IR; IELTS 7.0 (min 6.5)","Specialist research training in political science and governance, aligned with doctoral-level methodology requirements.","Political Analysis, Quantitative Research Methods, Research Seminar, Thesis","www.exeter.ac.uk"
"C_EXE102_RES_04","UK102","SOCIAL_SCIENCE","MRes Security, Conflict and Human Rights","MRes","2026","September","1 Year","Streatham Campus","2.1 Honors degree; Research Proposal; IELTS 7.0 (min 6.5)","Interdisciplinary research training focusing on global security challenges and human rights frameworks.","Conflict and Security Theory, Research Methodologies, Specialist Supervision, Dissertation","www.exeter.ac.uk"
"C_EXE102_RES_05","UK102","SCIENCE","MSc by Research Biological Sciences","MRes","2026","September","1 Year","Streatham/Penryn","2.1 Honors degree in Biology; IELTS 6.5 (min 6.0)","Intensive research-focused masters with specialisms in ecology, evolution, or molecular microbiology.","Independent Research, Technical Skills Training, Specialist Supervision, Thesis","www.exeter.ac.uk"
"C_EXE102_RES_06","UK102","HEALTH","MSc by Research Medical Studies","MRes","2026","September","1 Year","St Luke's Campus","2.1 Honors degree in relevant science; IELTS 7.0","Research-led study within the Medical School focusing on health innovation, neuroscience, or diabetes.","Medical Research Skills, Specialist Lab/Clinical Project, Thesis Submission","www.exeter.ac.uk"
"C_GLA103_RES_01","UK103","SOCIAL_SCIENCE","MRes Socio-Legal Studies","MRes","2026","September","1 Year","Gilmorehill Campus","2.1 Honors degree in Law or Social Science; IELTS 7.0 (min 6.5)","Interdisciplinary research training exploring the intersection of law and society, ideal for PhD preparation.","Legal Research Methods, Social Theory, Qualitative Analysis, Dissertation","www.gla.ac.uk"
"C_GLA103_RES_02","UK103","MEDICINE","MRes Biomedical Sciences","MRes","2026","September","1 Year","Gilmorehill Campus","2.1 Honors degree in Life Sciences; IELTS 6.5 (min 6.0)","Research-intensive program offering specialized lab rotations in areas like cancer, cardiovascular, or infection research.","Research Methods, Laboratory Rotations, Thesis","www.gla.ac.uk"
"C_GLA103_RES_03","UK103","SOCIAL_SCIENCE","MRes Human Rights & International Politics","MRes","2026","September","1 Year","Gilmorehill Campus","2.1 Honors degree; IELTS 7.0 (min 6.5)","Advanced research training focusing on the political and legal frameworks of international human rights.","Human Rights Theory, Quantitative Methods, Research Design, Dissertation","www.gla.ac.uk"
"C_GLA103_RES_04","UK103","SOCIAL_SCIENCE","MRes Urban Studies","MRes","2026","September","1 Year","Gilmorehill Campus","2.1 Honors degree; IELTS 7.0 (min 6.5)","Specialist research training in urban planning, housing, and social policy within an urban context.","Urban Theory, Social Science Statistics, Research Design, Thesis","www.gla.ac.uk"
"C_GLA103_RES_05","UK103","BUSINESS","MRes Business & Management","MRes","2026","September","1 Year","Gilmorehill Campus","2.1 Honors degree in Business/Economics; IELTS 7.0 (min 6.5)","Rigorous research training for students targeting high-level corporate research or doctoral studies.","Management Theory, Advanced Data Analysis, Research Philosophy, Dissertation","www.gla.ac.uk"
"C_GLA103_RES_06","UK103","SCIENCE","MRes Ecology & Environmental Biology","MRes","2026","September","1 Year","Gilmorehill Campus","2.1 Honors degree in Biology/Ecology; IELTS 6.5 (min 6.0)","Intensive research-focused masters with specialisms in biodiversity, conservation, and ecosystem management.","Field Research Techniques, Data Analysis, Specialist Supervision, Thesis","www.gla.ac.uk"
"C_GLO104_RES_01","UK104","CREATIVE_ARTS","Master by Research (MRes) Creative Arts","MRes","2026","September","1 Year","Hardwick/Park Campus","2.1 Honors degree; Portfolio; Research Proposal; IELTS 6.0","Specialist practice-based research in film, media, fine art, or photography leading to a final thesis or project.","Research Methods, Critical Theory, Supervised Research Project, Thesis","www.glos.ac.uk"
"C_GLO104_RES_02","UK104","SOCIAL_SCIENCE","Master by Research (MRes) Social Sciences","MRes","2026","September","1 Year","Francis Close Hall","2.1 Honors degree; Research Proposal; IELTS 6.0","Advanced research training in sociology, criminology, or social policy for doctoral preparation.","Qualitative and Quantitative Methods, Social Theory, Research Thesis","www.glos.ac.uk"
"C_GLO104_RES_03","UK104","SCIENCE","Master by Research (MRes) Biosciences","MRes","2026","September","1 Year","Francis Close Hall","2.1 Honors degree in Biology/Life Sciences; Research Proposal; IELTS 6.0","Laboratory or field-based research training in genetics, microbiology, or ecology.","Advanced Research Techniques, Data Analysis, Specialist Supervision, Thesis","www.glos.ac.uk"
"C_GLO104_RES_04","UK104","SPORT","Master by Research (MRes) Sport and Exercise","MRes","2026","September","1 Year","Oxstalls Campus","2.1 Honors degree in Sport Science; Research Proposal; IELTS 6.0","Focused research training in biomechanics, physiology, or sports psychology.","Advanced Research Design, Performance Analysis, Specialist Supervision, Thesis","www.glos.ac.uk"
"C_GLO104_RES_05","UK104","HUMANITIES","Master by Research (MRes) Humanities","MRes","2026","September","1 Year","Francis Close Hall","2.1 Honors degree; Research Proposal; IELTS 6.0","Research-intensive study in History, English Literature, or Religious Studies.","Humanities Research Methods, Archive Skills, Specialist Supervision, Thesis","www.glos.ac.uk"
"C_GRE106_RES_01","UK106","SCIENCE","MRes Science (Natural Resources)","MRes","2026","September","1 Year","Medway Campus","2.1 Honors degree; IELTS 6.5 (min 6.0)","Research training at the Natural Resources Institute focused on sustainable agriculture, pest management, and environmental science.","Research Methods, Technical Skills, Research Project, Dissertation","www.gre.ac.uk"
"C_GRE106_RES_02","UK106","PSYCHOLOGY","MSc by Research Psychology","MRes","2026","September","1 Year","Avery Hill Campus","2.1 Honors degree in Psychology; Research Proposal; IELTS 6.5","Advanced research training in cognitive, social, or health psychology for students targeting PhD entry.","Psychological Research Methods, Advanced Statistics, Specialist Supervision, Thesis","www.gre.ac.uk"
"C_GRE106_RES_03","UK106","HUMANITIES","MA by Research Humanities","MRes","2026","September","1 Year","Greenwich Campus","2.1 Honors degree; Research Proposal; IELTS 6.5","A research-intensive master's allowing for deep specialization in History, English Literature, or Creative Arts.","Research Methodologies in Humanities, Independent Research, Specialist Supervision, Thesis","www.gre.ac.uk"
"C_GRE106_RES_04","UK106","BUSINESS","MSc by Research Business","MRes","2026","September","1 Year","Greenwich Campus","2.1 Honors degree; Research Proposal; IELTS 6.5","Specialist training in business research methodologies, focusing on management, finance, or marketing.","Business Research Methods, Data Analysis, Specialist Supervision, Research Thesis","www.gre.ac.uk"
"C_GRE106_RES_05","UK106","SCIENCE","MSc by Research Science","MRes","2026","September","1 Year","Medway Campus","2.1 Honors degree in Science; Research Proposal; IELTS 6.5","Individual research projects in chemistry, pharmaceutical sciences, or sports science.","Scientific Research Methods, Laboratory Techniques, Specialist Supervision, Thesis","www.gre.ac.uk"
"C_HER107_RES_01","UK107","SCIENCE","MSc by Research Biological Science","MRes","2026","September","1 Year","College Lane Campus","2.1 Honors degree in Biology; Research Proposal; IELTS 6.5","Laboratory-based research focusing on molecular biology, microbiology, or pharmacology for doctoral preparation.","Advanced Research Methods, Laboratory Techniques, Thesis","www.herts.ac.uk"
"C_HER107_RES_02","UK107","HEALTH","MRes Clinical Research","MRes","2026","September","1 Year","College Lane Campus","2.1 Honors degree; Professional Registration; IELTS 7.0","Specialist research training for healthcare professionals to develop high-level clinical research skills.","Clinical Research Design, Evidence-based Practice, Research Project","www.herts.ac.uk"
"C_HER107_RES_03","UK107","PSYCHOLOGY","MSc by Research Psychology","MRes","2026","September","1 Year","College Lane Campus","2.1 Honors degree in Psychology; Research Proposal; IELTS 6.5","Advanced research training in cognitive or social psychology, providing a foundation for PhD study.","Psychological Research Methods, Advanced Statistics, Thesis","www.herts.ac.uk"
"C_HER107_RES_04","UK107","SPORT","MSc by Research Sport and Exercise Science","MRes","2026","September","1 Year","de Havilland Campus","2.1 Honors degree in Sport Science; Research Proposal; IELTS 6.5","Focused research training in biomechanics, physiology, or sports psychology.","Advanced Research Design, Performance Analysis, Research Thesis","www.herts.ac.uk"
"C_HER107_RES_05","UK107","BUSINESS","MSc by Research Business","MRes","2026","September","1 Year","de Havilland Campus","2.1 Honors degree; Research Proposal; IELTS 6.5","Specialist training in business research methodologies, focusing on management or finance.","Business Research Methods, Data Analysis, Specialist Supervision, Research Thesis","www.herts.ac.uk"
"C_HER107_RES_06","UK107","HUMANITIES","MA by Research Humanities","MRes","2026","September","1 Year","de Havilland Campus","2.1 Honors degree; Research Proposal; IELTS 6.5","A research-intensive master's specializing in History, English Literature, or Philosophy.","Research Methodologies in Humanities, Independent Research, Specialist Supervision, Thesis","www.herts.ac.uk"
"C_HUD108_RES_01","UK108","MUSIC","MRes Music","MRes","2026","September","1 Year","Queensgate Campus","2.1 Honors degree; Portfolio; IELTS 6.5","Advanced research-based study in composition, musicology, or music technology.","Music Research Methods, Literature Review, Dissertation","www.hud.ac.uk"
"C_HUD108_RES_02","UK108","EDUCATION","MRes Education","MRes","2026","September","1 Year","Queensgate Campus","2.1 Honors degree; Research Proposal; IELTS 6.5","A research-focused degree allowing for in-depth study of specific educational themes.","Research Methods in Education, Dissertation","www.hud.ac.uk"
"C_HUD108_RES_03","UK108","HEALTH","MRes Applied Health Sciences","MRes","2026","September","1 Year","Queensgate Campus","2.1 Honors degree in health-related field; IELTS 6.5","Research training for health professionals in podiatry, physiotherapy, or nursing.","Health Research Methods, Critical Review, Research Project","www.hud.ac.uk"
"C_HUD108_RES_04","UK108","ENGINEERING","MRes Chemical Engineering","MRes","2026","September","1 Year","Queensgate Campus","2.1 Honors degree in Engineering; IELTS 6.0","Specialized research in particle deposition, waste valorisation, or bio-materials.","Engineering Research Skills, Advanced Chemical Engineering, Dissertation","www.hud.ac.uk"
"C_HUD108_RES_05","UK108","BUSINESS","MRes Business and Management","MRes","2026","September","1 Year","Queensgate Campus","2.1 Honors degree; Research Proposal; IELTS 6.5","Research-based master's covering marketing, logistics, or human resource management.","Business Research Methods, Specialized Literature Review, Dissertation","www.hud.ac.uk"
"C_HUL109_RES_01","UK109","BIOLOGY","MRes Biological Science","MRes","2026","September","1 Year","Hull Campus","2.1 Honors degree in Science; IELTS 6.0","Laboratory or field-based research in ecology, biotechnology, or microbiology.","Research Methods in Science, Technical Skills, Dissertation","www.hull.ac.uk"
"C_HUL109_RES_02","UK109","PSYCHOLOGY","MRes Psychology","MRes","2026","September","1 Year","Hull Campus","2.1 Honors degree in Psychology; IELTS 6.5","Specialist research training in cognitive, social, or health psychology.","Advanced Quantitative Methods, Qualitative Research, Research Project","www.hull.ac.uk"
"C_HUL109_RES_03","UK109","HEALTH","MRes Health and Social Care Research","MRes","2026","September","1 Year","Hull Campus","2.1 Honors degree in Health/Social Science; IELTS 6.5","Interdisciplinary research training for healthcare professionals and researchers.","Research Governance, Applied Statistics, Thesis","www.hull.ac.uk"
"C_HUL109_RES_04","UK109","ENVIRONMENT","MRes Marine Biology","MRes","2026","September","1 Year","Hull Campus","2.1 Honors degree in Biology/Marine Science; IELTS 6.0","Specialized research focusing on marine ecosystems and environmental management.","Marine Field Skills, Data Analysis, Research Thesis","www.hull.ac.uk"
"C_HUL109_RES_05","UK109","GEOGRAPHY","MRes Geography and Environmental Science","MRes","2026","September","1 Year","Hull Campus","2.1 Honors degree in Geography or related; IELTS 6.5","Advanced research training in physical or human geography and environmental monitoring.","Geographical Research Skills, Literature Review, Dissertation","www.hull.ac.uk"
"C_KEN110_RES_01","UK110","SOCIAL_SCIENCE","MRes Social Research","MRes","2026","September","1 Year","Canterbury Campus","2.1 Honors degree; IELTS 6.5","ESRC-recognised foundation for doctoral study in social and community research.","Quantitative Methods, Qualitative Methods, Research Ethics, Dissertation","www.kent.ac.uk"
"C_KEN110_RES_02","UK110","ECONOMICS","MRes Economics","MRes","2026","September","1 Year","Canterbury Campus","First or 2.1 in Economics; IELTS 6.5","Advanced research training providing a rigorous foundation for a PhD in Economics.","Advanced Microeconomics, Advanced Macroeconomics, Econometrics, Research Project","www.kent.ac.uk"
"C_KEN110_RES_03","UK110","BUSINESS","MRes Management","MRes","2026","September","1 Year","Canterbury Campus","2.1 Honors degree in Business or related; IELTS 7.0","Specialised research training for students intending to pursue doctoral study in management.","Research Philosophy, Advanced Data Analysis, Literature Review, Dissertation","www.kent.ac.uk"
"C_KEN110_RES_04","UK110","ANTHROPOLOGY","MRes Anthropology","MRes","2026","September","1 Year","Canterbury Campus","2.1 Honors degree in Anthropology; IELTS 6.5","Comprehensive training in anthropological research methods and independent research.","Methodology in Social Anthropology, Statistics, Ethnographic Fieldwork, Dissertation","www.kent.ac.uk"
"C_KEN110_RES_05","UK110","HISTORY","MRes History","MRes","2026","September","1 Year","Canterbury Campus","2.1 Honors degree in History; IELTS 6.5","Intensive research preparation focusing on historical methodology and archival skills.","Historical Research Methods, Paleography, Advanced Historiography, Dissertation","www.kent.ac.uk"
"C_LNC111_RES_01","UK111","BIOLOGY","MRes Biological Sciences","MRes","2026","September","1 Year","Preston Campus","2.1 Honors degree; IELTS 6.5","Laboratory-based research training in molecular biology, biochemistry, or microbiology.","Research Methods, Advanced Laboratory Techniques, Dissertation","www.uclan.ac.uk"
"C_LNC111_RES_02","UK111","PSYCHOLOGY","MRes Psychology","MRes","2026","September","1 Year","Preston Campus","2.1 Honors degree in Psychology; IELTS 6.5","Focused research training in psychological science for professional or doctoral entry.","Advanced Research Design, Statistical Analysis, Research Project","www.uclan.ac.uk"
"C_LNC111_RES_03","UK111","HEALTH","MRes Health and Wellbeing","MRes","2026","September","1 Year","Preston Campus","2.1 Honors degree; IELTS 6.5","Designed for practitioners to lead clinical research within health and social care settings.","Evidence-Based Practice, Research Governance, Systematic Reviews, Thesis","www.uclan.ac.uk"
"C_LNC111_RES_04","UK111","SOCIAL_SCIENCE","MRes Social Policy","MRes","2026","September","1 Year","Preston Campus","2.1 Honors degree in Social Sciences; IELTS 6.5","Advanced research training in social policy analysis and evaluation.","Research Philosophy, Qualitative and Quantitative Methods, Dissertation","www.uclan.ac.uk"
"C_LNC111_RES_05","UK111","SPORTS_SCIENCE","MRes Sport and Exercise Science","MRes","2026","September","1 Year","Preston Campus","2.1 Honors degree in Sports Science; IELTS 6.5","Research-intensive study in biomechanics, physiology, or sports psychology.","Advanced Research Methods, Biomechanical Analysis, Research Project","www.uclan.ac.uk"
"C_LNC111_RES_06","UK111","ANTHROPOLOGY","MRes Forensic Anthropology","MRes","2026","September","1 Year","Preston Campus","2.1 Honors degree in Archaeology or Science; IELTS 6.5","Specialized research training in skeletal analysis and forensic identification.","Human Osteology, Forensic Taphonomy, Research Thesis","www.uclan.ac.uk"
"C_LEE112_RES_01","UK112","SOCIAL_SCIENCE","MRes Social Research","MRes","2026","September","1 Year","Main Campus","2.1 Honors degree; IELTS 6.5 (min 6.0)","ESRC-accredited research training providing a foundation for PhD study across social sciences.","Philosophy of Social Science, Quantitative Methods, Qualitative Methods, Dissertation","www.leeds.ac.uk"
"C_LEE112_RES_02","UK112","MEDICINE","MRes Medicine","MRes","2026","September","1 Year","Medical School","2.1 Honors degree in life sciences; IELTS 7.0","Research-intensive program focusing on clinical and translational medical sciences.","Research Methods in Medicine, Advanced Lab Skills, Literature Review, Research Project","www.leeds.ac.uk"
"C_LEE112_RES_03","UK112","BIOLOGY","MRes Plant Science and Biotechnology","MRes","2026","September","1 Year","Main Campus","2.1 Honors degree in Biology; IELTS 6.5","Advanced research training in plant genetics, sustainable agriculture, and crop science.","Plant Biotechnology, Research Techniques, Laboratory Rotations, Thesis","www.leeds.ac.uk"
"C_LEE112_RES_04","UK112","BIOLOGY","MRes Biodiversity and Conservation","MRes","2026","September","1 Year","Main Campus","2.1 Honors degree in Biology or related; IELTS 6.5","Specialist research training in ecological monitoring, conservation genetics, and habitat management.","Conservation Research Methods, Population Biology, Field Skills, Dissertation","www.leeds.ac.uk"
"C_LEE112_RES_05","UK112","SOCIAL_SCIENCE","MRes Climate Change and Environmental Policy","MRes","2026","September","1 Year","Main Campus","2.1 Honors degree in Social or Environmental Science; IELTS 6.5","Interdisciplinary research training focusing on the intersection of climate science and policy-making.","Environmental Policy Research, Climate Change Mitigation, Research Design, Thesis","www.leeds.ac.uk"
"C_LEE112_RES_06","UK112","MEDICINE","MRes Cardiovascular Medicine","MRes","2026","September","1 Year","Medical School","2.1 Honors degree in Biomedical Science or Medicine; IELTS 7.0","Intensive laboratory-based research into the mechanisms of cardiovascular disease and treatment.","Cardiovascular Research Skills, Cell Signalling, Advanced Lab Techniques, Dissertation","www.leeds.ac.uk"
"C_LEI113_RES_01","UK113","SOCIAL_SCIENCE","MRes Social Science Research","MRes","2026","September","1 Year","Main Campus","2.1 Honors degree; IELTS 6.5","Specialist research training in sociology, politics, and media studies for doctoral preparation.","Quantitative Analysis, Qualitative Methods, Social Theory, Dissertation","le.ac.uk"
"C_LEI113_RES_02","UK113","BIOLOGY","MRes Biological Sciences","MRes","2026","September","1 Year","Main Campus","2.1 Honors degree in Biology; IELTS 6.5","Advanced research-based study in molecular genetics, ecology, or microbiology.","Research Methods, Advanced Lab Techniques, Dissertation","le.ac.uk"
"C_LEI113_RES_03","UK113","MEDICINE","MRes Medicine","MRes","2026","September","1 Year","Main Campus","Medical Degree or 2.1 in Biomedical Science; IELTS 7.0","Research training for clinicians and graduates in cancer, cardiovascular, or respiratory sciences.","Clinical Research Design, Professional Skills, Research Project","le.ac.uk"
"C_LEI113_RES_04","UK113","PSYCHOLOGY","MRes Psychology","MRes","2026","September","1 Year","Main Campus","2.1 Honors degree in Psychology; IELTS 6.5","Advanced training in psychological research methods and statistical analysis.","Statistics for Psychology, Qualitative Methods, Research Project","le.ac.uk"
"C_LEI113_RES_05","UK113","ARCHAEOLOGY","MRes Archaeology and Ancient History","MRes","2026","September","1 Year","Main Campus","2.1 Honors degree in Archaeology/History; IELTS 6.5","Intensive research preparation in archaeological techniques and historical analysis.","Research Methods in Archaeology, Advanced Study, Dissertation","le.ac.uk"
"C_LIN114_RES_01","UK114","BUSINESS","MRes Business and Management","MRes","2026","September","1 Year","Brayford Pool Campus","2.1 Honors degree; IELTS 6.5","Advanced training for a research career in industry or for progression to PhD study.","Research Philosophies, Methodologies, Qualitative and Quantitative Analysis, Thesis","www.lincoln.ac.uk"
"C_LIN114_RES_02","UK114","SPORT","MRes Sport and Exercise Science","MRes","2026","September","1 Year","Brayford Pool Campus","2.1 Honors degree in Sport Science; IELTS 6.5","Specialist research training in biomechanics, sports psychology, or performance physiology.","Advanced Research Design, Technical Laboratory Skills, Research Project","www.lincoln.ac.uk"
"C_LIN114_RES_03","UK114","SOCIAL_SCIENCE","MRes Social Sciences","MRes","2026","September","1 Year","Brayford Pool Campus","2.1 Honors degree in a relevant subject; IELTS 7.0","A master's level research programme providing a strong foundation for doctoral study in social disciplines.","Research Methods, Ethics in Social Research, Dissertation","www.lincoln.ac.uk"
"C_LIN114_RES_04","UK114","HEALTH","MRes Health and Social Care","MRes","2026","September","1 Year","Brayford Pool Campus","2.1 Honors degree in a related subject; IELTS 7.0","Research-focused study for professionals or graduates in the health and social care sectors.","Critical Appraisal, Research Governance, Research Project","www.lincoln.ac.uk"
"C_LIN114_RES_05","UK114","PSYCHOLOGY","MRes Psychological Research Methods","MRes","2026","September","1 Year","Brayford Pool Campus","2.1 Honors degree in Psychology; IELTS 6.5","Specialist training in advanced research design and statistical analysis for psychological science.","Advanced Quantitative Methods, Qualitative Research, Research Project","www.lincoln.ac.uk"
"C_LIN114_RES_06","UK114","BIOLOGY","MRes Biological Sciences","MRes","2026","September","1 Year","Brayford Pool Campus","2.1 Honors degree in Biology or related; IELTS 6.0","Intensive laboratory or field-based research training in biological and life sciences.","Experimental Design, Advanced Laboratory Skills, Thesis","www.lincoln.ac.uk"
"C_LIN114_RES_07","UK114","HISTORY","MRes History","MRes","2026","September","1 Year","Brayford Pool Campus","2.1 Honors degree in History or related; IELTS 7.0","Research-intensive program focusing on historical methodology and archival research.","Historical Research Methods, Paleography, Dissertation","www.lincoln.ac.uk"
"C_LIV115_RES_01","UK115","SOCIAL_SCIENCE","MRes Social Research","MRes","2026","September","1 Year","Main Campus","2.1 Honors degree; IELTS 6.5","ESRC-recognised training program providing a foundation for research in sociology and social policy.","Research Design, Social Theory, Qualitative Methods, Dissertation","www.liverpool.ac.uk"
"C_LIV115_RES_02","UK115","BIOLOGY","MRes Biomedical Sciences and Translational Medicine","MRes","2026","September","1 Year","Main Campus","2.1 Honors degree in Life Sciences; IELTS 6.5","Laboratory-based research training focused on genetics, cellular biology, or clinical medicine.","Technical Research Skills, Lab Rotations, Research Project","www.liverpool.ac.uk"
"C_LIV115_RES_03","UK115","MEDICINE","MRes Clinical Sciences","MRes","2026","September","1 Year","Main Campus","Medical Degree or 2.1 in Health Science; IELTS 7.0","Specialist research training for clinicians and graduates in surgery, oncology, or women's health.","Clinical Research Methods, Ethics, Research Project","www.liverpool.ac.uk"
"C_LIV115_RES_04","UK115","ART_DESIGN","MRes Architecture","MRes","2026","September","1 Year","Main Campus","2.1 Honors degree in Architecture or related; IELTS 6.5","Advanced research-based study in architectural history, theory, or digital design.","Architectural Research Methods, Literature Review, Dissertation","www.liverpool.ac.uk"
"C_LIV115_RES_05","UK115","MANAGEMENT","MRes Management","MRes","2026","September","1 Year","Main Campus","2.1 Honors degree in Business/Economics; IELTS 6.5","Intensive research training in accounting, finance, or marketing for doctoral preparation.","Management Research Methods, Econometrics, Dissertation","www.liverpool.ac.uk"
"C_LIV115_RES_06","UK115","PSYCHOLOGY","MRes Psychology","MRes","2026","September","1 Year","Main Campus","2.1 Honors degree in Psychology; IELTS 6.5","Focuses on advanced research skills in experimental psychology and cognitive neuroscience.","Advanced Statistics, Qualitative Research, Research Project","www.liverpool.ac.uk"
"C_MAN117_RES_01","UK117","MANAGEMENT","MRes Management","MRes","2026","September","1 Year","Oxford Road","First Class Honors; GMAT/GRE; IELTS 7.0","Foundational year for the PhD in Management, focusing on organizational analysis and quantitative research.","Quantitative Methods, Social Research Principles, Dissertation","www.manchester.ac.uk"
"C_MAN117_RES_02","UK117","SOCIAL_SCIENCE","MRes Social Research","MRes","2026","September","1 Year","Oxford Road","2.1 Honors degree; IELTS 7.0","Advanced interdisciplinary research training accredited by the ESRC for doctoral entry.","Philosophy of Social Science, Qualitative Methods, Quantitative Analysis, Dissertation","www.manchester.ac.uk"
"C_MAN117_RES_03","UK117","HEALTH","MRes Health and Social Care","MRes","2026","September","1 Year","Online/Oxford Road","2.1 Honors degree; IELTS 6.5","Research-focused study for professionals or graduates in the health and social care sectors.","Critical Appraisal, Research Governance, Research Project","www.manchester.ac.uk"
"C_MAN117_RES_04","UK117","SOCIAL_SCIENCE","MRes Criminology","MRes","2026","September","1 Year","Oxford Road","2.1 Honors degree; IELTS 7.0","Advanced training in criminological research methods and social statistics for doctoral preparation.","Quantitative Analysis, Qualitative Research, Criminological Theory, Dissertation","www.manchester.ac.uk"
"C_MAN117_RES_05","UK117","BIOLOGY","MRes Biological Sciences","MRes","2026","September","1 Year","Oxford Road","2.1 Honors degree in Life Sciences; IELTS 6.5","Advanced research-based study in molecular genetics, ecology, or microbiology.","Research Methods, Advanced Lab Techniques, Dissertation","www.manchester.ac.uk"
"C_NOR118_RES_01","UK118","BUSINESS","MRes Business and Management","MRes","2026","September","1 Year","City Campus","2.1 Honors degree; IELTS 6.5","Advanced research skills training within a triple-accredited business school.","Research Philosophies, Qualitative and Quantitative Analysis, Thesis","www.northumbria.ac.uk"
"C_NOR118_RES_02","UK118","SOCIAL_SCIENCE","MRes Social Science","MRes","2026","September","1 Year","City Campus","2.1 Honors degree; IELTS 6.5","Interdisciplinary research training focusing on contemporary social challenges.","Social Theory, Qualitative Methods, Research Ethics, Dissertation","www.northumbria.ac.uk"
"C_NOR118_RES_03","UK118","ART_DESIGN","MRes Design","MRes","2026","September","1 Year","City Campus","2.1 Honors degree in Design or related; IELTS 6.5","Practice-led research training focusing on innovation, interaction, and design thinking.","Design Research Methods, Design Theory, Research Project","www.northumbria.ac.uk"
"C_NOR118_RES_04","UK118","PSYCHOLOGY","MRes Psychology","MRes","2026","September","1 Year","City Campus","2.1 Honors degree in Psychology; IELTS 6.5","Comprehensive training in psychological research methods and statistical analysis.","Advanced Quantitative Methods, Qualitative Research, Dissertation","www.northumbria.ac.uk"
"C_NOR118_RES_05","UK118","HEALTH","MRes Health and Social Care","MRes","2026","September","1 Year","Coach Lane Campus","2.1 Honors degree in a health-related field; IELTS 6.5","Research-focused study for professionals or graduates in the health and social care sectors.","Critical Appraisal, Research Governance, Research Project","www.northumbria.ac.uk"
"C_NOR118_RES_06","UK118","HISTORY","MRes History","MRes","2026","September","1 Year","City Campus","2.1 Honors degree in History; IELTS 6.5","Advanced research preparation focusing on historical methodology and archival skills.","Historical Research Methods, Paleography, Dissertation","www.northumbria.ac.uk"
"C_NOT119_RES_01","UK119","AGRICULTURE","MRes Agricultural Sciences","MRes","2026","September","1 Year","Sutton Bonington","2.1 Honors degree; IELTS 6.5","Research-led study in crop science, animal nutrition, or global food security.","Research Project Management, Field Methods, Advanced Lab Skills, Dissertation","www.nottingham.ac.uk"
"C_NOT119_RES_02","UK119","SOCIAL_SCIENCE","MRes Social Science Research Methods","MRes","2026","September","1 Year","University Park","2.1 Honors degree; IELTS 6.5","Specialist training in social research, ideal for ESRC-funded PhD pathways.","Philosophy of Social Science, Qualitative Methods, Quantitative Analysis, Thesis","www.nottingham.ac.uk"
"C_NOT119_RES_03","UK119","MEDICINE","MRes Medicine","MRes","2026","September","1 Year","Medical School","Medical degree or 2.1 in Biomedical Science; IELTS 7.0","Research-intensive training for clinicians and graduates in clinical and translational medicine.","Clinical Research Design, Professional Skills, Research Project","www.nottingham.ac.uk"
"C_NOT119_RES_04","UK119","ECONOMICS","MRes Economics","MRes","2026","September","1 Year","University Park","First or 2.1 in Economics; IELTS 6.5","Rigorous research training in economic theory and econometrics for doctoral preparation.","Advanced Microeconomic Theory, Advanced Macroeconomic Theory, Econometrics, Research Project","www.nottingham.ac.uk"
"C_NOT119_RES_05","UK119","BIOLOGY","MRes Molecular Biophysics","MRes","2026","September","1 Year","University Park","2.1 Honors degree in Science; IELTS 6.0","Interdisciplinary research training at the interface of biology, chemistry, and physics.","Biophysical Methods, Laboratory Rotations, Research Project","www.nottingham.ac.uk"
"C_NOT119_RES_06","UK119","SPORTS_SCIENCE","MRes Sports Medicine","MRes","2026","September","1 Year","Queen's Medical Centre","2.1 Honors degree or Medical degree; IELTS 7.0","Research-focused study in sports injury, rehabilitation, and exercise physiology.","Sports Research Methods, Advanced Clinical Skills, Dissertation","www.nottingham.ac.uk"
"C_OXF120_RES_01","UK120","BIOLOGY","MRes Biomedical Sciences","MRes","2026","October","1 Year","Medical Sciences Division","1st Class Honors; IELTS 7.5; Interview","Intensive research training in oncology, neurosciences, or immunology.","Laboratory Rotations, Critical Appraisal, Advanced Techniques, Thesis","www.ox.ac.uk"
"C_OXF120_RES_02","UK120","SOCIAL_SCIENCE","MRes Social Data Science","MRes","2026","October","1 Year","Oxford Internet Institute","1st Class Honors; IELTS 7.5","Research-focused training in the application of data science to social challenges.","Statistical Programming, Machine Learning, Research Design, Dissertation","www.ox.ac.uk"
"C_OXF120_RES_03","UK120","ART_DESIGN","MRes History of Art and Visual Culture","MRes","2026","October","1 Year","Department of History of Art","1st Class Honors; Writing Sample; IELTS 7.5","Research-intensive program focusing on the historical and theoretical study of visual objects.","Visual Analysis, Research Methods, Dissertation","www.ox.ac.uk"
"C_OXF120_RES_04","UK120","ANTHROPOLOGY","MRes Anthropology","MRes","2026","October","1 Year","School of Anthropology","1st Class Honors; IELTS 7.5","Provides high-level training in anthropological research methods and social theory for PhD entry.","Ethnographic Methods, Statistical Methods, Research Design, Dissertation","www.ox.ac.uk"
"C_OXF120_RES_05","UK120","MUSIC","MRes Music","MRes","2026","October","1 Year","Faculty of Music","1st Class Honors; Portfolio; IELTS 7.5","Advanced research training in musicology, performance, or composition.","Music Research Methods, Literature Review, Research Project","www.ox.ac.uk"
"C_OXF120_RES_06","UK120","SCIENCE","MRes Sustainable Approaches to Biomedical Science","MRes","2026","October","1 Year","Life Sciences Doctoral Training Centre","1st Class Honors in Science; IELTS 7.5","Interdisciplinary research training focusing on sustainable medical innovation and informatics.","Computational Biology, Lab Rotations, Professional Skills, Thesis","www.ox.ac.uk"
"C_PLY121_RES_01","UK121","MARINE_SCIENCE","MRes Marine Biology","MRes","2026","September","1 Year","Main Campus","2.1 Honors degree in Biology; IELTS 6.5","Advanced research training in marine ecology and conservation biology.","Research Skills, Marine Laboratory Techniques, Dissertation","www.plymouth.ac.uk"
"C_PLY121_RES_02","UK121","ENVIRONMENT","MRes Sustainable Environmental Management","MRes","2026","September","1 Year","Main Campus","2.1 Honors degree; IELTS 6.5","Research-focused study on environmental sustainability, policy, and management.","Research Methods, Environmental Sustainability, Dissertation","www.plymouth.ac.uk"
"C_PLY121_RES_03","UK121","BIOLOGY","MRes Biological Sciences","MRes","2026","September","1 Year","Main Campus","2.1 Honors degree in Life Sciences; IELTS 6.5","Specialized research training in molecular biology, ecology, or microbiology.","Research Design, Advanced Lab Techniques, Research Project","www.plymouth.ac.uk"
"C_PLY121_RES_04","UK121","MEDICINE","MRes Biomedical Sciences","MRes","2026","September","1 Year","Main Campus","2.1 Honors degree; IELTS 6.5","Laboratory-based research focusing on human health, disease mechanisms, and therapy.","Biomedical Research Skills, Lab Rotations, Dissertation","www.plymouth.ac.uk"
"C_PLY121_RES_05","UK121","PSYCHOLOGY","MRes Psychology","MRes","2026","September","1 Year","Main Campus","2.1 Honors degree in Psychology; IELTS 6.5","Advanced training in psychological research methods and data analysis.","Advanced Statistics, Qualitative Research, Research Thesis","www.plymouth.ac.uk"
"C_PLY121_RES_06","UK121","ENGINEERING","MRes Mechanical Engineering","MRes","2026","September","1 Year","Main Campus","2.1 Honors degree in Engineering; IELTS 6.5","In-depth research study in advanced materials, fluid dynamics, or structural mechanics.","Engineering Research Methods, Technical Specialism, Thesis","www.plymouth.ac.uk"
"C_PLY121_RES_07","UK121","MARITIME","MRes Maritime Cyber Security","MRes","2026","September","1 Year","Main Campus","2.1 Honors degree; IELTS 6.5","Unique research-led program focusing on cybersecurity challenges within the maritime sector.","Maritime Cyber Threats, Risk Management, Research Project","www.plymouth.ac.uk"
"C_POR122_RES_01","UK122","SCIENCE","MRes Science and Health","MRes","2026","September","1 Year","Main Campus","2.1 Honors degree; IELTS 6.5","Specialist research training in biological sciences, geography, or psychology.","Research Methods, Advanced Data Analysis, Thesis","www.port.ac.uk"
"C_POR122_RES_02","UK122","SOCIAL_SCIENCE","MRes Humanities and Social Sciences","MRes","2026","September","1 Year","Main Campus","2.1 Honors degree; IELTS 6.5","Advanced research-based study in history, sociology, politics, or international relations.","Research Methods in Humanities and Social Sciences, Literature Review, Dissertation","www.port.ac.uk"
"C_POR122_RES_03","UK122","ART_DESIGN","MRes Creative Industries","MRes","2026","September","1 Year","Main Campus","2.1 Honors degree; Portfolio; IELTS 6.5","Practice-led research training in art, design, media, and performing arts.","Research Methods for Creative Industries, Advanced Practice, Research Project","www.port.ac.uk"
"C_POR122_RES_04","UK122","BUSINESS","MRes Business and Management","MRes","2026","September","1 Year","Main Campus","2.1 Honors degree; IELTS 6.5","Intensive research training in accounting, economics, or marketing for doctoral preparation.","Business Research Methods, Specialized Literature Review, Dissertation","www.port.ac.uk"
"C_POR122_RES_05","UK122","TECHNOLOGY","MRes Technology","MRes","2026","September","1 Year","Main Campus","2.1 Honors degree; IELTS 6.0","Specialized research in computing, engineering, or surveying and property management.","Technology Research Methods, Technical Skills, Research Thesis","www.port.ac.uk"
"C_REA123_RES_01","UK123","AGRICULTURE","MRes Agricultural and Food Economics","MRes","2026","September","1 Year","Whiteknights Campus","2.1 Honors degree; IELTS 6.5","Research training focusing on global food security and agricultural policy.","Economic Research Methods, Econometrics, Dissertation","www.reading.ac.uk"
"C_REA123_RES_02","UK123","SOCIAL_SCIENCE","MRes Social Science Research Methods","MRes","2026","September","1 Year","Whiteknights Campus","2.1 Honors degree; IELTS 6.5","Interdisciplinary research training providing a foundation for doctoral study in social sciences.","Research Design, Quantitative Methods, Qualitative Methods, Dissertation","www.reading.ac.uk"
"C_REA123_RES_03","UK123","BIOLOGY","MRes Biomedical Research","MRes","2026","September","1 Year","Whiteknights Campus","2.1 Honors degree in Life Sciences; IELTS 6.5","Specialist research training in cardiovascular, metabolic, or neuroscience research.","Research Skills, Laboratory Rotations, Research Project","www.reading.ac.uk"
"C_REA123_RES_04","UK123","ENVIRONMENT","MRes Wildlife Conservation","MRes","2026","September","1 Year","Whiteknights Campus","2.1 Honors degree in Biology/Zoology; IELTS 6.5","Research-led study focusing on ecological monitoring and conservation management.","Conservation Research Methods, Field Skills, Dissertation","www.reading.ac.uk"
"C_REA123_RES_05","UK123","PSYCHOLOGY","MRes Psychology","MRes","2026","September","1 Year","Whiteknights Campus","2.1 Honors degree in Psychology; IELTS 6.5","Advanced research training in experimental psychology and cognitive neuroscience.","Advanced Statistics, Qualitative Research, Research Project","www.reading.ac.uk"
"C_USW124_RES_01","UK124","SCIENCE","MRes Applied Sciences","MRes","2026","September","1 Year","Treforest Campus","2.1 Honors degree; IELTS 6.0","Specialist research training in biological sciences, geography, or health sciences.","Research Methods, Advanced Data Analysis, Thesis","www.southwales.ac.uk"
"C_USW124_RES_02","UK124","BUSINESS","MRes Business Management","MRes","2026","September","1 Year","Treforest Campus","2.1 Honors degree; IELTS 6.5","Advanced research-based study in marketing, logistics, or human resource management.","Business Research Methods, Literature Review, Dissertation","www.southwales.ac.uk"
"C_USW124_RES_03","UK124","EDUCATION","MRes Education","MRes","2026","September","1 Year","Treforest Campus","2.1 Honors degree; IELTS 6.5","A research-focused degree for in-depth study of specific educational themes.","Research Methods in Education, Dissertation","www.southwales.ac.uk"
"C_USW124_RES_04","UK124","PSYCHOLOGY","MRes Psychology","MRes","2026","September","1 Year","Treforest Campus","2.1 Honors degree in Psychology; IELTS 6.5","Focused research training in psychological science for professional or doctoral entry.","Advanced Research Design, Statistical Analysis, Research Project","www.southwales.ac.uk"
"C_USW124_RES_05","UK124","TECHNOLOGY","MRes Computer Science","MRes","2026","September","1 Year","Treforest Campus","2.1 Honors degree; IELTS 6.0","Specialized research in computing, cyber security, or data science.","Technology Research Methods, Technical Skills, Research Thesis","www.southwales.ac.uk"
"C_SOU125_RES_01","UK125","OCEANOGRAPHY","MRes Ocean Science","MRes","2026","September","1 Year","National Oceanography Centre","2.1 Honors degree in Science; IELTS 6.5","Elite research training in physical oceanography, marine biology, or marine geoscience.","Oceanographic Methods, Field Techniques, Dissertation","www.southampton.ac.uk"
"C_SOU125_RES_02","UK125","SOCIAL_SCIENCE","MRes Social Research Methods","MRes","2026","September","1 Year","Highfield Campus","2.1 Honors degree; IELTS 6.5","ESRC-accredited training providing a rigorous foundation for PhD study in social sciences.","Philosophy of Social Science, Qualitative Methods, Quantitative Analysis, Dissertation","www.southampton.ac.uk"
"C_SOU125_RES_03","UK125","ENGINEERING","MRes Advanced Composites","MRes","2026","September","1 Year","Highfield Campus","2.1 Honors degree in Engineering/Science; IELTS 6.5","Research-intensive study of high-performance composite materials and manufacturing.","Composites Science, Research Skills, Advanced Lab Techniques, Thesis","www.southampton.ac.uk"
"C_SOU125_RES_04","UK125","BIOLOGY","MRes Wildlife Conservation","MRes","2026","September","1 Year","Highfield Campus","2.1 Honors degree in Biology; IELTS 6.5","Specialist research training in biodiversity assessment, habitat management, and ecology.","Conservation Research Methods, Field Skills, GIS, Dissertation","www.southampton.ac.uk"
"C_SOU125_RES_05","UK125","HUMANITIES","MRes Humanities","MRes","2026","September","1 Year","Avenue Campus","2.1 Honors degree in relevant subject; IELTS 7.0","Advanced research preparation in history, film, English, or philosophy for PhD entry.","Research Skills in Humanities, Subject Specialism, Dissertation","www.southampton.ac.uk"
"C_SOU125_RES_06","UK125","MEDICINE","MRes Medicine","MRes","2026","September","1 Year","University Hospital Southampton","Medical degree or 2.1 in Health Science; IELTS 7.0","Research-focused training for clinicians and graduates in cancer or respiratory science.","Clinical Research Design, Professional Skills, Research Project","www.southampton.ac.uk"
"C_STA126_RES_01","UK126","BIOLOGY","MRes Marine Mammal Science","MRes","2026","September","1 Year","St Andrews Campus","2.1 Honors degree in Biology/Environmental Science; IELTS 7.0","World-leading research training in the biology, conservation, and acoustics of marine mammals.","Quantitative Methods, Biology of Marine Mammals, Research Project","www.st-andrews.ac.uk"
"C_STA126_RES_02","UK126","SOCIAL_SCIENCE","MRes Social Anthropology","MRes","2026","September","1 Year","St Andrews Campus","2.1 Honors degree; IELTS 7.0","Specialist research training in ethnographic methods and anthropological theory for PhD preparation.","Anthropological Theory, Ethnographic Methods, Research Design, Dissertation","www.st-andrews.ac.uk"
"C_STA126_RES_03","UK126","MEDICINE","MRes Medicine","MRes","2026","September","1 Year","North Haugh Campus","2.1 Honors degree in Life Sciences; IELTS 7.0","A research-intensive foundation in molecular medicine, neuroscience, or infection and immunity.","Technical Research Skills, Laboratory Rotations, Thesis","www.st-andrews.ac.uk"
"C_STA126_RES_04","UK126","SOCIAL_SCIENCE","MRes Human Geography","MRes","2026","September","1 Year","St Andrews Campus","2.1 Honors degree; IELTS 7.0","Advanced research training in human geography, focusing on social, cultural, and political geography.","Geographical Theory, Research Methods in Geography, Dissertation","www.st-andrews.ac.uk"
"C_STA126_RES_05","UK126","HEALTH","MRes Health Data Science","MRes","2026","September","1 Year","St Andrews Campus","2.1 Honors degree in relevant subject; IELTS 7.0","Interdisciplinary research training focusing on the use of data science to improve health outcomes.","Health Data Structures, Statistical Methods, Research Project","www.st-andrews.ac.uk"
"C_STA126_RES_06","UK126","SCIENCE","MRes Physics","MRes","2026","September","1 Year","St Andrews Campus","2.1 Honors degree in Physics; IELTS 6.5","Advanced research-based study in photonics, condensed matter physics, or astronomy.","Research Methods in Physics, Advanced Physics, Research Project","www.st-andrews.ac.uk"
"C_STA126_RES_07","UK126","ECONOMICS","MRes Economics","MRes","2026","September","1 Year","St Andrews Campus","2.1 Honors degree in Economics; IELTS 7.0","Rigorous research training in economic theory and econometrics for doctoral preparation.","Advanced Microeconomics, Advanced Macroeconomics, Econometrics, Research Project","www.st-andrews.ac.uk"
"C_MAR127_RES_01","UK127","SPORT","MRes Sport, PE & Coaching","MRes","2026","September","1 Year","Derriford Road","2.1 Honors degree; IELTS 6.0; DBS check","Advanced research training in sports pedagogy and performance coaching.","Research Methods, Data Analysis, Dissertation","www.marjon.ac.uk"
"C_MAR127_RES_02","UK127","HEALTH","MRes Health & Wellbeing","MRes","2026","September","1 Year","Derriford Road","2.1 Honors degree; IELTS 6.0; DBS check","Specialist research preparation for healthcare practitioners and policy influencers.","Evidence-Based Practice, Research Design, Thesis","www.marjon.ac.uk"
"C_MAR127_RES_03","UK127","EDUCATION","MRes Education","MRes","2026","September","1 Year","Derriford Road","2.1 Honors degree; IELTS 6.0","Research-focused Master's providing a foundation for doctoral study in educational policy and practice.","Educational Research Methods, Critical Literature Review, Dissertation","www.marjon.ac.uk"
"C_MAR127_RES_04","UK127","SOCIAL_SCIENCE","MRes Criminology","MRes","2026","September","1 Year","Derriford Road","2.1 Honors degree; IELTS 6.5","Advanced research training in the causes of crime, social justice, and forensic investigation.","Criminological Research Methods, Applied Statistics, Research Project","www.marjon.ac.uk"
"C_STA128_RES_01","UK128","SCIENCE","MRes Science","MRes","2026","September","1 Year","Stoke-on-Trent","2.1 Honors degree; IELTS 6.5","A flexible research degree allowing for specialization in forensics, psychology, or biological sciences.","Research Methods, Advanced Data Analysis, Thesis","www.staffs.ac.uk"
"C_STA128_RES_02","UK128","SPORT","MRes Sport and Exercise","MRes","2026","September","1 Year","Stoke-on-Trent","2.1 Honors degree in Sport Science; IELTS 6.5","Advanced research training in biomechanics, physiology, or sports psychology.","Advanced Research Methods, Biomechanical Analysis, Research Project","www.staffs.ac.uk"
"C_STA128_RES_03","UK128","SOCIAL_SCIENCE","MRes Social Research","MRes","2026","September","1 Year","Stoke-on-Trent","2.1 Honors degree; IELTS 6.5","Research-focused study for professionals or graduates looking to pursue doctoral entry in social sciences.","Qualitative Methods, Quantitative Analysis, Research Ethics, Dissertation","www.staffs.ac.uk"
"C_STA128_RES_04","UK128","COMPUTING","MRes Computing Science","MRes","2026","September","1 Year","Stoke-on-Trent","2.1 Honors degree; IELTS 6.0","Specialized research in artificial intelligence, cyber security, or data science.","Technology Research Methods, Technical Skills, Research Thesis","www.staffs.ac.uk"
"C_STA128_RES_05","UK128","HEALTH","MRes Health and Wellbeing","MRes","2026","September","1 Year","Stoke-on-Trent","2.1 Honors degree in a health-related field; IELTS 6.5","Research preparation for healthcare practitioners focusing on evidence-based practice and clinical innovation.","Evidence-Based Practice, Research Governance, Research Project","www.staffs.ac.uk"
"C_STI129_RES_01","UK129","HEALTH","MRes Health Research","MRes","2026","September","1 Year","Stirling Campus","2.1 Honors degree; IELTS 6.5","Interdisciplinary research training focusing on aging and population health.","Qualitative Research and Analysis, Quantitative Research and Analysis, Research Ethics and Governance","www.stir.ac.uk"
"C_STI129_RES_02","UK129","EDUCATION","MRes Educational Research","MRes","2026","September","1 Year","Stirling Campus","2.1 Honors degree; IELTS 6.5","Specialist training in educational research methods, ideal for ESRC-funded PhD pathways.","The Nature of Educational Enquiry, Research Design and Skills, Dissertation","www.stir.ac.uk"
"C_STI129_RES_03","UK129","MEDIA","MRes Media Research","MRes","2026","September","1 Year","Stirling Campus","2.1 Honors degree; IELTS 6.5","Advanced research training in media, communications, and journalism for doctoral preparation.","Research Methods in Media and Culture, Advanced Research Design, Dissertation","www.stir.ac.uk"
"C_STI129_RES_04","UK129","HUMANITIES","MRes Humanities","MRes","2026","September","1 Year","Stirling Campus","2.1 Honors degree; IELTS 6.5","Bespoke, research-driven programme allowing for independent projects across humanities disciplines.","Research Skills in the Humanities, Literature Review, Dissertation","www.stir.ac.uk"
"C_STI129_RES_05","UK129","HISTORY","MRes Historical Research","MRes","2026","September","1 Year","Stirling Campus","2.1 Honors degree; IELTS 6.5","Intensive research preparation focusing on historical methodology, archival skills, and paleography.","Historical Research Methodology, Sources and Methods, Dissertation","www.stir.ac.uk"
"C_STI129_RES_06","UK129","MEDIA","MRes Publishing Studies","MRes","2026","September","1 Year","Stirling Campus","2.1 Honors degree; IELTS 6.5","Specialized research training in the evolving global publishing industry and digital development.","Publishing Dynamics, Research Methods, Dissertation","www.stir.ac.uk"
"C_STR130_RES_01","UK130","SCIENCE","MRes Physics","MRes","2026","September","1 Year","Glasgow Campus","2.1 Honors degree in Physics; IELTS 6.0 (min 5.5)","Research-intensive foundation in photonics, nanoscience, and quantum optics.","Research Skills, Advanced Physics Techniques, Dissertation","www.strath.ac.uk"
"C_STR130_RES_02","UK130","SCIENCE","MRes Mathematical Sciences","MRes","2026","September","1 Year","Glasgow Campus","2.1 Honors degree in Mathematics; IELTS 6.5 (min 5.5)","Advanced research training in applied mathematics, statistics, and industrial maths.","Mathematical Research Methods, Advanced Topics, Dissertation","www.strath.ac.uk"
"C_STR130_RES_03","UK130","BUSINESS","MRes Research Methodology for Business and Management","MRes","2026","September","1 Year","Glasgow Campus","2.1 Honors degree; IELTS 6.5 (min 5.5)","ESRC-recognised training providing a foundation for PhD study in business and management disciplines.","Philosophy of Social Science, Quantitative Methods, Qualitative Methods, Thesis","www.strath.ac.uk"
"C_STR130_RES_04","UK130","HUMANITIES","MRes Creative Writing","MRes","2026","September","1 Year","Glasgow Campus","2.1 Honors degree; Writing Sample; IELTS 6.5 (min 5.5)","Practice-based research training for writers to develop a substantial creative project.","Creative Practice, Research Methods in Humanities, Dissertation","www.strath.ac.uk"
"C_STR130_RES_05","UK130","ENGINEERING","MRes Architecture","MRes","2026","September","1 Year","Glasgow Campus","2.1 Honors degree in Architecture; IELTS 6.5 (min 5.5)","Research-led study in architectural history, theory, or sustainable urban design.","Architectural Research Methods, Specialized Study, Thesis","www.strath.ac.uk"
"C_STR130_RES_06","UK130","HUMANITIES","MRes English","MRes","2026","September","1 Year","Glasgow Campus","2.1 Honors degree in English; IELTS 6.5 (min 5.5)","Intensive research preparation in literature, culture, and place for doctoral entry.","Research Skills in English, Literature Review, Dissertation","www.strath.ac.uk"
"C_STR130_RES_07","UK130","HEALTH","MRes Physical Activity for Health","MRes","2026","September","1 Year","Glasgow Campus","2.1 Honors degree in Sport/Health Science; IELTS 6.5 (min 5.5)","Research-focused training in public health, exercise physiology, and clinical intervention.","Research Governance, Applied Statistics, Research Project","www.strath.ac.uk"
"C_SUN132_RES_01","UK132","SCIENCE","MRes Applied Sciences","MRes","2026","September","1 Year","City Campus","2.1 Honors degree; IELTS 6.0","Specialist research training in drug discovery, pharmaceutical formulations, or environmental science.","Research Methods, Technical Skills, Research Project","www.sunderland.ac.uk"
"C_SUN132_RES_02","UK132","BUSINESS","MRes Business and Management","MRes","2026","September","1 Year","City Campus","2.1 Honors degree; IELTS 6.0","Advanced research-based study in marketing, human resources, or international business.","Management Research Methods, Literature Review, Dissertation","www.sunderland.ac.uk"
"C_SUN132_RES_03","UK132","SOCIAL_SCIENCE","MRes Social Sciences","MRes","2026","September","1 Year","City Campus","2.1 Honors degree; IELTS 6.0","Interdisciplinary research training focusing on contemporary social issues and policy analysis.","Social Research Methods, Ethics in Research, Dissertation","www.sunderland.ac.uk"
"C_SUN132_RES_04","UK132","PSYCHOLOGY","MRes Psychological Research Methods","MRes","2026","September","1 Year","City Campus","2.1 Honors degree in Psychology; IELTS 6.0","Specialist training in advanced research design and statistical analysis for psychological science.","Advanced Quantitative Methods, Qualitative Research, Research Project","www.sunderland.ac.uk"
"C_SUN132_RES_05","UK132","EDUCATION","MRes Education","MRes","2026","September","1 Year","City Campus","2.1 Honors degree; IELTS 6.5","Research-focused degree allowing for in-depth study of specific educational themes and leadership.","Educational Research Methodology, Professional Inquiry, Thesis","www.sunderland.ac.uk"
"C_SUR133_RES_01","UK133","PSYCHOLOGY","MRes Psychology","MRes","2026","September","1 Year","Guildford Campus","2.1 Honors degree; IELTS 6.5","Pre-doctoral training focusing on cognitive and behavioral research.","Advanced Statistics, Experimental Design, Dissertation","www.surrey.ac.uk"
"C_SUR133_RES_02","UK133","SOCIAL_SCIENCE","MRes Criminology","MRes","2026","September","1 Year","Guildford Campus","2.1 Honors degree; IELTS 7.0","ESRC-accredited research training providing a foundation for doctoral study in criminology and criminal justice.","Research Design, Data Analysis, Criminological Theory, Dissertation","www.surrey.ac.uk"
"C_SUR133_RES_03","UK133","ECONOMICS","MRes Economics","MRes","2026","September","1 Year","Guildford Campus","2.1 Honors degree in Economics; IELTS 6.5","Rigorous research training in economic theory and econometrics for PhD preparation.","Microeconomics, Macroeconomics, Econometrics, Research Project","www.surrey.ac.uk"
"C_SUR133_RES_04","UK133","SOCIAL_SCIENCE","MRes Sociology","MRes","2026","September","1 Year","Guildford Campus","2.1 Honors degree; IELTS 7.0","Advanced training in sociological research methods and social theory for doctoral students.","Qualitative Methods, Quantitative Methods, Social Theory, Thesis","www.surrey.ac.uk"
"C_SUR133_RES_05","UK133","BUSINESS","MRes Business and Management","MRes","2026","September","1 Year","Guildford Campus","2.1 Honors degree; IELTS 6.5","Specialist research preparation focusing on organizational behavior, marketing, or strategy.","Business Research Methods, Specialized Literature Review, Dissertation","www.surrey.ac.uk"
"C_SUS134_RES_01","UK134","SOCIAL_SCIENCE","MRes Social Research Methods","MRes","2026","September","1 Year","Falmer Campus","2.1 Honors degree; IELTS 6.5","ESRC-recognized training across sociology and international development.","Research Design, Social Theory, Qualitative Methods, Dissertation","www.sussex.ac.uk"
"C_SUS134_RES_02","UK134","SOCIAL_SCIENCE","MRes International Relations","MRes","2026","September","1 Year","Falmer Campus","2.1 Honors degree; IELTS 6.5","Advanced research training in global politics and international theory for doctoral preparation.","Research Methods in International Relations, Advanced Theory, Dissertation","www.sussex.ac.uk"
"C_SUS134_RES_03","UK134","ANTHROPOLOGY","MRes Anthropology","MRes","2026","September","1 Year","Falmer Campus","2.1 Honors degree; IELTS 7.0","Intensive training in ethnographic research and anthropological theory for PhD candidates.","Anthropological Research Methods, Advanced Theory, Research Project","www.sussex.ac.uk"
"C_SUS134_RES_04","UK134","EDUCATION","MRes Education","MRes","2026","September","1 Year","Falmer Campus","2.1 Honors degree; IELTS 6.5","Research-focused degree providing a strong foundation for doctoral study in educational policy.","Educational Research Methodology, Literature Review, Dissertation","www.sussex.ac.uk"
"C_SUS134_RES_05","UK134","SCIENCE","MRes Cancer Biology","MRes","2026","September","1 Year","Falmer Campus","2.1 Honors degree in Life Sciences; IELTS 6.5","Laboratory-based research training focused on molecular mechanisms of cancer and therapeutics.","Research Skills in Life Sciences, Lab Rotations, Research Project","www.sussex.ac.uk"
"C_UAL135_RES_01","UK135","CREATIVE_ARTS","MRes Art: Theory and Philosophy","MRes","2026","September","2 Years","Central Saint Martins","2.1 Honors degree; Study Proposal; IELTS 6.5","A research-led exploration of contemporary art and philosophical aesthetics to support doctoral entry.","Innovations in Art and Philosophy, Methodologies and Methods, Individual Research Project","www.arts.ac.uk"
"C_UAL135_RES_02","UK135","CREATIVE_ARTS","MRes Art: Exhibition Studies","MRes","2026","September","2 Years","Central Saint Martins","2.1 Honors degree; Study Proposal; IELTS 6.5","Analyzes the history of contemporary art through the lens of the exhibition form and curatorial practice.","Exhibition Histories, Research Methodologies, Individual Research Project","www.arts.ac.uk"
"C_UAL135_RES_03","UK135","CREATIVE_ARTS","MRes Art: Moving Image","MRes","2026","September","2 Years","Central Saint Martins","2.1 Honors degree; Study Proposal; IELTS 6.5","Focuses on the theoretical and historical study of artists' moving image in dialogue with practice.","Framing Artists' Moving Image, Research Methods, Individual Research Project","www.arts.ac.uk"
"C_UAL135_RES_04","UK135","TECHNOLOGY","MRes Creative Computing","MRes","2026","September","1 Year","Creative Computing Institute","2.1 Honors degree; Research Proposal; IELTS 6.5","Interdisciplinary research training at the intersection of computer science and creative practice.","Creative Coding for Research, Computational Research Ethics, MRes Final Project","www.arts.ac.uk"
"C_UHI136_RES_01","UK136","SCIENCE","MRes Creative Practice","MRes","2026","September","1 Year","Inverness Campus","2.1 Honors degree; Portfolio; IELTS 6.5","Practice-based research-led exploration of the arts, humanities, or environmental heritage.","Research Methodologies, Creative Practice Project, Thesis","www.uhi.ac.uk"
"C_UHI136_RES_02","UK136","ENVIRONMENT","MRes Sustainable Development","MRes","2026","September","1 Year","Perth Campus","2.1 Honors degree; IELTS 6.5","Research-focused study on rural development, community resilience, and environmental policy.","Research Methods, Sustainable Development Theory, Dissertation","www.uhi.ac.uk"
"C_UHI136_RES_03","UK136","BIOLOGY","MRes Algal Biotechnology, Biology and Ecology","MRes","2026","September","1 Year","Scottish Association for Marine Science","2.1 Honors degree in Science; IELTS 6.5","Specialist research training in marine biotechnology and algal science for industrial or PhD entry.","Blue Biotechnology, Research Skills, Lab Rotations, Research Project","www.uhi.ac.uk"
"C_UHI136_RES_04","UK136","HISTORY","MRes History","MRes","2026","September","1 Year","Centre for History","2.1 Honors degree in History; IELTS 7.0","Intensive research preparation focusing on the history of the Highlands, Islands, and North Atlantic.","Historical Research Methods, Paleography, Dissertation","www.uhi.ac.uk"
"C_UHI136_RES_05","UK136","SOCIAL_SCIENCE","MRes Highland Ethnology","MRes","2026","September","1 Year","Inverness Campus","2.1 Honors degree; IELTS 6.5","Research-intensive study of the folklore, material culture, and social history of the Scottish Highlands.","Ethnographic Methods, Archives and Sources, Research Thesis","www.uhi.ac.uk"
"C_UWE137_RES_01","UK137","SCIENCE","MRes Applied Sciences","MRes","2026","September","1 Year","Frenchay Campus","2.1 Honors degree; IELTS 6.5","Specialist research training in biological, biomedical, or environmental sciences for doctoral or industrial entry.","Research Methods, Advanced Laboratory Techniques, Dissertation","www.uwe.ac.uk"
"C_UWE137_RES_02","UK137","SOCIAL_SCIENCE","MRes Social Research","MRes","2026","September","1 Year","Frenchay Campus","2.1 Honors degree; IELTS 6.5","Advanced training in social research methodologies and theory for students intending to pursue a PhD.","Qualitative Research Methods, Quantitative Research Methods, Research Ethics, Dissertation","www.uwe.ac.uk"
"C_ULS139_RES_01","UK139","MEDICINE","MRes Biomedical Sciences","MRes","2026","September","1 Year","Coleraine Campus","2.1 Honors degree; IELTS 6.0","Research-intensive training focusing on personalized medicine, diabetes, or visual science.","Research Design, Training in Technical and Scholarship Skills, Research Project","www.ulster.ac.uk"
"C_ULS139_RES_02","UK139","PSYCHOLOGY","MRes Psychology","MRes","2026","September","1 Year","Coleraine Campus","2.1 Honors degree in Psychology; IELTS 6.0","Advanced research training in psychological science providing a foundation for doctoral study.","Research Methods in Psychology, Technical Skills, Research Project","www.ulster.ac.uk"
"C_ULS139_RES_03","UK139","ENVIRONMENT","MRes Geography and Environmental Sciences","MRes","2026","September","1 Year","Coleraine Campus","2.1 Honors degree; IELTS 6.0","Specialist research-led study in physical geography, environmental change, or coastal science.","Research Design, Scholarship Skills, Field-based Research Project","www.ulster.ac.uk"
"C_ULS139_RES_04","UK139","MEDICINE","MRes Medicine","MRes","2026","September","1 Year","Derry~Londonderry Campus","Medical degree or 2.1 in Health Science; IELTS 6.0","Clinical research training focusing on translational medicine and health-related interventions.","Research Methods, Advanced Medical Skills, Research Dissertation","www.ulster.ac.uk"
"C_WAR141_RES_01","UK141","SOCIAL_SCIENCE","MRes Social Research","MRes","2026","September","1 Year","Coventry Campus","2.1 Honors degree; IELTS 7.0","Advanced interdisciplinary research training accredited by the ESRC for doctoral entry.","Philosophy of Social Science, Qualitative Methods, Quantitative Analysis, Dissertation","warwick.ac.uk"
"C_WAR141_RES_02","UK141","ECONOMICS","MRes Economics","MRes","2026","September","1 Year","Coventry Campus","First Class Honors in Economics; IELTS 7.0; GRE required","Rigorous research training providing a foundation for the PhD in Economics.","Advanced Microeconomics, Advanced Macroeconomics, Econometrics, Research Project","warwick.ac.uk"
"C_WAR141_RES_03","UK141","BUSINESS","MRes Business and Management","MRes","2026","September","1 Year","Coventry Campus","First Class Honors; GMAT/GRE; IELTS 7.0","The first year of the PhD program at Warwick Business School focusing on research methodology.","Research Design, Social Research Principles, Advanced Quantitative Methods, Thesis","warwick.ac.uk"
"C_WAR141_RES_04","UK141","FINANCE","MRes Finance and Economics","MRes","2026","September","1 Year","Coventry Campus","First Class Honors in a quantitative subject; IELTS 7.0; GRE/GMAT","Specialist research training at the intersection of finance and economic theory.","Asset Pricing, Corporate Finance, Econometrics, Research Project","warwick.ac.uk"
"C_WAR141_RES_05","UK141","EDUCATION","MRes Educational Research","MRes","2026","September","1 Year","Coventry Campus","2.1 Honors degree; IELTS 7.0","Research-focused degree providing a foundation for doctoral study in educational policy and pedagogy.","Educational Research Methodology, Literature Review, Dissertation","warwick.ac.uk"
"C_WES142_RES_01","UK142","SOCIAL_SCIENCE","MRes Social Sciences","MRes","2026","September","1 Year","Regent Street Campus","2.1 Honors degree; IELTS 6.5","Interdisciplinary research training focusing on urban studies, politics, and sociology.","Research Methods, Social Theory, Dissertation","www.westminster.ac.uk"
"C_WES142_RES_02","UK142","BIOLOGY","MRes Life Sciences","MRes","2026","September","1 Year","Cavendish Campus","2.1 Honors degree in Biology; IELTS 6.5","Laboratory-based research training in molecular biology, oncology, or nutrition.","Advanced Laboratory Skills, Research Design, Thesis","www.westminster.ac.uk"
"C_WES142_RES_03","UK142","CREATIVE_ARTS","MRes Creative Practice","MRes","2026","September","1 Year","Harrow Campus","2.1 Honors degree; Portfolio; IELTS 6.5","Research-led exploration of creative practice across media, arts, and design.","Creative Research Methods, Practice-based Research, Dissertation","www.westminster.ac.uk"
"C_WES142_RES_04","UK142","HEALTH","MRes Clinical Research","MRes","2026","September","1 Year","Cavendish Campus","2.1 Honors degree in health-related field; IELTS 6.5","Research preparation for healthcare professionals focusing on evidence-based practice and clinical innovation.","Clinical Research Methods, Research Governance, Research Project","www.westminster.ac.uk"
"C_WOL143_RES_01","UK143","PUBLIC_HEALTH","MRes Public Health","MRes","2026","September","1 Year","City Campus","2.1 Honors degree in health-related field; IELTS 6.5","An innovative research degree meeting the needs of researchers in healthcare and local authority settings.","Advanced Research Skills for Public Health, Health Protection, Research Dissertation","www.wlv.ac.uk"
"C_WOL143_RES_02","UK143","COMPUTER_SCIENCE","MRes Cyber Security","MRes","2026","September","1 Year","City Campus","2.1 Honors degree in Computing; IELTS 6.5","Specialist research training in network security, digital forensics, and threat management.","Research Methods, Advanced Security Techniques, Research Dissertation","www.wlv.ac.uk"
"C_WOL143_RES_03","UK143","COMPUTER_SCIENCE","MRes Artificial Intelligence","MRes","2026","September","1 Year","City Campus","2.1 Honors degree in Computing or Math; IELTS 6.5","Focused research in machine learning, neural networks, and data-driven intelligence.","Research Methods, AI Specialism, Research Dissertation","www.wlv.ac.uk"
"C_WOL143_RES_04","UK143","BUSINESS","MRes Business and Management","MRes","2026","September","1 Year","City Campus","2.1 Honors degree; IELTS 6.5","Advanced research-based study providing a foundation for professional or doctoral entry in management.","Management Research Methods, Strategic People Management, Thesis","www.wlv.ac.uk"
"C_WOL143_RES_05","UK143","SOCIAL_SCIENCE","MRes International Relations","MRes","2026","September","1 Year","City Campus","2.1 Honors degree; IELTS 6.5","Advanced research skills and expertise in global politics, diplomacy, and international systems.","Research Methodologies, Political Theory, Research Dissertation","www.wlv.ac.uk"
"C_WOL143_RES_06","UK143","DATA_SCIENCE","MRes Data Science","MRes","2026","September","1 Year","City Campus","2.2 Honors degree in technical field; IELTS 6.5","Comprehensive training in research methodologies and data analysis for independent high-quality research.","Research Methods, Data Science Theory, Research Dissertation","www.wlv.ac.uk"
"C_YOR144_RES_01","UK144","SOCIAL_SCIENCE","MRes Social Research","MRes","2026","September","1 Year","Heslington Campus","2.1 Honors degree; IELTS 6.5","ESRC-accredited training providing a foundation for research in sociology and social policy.","Research Design, Social Theory, Qualitative Methods, Dissertation","www.york.ac.uk"
"C_YOR144_RES_02","UK144","PSYCHOLOGY","MRes Psychology","MRes","2026","September","1 Year","Heslington Campus","2.1 Honors degree in Psychology; IELTS 6.5","Specialist research preparation for doctoral study in experimental psychology.","Advanced Statistics, Psychological Research Methods, Thesis","www.york.ac.uk"
"C_YOR144_RES_03","UK144","GEOGRAPHY","MRes Human Geography Research","MRes","2026","September","1 Year","Heslington Campus","2.1 Honors degree; IELTS 6.5","Advanced research training in human geography, focusing on social, cultural, and political geography.","Geographical Theory, Research Methods in Geography, Dissertation","www.york.ac.uk"
"C_YOR144_RES_04","UK144","BUSINESS","MRes Management","MRes","2026","September","1 Year","Heslington Campus","2.1 Honors degree in Business or related; IELTS 7.0","Specialised research training for students intending to pursue doctoral study in management.","Research Philosophy, Advanced Data Analysis, Literature Review, Dissertation","www.york.ac.uk"
"C_WRX145_RES_01","UK145","SCIENCE","MRes Applied Science","MRes","2026","September","1 Year","Wrexham Campus","2.1 Honors degree; IELTS 6.0","A research-intensive master's degree focusing on biological sciences, environmental management, or chemistry.","Research Methods and Design, Literature Review, Research Project","wrexham.ac.uk"
"C_WRX145_RES_02","UK145","TECHNOLOGY","MRes Computing","MRes","2026","September","1 Year","Wrexham Campus","2.1 Honors degree in Computing; IELTS 6.0","Advanced research training in software engineering, cyber security, or data analytics.","Research Methods, Advanced Computing Topics, Dissertation","wrexham.ac.uk"
"C_WRX145_RES_03","UK145","ENGINEERING","MRes Engineering","MRes","2026","September","1 Year","Wrexham Campus","2.1 Honors degree in Engineering; IELTS 6.0","Research-led study focusing on aeronautical, mechanical, or electrical engineering systems.","Research Methods, Engineering Ethics, Technical Research Project","wrexham.ac.uk"
"C_YSJ146_RES_01","UK146","HUMANITIES","MRes Humanities","MRes","2026","September","1 Year","York Campus","2.1 Honors degree; Research Proposal; IELTS 6.0","Independent research project in History or Literature with expert supervision.","Research Methods, Literature Review, Dissertation","www.yorksj.ac.uk"
"C_YSJ146_RES_02","UK146","ART_DESIGN","MRes Artistic Practice","MRes","2026","September","1 Year","York Campus","2.1 Honors degree; Portfolio; IELTS 6.0","Advanced practice-led research training in fine art, design, or performance.","Artistic Research Methodologies, Practice-as-Research, Research Project","www.yorksj.ac.uk"
"C_YSJ146_RES_03","UK146","BUSINESS","MRes Business","MRes","2026","September","1 Year","York Campus","2.1 Honors degree; Research Proposal; IELTS 6.5","Research-focused study in marketing, human resources, or international business.","Business Research Methods, Specialized Literature Review, Dissertation","www.yorksj.ac.uk"
"C_YSJ146_RES_04","UK146","HEALTH","MRes Global Public Health","MRes","2026","September","1 Year","York Campus","2.1 Honors degree; IELTS 6.5","Specialist research training in epidemiology, health policy, and global health challenges.","Public Health Research Methods, Global Health Systems, Thesis","www.yorksj.ac.uk"
"C_YSJ146_RES_05","UK146","LANGUAGES","MRes Linguistics","MRes","2026","September","1 Year","York Campus","2.1 Honors degree in Linguistics; IELTS 6.5","Advanced research training in sociolinguistics, corpus linguistics, or applied linguistics.","Linguistic Research Methods, Data Analysis, Research Project","www.yorksj.ac.uk"
"C_YSJ146_RES_06","UK146","PSYCHOLOGY","MRes Psychology","MRes","2026","September","1 Year","York Campus","2.1 Honors degree in Psychology; IELTS 6.5","Focused research training in psychological science for professional or doctoral entry.","Advanced Research Design, Statistical Analysis, Research Project","www.yorksj.ac.uk"
"C_YSJ146_RES_07","UK146","SCIENCE","MRes Science and Health","MRes","2026","September","1 Year","York Campus","2.1 Honors degree; IELTS 6.5","Interdisciplinary research training in biological sciences or clinical health areas.","Scientific Research Methods, Laboratory Techniques, Dissertation","www.yorksj.ac.uk"
"C_YSJ146_RES_08","UK146","SOCIAL_SCIENCE","MRes Social Sciences","MRes","2026","September","1 Year","York Campus","2.1 Honors degree; IELTS 6.5","Research-intensive study focusing on sociology, criminology, or social justice.","Social Research Methodologies, Social Theory, Research Project","www.yorksj.ac.uk"
