tuition_id,course_id,university_id,academic_year,residency,tuition_fee,scholarship_amount,tuition_deposit,currency
TF_TCD001_RES_AH_EU,C_TCD001_RES_AH,IRL001,2026,EU,5681.00,0.00,0.00,EUR
TF_TCD001_RES_AH_INTL,C_TCD001_RES_AH,IRL001,2026,INTL,22000.00,0.00,500.00,EUR
TF_TCD001_RES_SCI_EU,C_TCD001_RES_SCI,IRL001,2026,EU,7332.00,0.00,0.00,EUR
TF_TCD001_RES_SCI_INTL,C_TCD001_RES_SCI,IRL001,2026,INTL,28900.00,0.00,500.00,EUR
TF_TCD001_RES_MED_EU,C_TCD001_RES_MED,IRL001,2026,EU,8371.00,0.00,0.00,EUR
TF_TCD001_RES_MED_INTL,C_TCD001_RES_MED,IRL001,2026,INTL,26000.00,0.00,500.00,EUR
TF_TCD001_RES_REL_EU,C_TCD001_RES_REL,IRL001,2026,EU,5681.00,0.00,0.00,EUR
TF_TCD001_RES_REL_INTL,C_TCD001_RES_REL,IRL001,2026,INTL,22000.00,0.00,500.00,EUR
TF_TCD001_RES_ENG_EU,C_TCD001_RES_ENG,IRL001,2026,EU,7332.00,0.00,0.00,EUR
TF_TCD001_RES_ENG_INTL,C_TCD001_RES_ENG,IRL001,2026,INTL,28900.00,0.00,500.00,EUR
TF_TCD001_RES_BUS_EU,C_TCD001_RES_BUS,IRL001,2026,EU,7410.00,0.00,0.00,EUR
TF_TCD001_RES_BUS_INTL,C_TCD001_RES_BUS,IRL001,2026,INTL,12440.00,0.00,500.00,EUR
TF_UCC009_RES_01_EU,C_UCC009_RES_01,IRL009,2026,EU,5840.00,0.00,0.00,EUR
TF_UCC009_RES_01_INTL,C_UCC009_RES_01,IRL009,2026,INTL,15433.00,0.00,1000.00,EUR
TF_UCC009_RES_02_EU,C_UCC009_RES_02,IRL009,2026,EU,5840.00,0.00,0.00,EUR
TF_UCC009_RES_02_INTL,C_UCC009_RES_02,IRL009,2026,INTL,15000.00,0.00,1000.00,EUR
TF_UCC009_RES_03_EU,C_UCC009_RES_03,IRL009,2026,EU,5840.00,0.00,0.00,EUR
TF_UCC009_RES_03_INTL,C_UCC009_RES_03,IRL009,2026,INTL,15000.00,0.00,1000.00,EUR
TF_UCC009_RES_04_EU,C_UCC009_RES_04,IRL009,2026,EU,5840.00,0.00,0.00,EUR
TF_UCC009_RES_04_INTL,C_UCC009_RES_04,IRL009,2026,INTL,16000.00,0.00,1000.00,EUR
TF_UCC009_RES_05_EU,C_UCC009_RES_05,IRL009,2026,EU,5840.00,0.00,0.00,EUR
TF_UCC009_RES_05_INTL,C_UCC009_RES_05,IRL009,2026,INTL,16000.00,0.00,1000.00,EUR
TF_UCC009_RES_07_EU,C_UCC009_RES_07,IRL009,2026,EU,5840.00,0.00,0.00,EUR
TF_UCC009_RES_07_INTL,C_UCC009_RES_07,IRL009,2026,INTL,15000.00,0.00,1000.00,EUR
TF_UCC009_RES_08_EU,C_UCC009_RES_08,IRL009,2026,EU,5770.00,0.00,0.00,EUR
TF_UCC009_RES_08_INTL,C_UCC009_RES_08,IRL009,2026,INTL,15000.00,0.00,1000.00,EUR
TF_UCC009_RES_09_EU,C_UCC009_RES_09,IRL009,2026,EU,5840.00,0.00,0.00,EUR
TF_UCC009_RES_09_INTL,C_UCC009_RES_09,IRL009,2026,INTL,16000.00,0.00,1000.00,EUR
TF_UCD002_RES_AG_EU,C_UCD002_RES_AG,IRL002,2026,EU,6310.00,0.00,0.00,EUR
TF_UCD002_RES_AG_INTL,C_UCD002_RES_AG,IRL002,2026,INTL,15440.00,0.00,500.00,EUR
TF_UCD002_RES_ENG_EU,C_UCD002_RES_ENG,IRL002,2026,EU,7330.00,0.00,0.00,EUR
TF_UCD002_RES_ENG_INTL,C_UCD002_RES_ENG,IRL002,2026,INTL,29100.00,0.00,500.00,EUR
TF_UCD002_RES_BUS_EU,C_UCD002_RES_BUS,IRL002,2026,EU,7410.00,0.00,0.00,EUR
TF_UCD002_RES_BUS_INTL,C_UCD002_RES_BUS,IRL002,2026,INTL,12440.00,0.00,500.00,EUR
TF_UCD002_RES_HUM_EU,C_UCD002_RES_HUM,IRL002,2026,EU,6310.00,0.00,0.00,EUR
TF_UCD002_RES_HUM_INTL,C_UCD002_RES_HUM,IRL002,2026,INTL,21520.00,0.00,500.00,EUR
TF_UCD002_RES_SCI_EU,C_UCD002_RES_SCI,IRL002,2026,EU,7330.00,0.00,0.00,EUR
TF_UCD002_RES_SCI_INTL,C_UCD002_RES_SCI,IRL002,2026,INTL,29100.00,0.00,500.00,EUR
TF_UCD002_RES_MED_EU,C_UCD002_RES_MED,IRL002,2026,EU,7330.00,0.00,0.00,EUR
TF_UCD002_RES_MED_INTL,C_UCD002_RES_MED,IRL002,2026,INTL,29100.00,0.00,500.00,EUR
TF_GAL011_RES_01_EU,C_GAL011_RES_01,IRL011,2026,EU,6500.00,0.00,0.00,EUR
TF_GAL011_RES_01_INTL,C_GAL011_RES_01,IRL011,2026,INTL,19500.00,0.00,500.00,EUR
TF_GAL011_RES_02_EU,C_GAL011_RES_02,IRL011,2026,EU,6300.00,0.00,0.00,EUR
TF_GAL011_RES_02_INTL,C_GAL011_RES_02,IRL011,2026,INTL,26000.00,0.00,500.00,EUR
TF_GAL011_RES_03_EU,C_GAL011_RES_03,IRL011,2026,EU,6300.00,0.00,0.00,EUR
TF_GAL011_RES_03_INTL,C_GAL011_RES_03,IRL011,2026,INTL,18000.00,0.00,500.00,EUR
TF_GAL011_RES_04_EU,C_GAL011_RES_04,IRL011,2026,EU,6500.00,0.00,0.00,EUR
TF_GAL011_RES_04_INTL,C_GAL011_RES_04,IRL011,2026,INTL,26000.00,0.00,500.00,EUR
TF_GAL011_RES_05_EU,C_GAL011_RES_05,IRL011,2026,EU,6300.00,0.00,0.00,EUR
TF_GAL011_RES_05_INTL,C_GAL011_RES_05,IRL011,2026,INTL,18000.00,0.00,500.00,EUR
TF_GAL011_RES_06_EU,C_GAL011_RES_06,IRL011,2026,EU,6300.00,0.00,0.00,EUR
TF_GAL011_RES_06_INTL,C_GAL011_RES_06,IRL011,2026,INTL,18000.00,0.00,500.00,EUR
TF_UL015_RES_01_EU,C_UL015_RES_01,IRL015,2026,EU,5654.00,0.00,0.00,EUR
TF_UL015_RES_01_INTL,C_UL015_RES_01,IRL015,2026,INTL,16500.00,0.00,600.00,EUR
TF_UL015_RES_02_EU,C_UL015_RES_02,IRL015,2026,EU,5654.00,0.00,0.00,EUR
TF_UL015_RES_02_INTL,C_UL015_RES_02,IRL015,2026,INTL,13800.00,0.00,600.00,EUR
TF_UL015_RES_03_EU,C_UL015_RES_03,IRL015,2026,EU,5654.00,0.00,0.00,EUR
TF_UL015_RES_03_INTL,C_UL015_RES_03,IRL015,2026,INTL,14500.00,0.00,600.00,EUR
TF_UL015_RES_04_EU,C_UL015_RES_04,IRL015,2026,EU,5654.00,0.00,0.00,EUR
TF_UL015_RES_04_INTL,C_UL015_RES_04,IRL015,2026,INTL,13800.00,0.00,600.00,EUR
TF_UL015_RES_05_EU,C_UL015_RES_05,IRL015,2026,EU,6500.00,0.00,0.00,EUR
TF_UL015_RES_05_INTL,C_UL015_RES_05,IRL015,2026,INTL,15500.00,0.00,600.00,EUR
TF_UL015_RES_06_EU,C_UL015_RES_06,IRL015,2026,EU,5654.00,0.00,0.00,EUR
TF_UL015_RES_06_INTL,C_UL015_RES_06,IRL015,2026,INTL,13800.00,0.00,600.00,EUR
TF_MIC016_R01_EU,C_MIC016_RES_01,IRL016,2026,EU,4500.00,0.00,0.00,EUR
TF_MIC016_R01_INTL,C_MIC016_RES_01,IRL016,2026,INTL,12500.00,0.00,500.00,EUR
TF_MIC016_R02_EU,C_MIC016_RES_02,IRL016,2026,EU,4500.00,0.00,0.00,EUR
TF_MIC016_R02_INTL,C_MIC016_RES_02,IRL016,2026,INTL,12500.00,0.00,500.00,EUR
TF_MIC016_R03_EU,C_MIC016_RES_03,IRL016,2026,EU,4500.00,0.00,0.00,EUR
TF_MIC016_R03_INTL,C_MIC016_RES_03,IRL016,2026,INTL,12500.00,0.00,500.00,EUR
TF_RCS017_RES_01_EU,C_RCS017_RES_01,IRL017,2026,EU,6500.00,0.00,0.00,EUR
TF_RCS017_RES_01_INTL,C_RCS017_RES_01,IRL017,2026,INTL,15500.00,0.00,1000.00,EUR
TF_RCS017_RES_02_EU,C_RCS017_RES_02,IRL017,2026,EU,7500.00,0.00,0.00,EUR
TF_RCS017_RES_02_INTL,C_RCS017_RES_02,IRL017,2026,INTL,18500.00,0.00,1000.00,EUR
TF_RCS017_RES_03_EU,C_RCS017_RES_03,IRL017,2026,EU,6500.00,0.00,0.00,EUR
TF_RCS017_RES_03_INTL,C_RCS017_RES_03,IRL017,2026,INTL,15500.00,0.00,1000.00,EUR
TF_RCS017_RES_04_EU,C_RCS017_RES_04,IRL017,2026,EU,6500.00,0.00,0.00,EUR
TF_RCS017_RES_04_INTL,C_RCS017_RES_04,IRL017,2026,INTL,15500.00,0.00,1000.00,EUR
TF_MAY018_RES_01_EU,C_MAY018_RES_01,IRL018,2026,EU,6310.00,0.00,0.00,EUR
TF_MAY018_RES_01_INTL,C_MAY018_RES_01,IRL018,2026,INTL,15500.00,0.00,500.00,EUR
TF_MAY018_RES_02_EU,C_MAY018_RES_02,IRL018,2026,EU,6310.00,0.00,0.00,EUR
TF_MAY018_RES_02_INTL,C_MAY018_RES_02,IRL018,2026,INTL,15500.00,0.00,500.00,EUR
TF_MAY018_RES_03_EU,C_MAY018_RES_03,IRL018,2026,EU,6310.00,0.00,0.00,EUR
TF_MAY018_RES_03_INTL,C_MAY018_RES_03,IRL018,2026,INTL,15500.00,0.00,500.00,EUR
TF_MAY018_RES_04_EU,C_MAY018_RES_04,IRL018,2026,EU,6310.00,0.00,0.00,EUR
TF_MAY018_RES_04_INTL,C_MAY018_RES_04,IRL018,2026,INTL,15500.00,0.00,500.00,EUR
TF_MAY018_RES_05_EU,C_MAY018_RES_05,IRL018,2026,EU,6310.00,0.00,0.00,EUR
TF_MAY018_RES_05_INTL,C_MAY018_RES_05,IRL018,2026,INTL,15500.00,0.00,500.00,EUR
TF_MAY018_RES_06_EU,C_MAY018_RES_06,IRL018,2026,EU,6310.00,0.00,0.00,EUR
TF_MAY018_RES_06_INTL,C_MAY018_RES_06,IRL018,2026,INTL,15500.00,0.00,500.00,EUR
TF_MAY018_RES_07_EU,C_MAY018_RES_07,IRL018,2026,EU,6310.00,0.00,0.00,EUR
TF_MAY018_RES_07_INTL,C_MAY018_RES_07,IRL018,2026,INTL,15500.00,0.00,500.00,EUR
TF_MAY018_RES_08_EU,C_MAY018_RES_08,IRL018,2026,EU,6310.00,0.00,0.00,EUR
TF_MAY018_RES_08_INTL,C_MAY018_RES_08,IRL018,2026,INTL,15500.00,0.00,500.00,EUR
TF_IAD019_RES_01_EU,C_IAD019_RES_01,IRL019,2026,EU,4500.00,0.00,0.00,EUR
TF_IAD019_RES_01_INTL,C_IAD019_RES_01,IRL019,2026,INTL,13500.00,0.00,1000.00,EUR
TF_IAD019_RES_02_EU,C_IAD019_RES_02,IRL019,2026,EU,4500.00,0.00,0.00,EUR
TF_IAD019_RES_02_INTL,C_IAD019_RES_02,IRL019,2026,INTL,13500.00,0.00,1000.00,EUR
TF_IAD019_RES_03_EU,C_IAD019_RES_03,IRL019,2026,EU,4500.00,0.00,0.00,EUR
TF_IAD019_RES_03_INTL,C_IAD019_RES_03,IRL019,2026,INTL,13500.00,0.00,1000.00,EUR
TF_IAD019_RES_04_EU,C_IAD019_RES_04,IRL019,2026,EU,4500.00,0.00,0.00,EUR
TF_IAD019_RES_04_INTL,C_IAD019_RES_04,IRL019,2026,INTL,13500.00,0.00,1000.00,EUR
TF_IAD019_RES_05_EU,C_IAD019_RES_05,IRL019,2026,EU,4500.00,0.00,0.00,EUR
TF_IAD019_RES_05_INTL,C_IAD019_RES_05,IRL019,2026,INTL,13500.00,0.00,1000.00,EUR
TF_DCU020_RES_BUS_EU,C_DCU020_RES_BUS,IRL020,2026,EU,5600.00,0.00,0.00,EUR
TF_DCU020_RES_BUS_INTL,C_DCU020_RES_BUS,IRL020,2026,INTL,15000.00,0.00,500.00,EUR
TF_DCU020_RES_SCI_EU,C_DCU020_RES_SCI,IRL020,2026,EU,5600.00,0.00,0.00,EUR
TF_DCU020_RES_SCI_INTL,C_DCU020_RES_SCI,IRL020,2026,INTL,15000.00,0.00,500.00,EUR
TF_DCU020_RES_ENG_EU,C_DCU020_RES_ENG,IRL020,2026,EU,5600.00,0.00,0.00,EUR
TF_DCU020_RES_ENG_INTL,C_DCU020_RES_ENG,IRL020,2026,INTL,15000.00,0.00,500.00,EUR
TF_DCU020_RES_HUM_EU,C_DCU020_RES_HUM,IRL020,2026,EU,5600.00,0.00,0.00,EUR
TF_DCU020_RES_HUM_INTL,C_DCU020_RES_HUM,IRL020,2026,INTL,15000.00,0.00,500.00,EUR
TF_DCU020_RES_EDU_EU,C_DCU020_RES_EDU,IRL020,2026,EU,5600.00,0.00,0.00,EUR
TF_DCU020_RES_EDU_INTL,C_DCU020_RES_EDU,IRL020,2026,INTL,15000.00,0.00,500.00,EUR
TF_ATU022_RES_SCI_EU,C_ATU022_RES_SCI,IRL022,2026,EU,5250.00,0.00,0.00,EUR
TF_ATU022_RES_SCI_INTL,C_ATU022_RES_SCI,IRL022,2026,INTL,12000.00,0.00,500.00,EUR
TF_ATU022_RES_BUS_EU,C_ATU022_RES_BUS,IRL022,2026,EU,5250.00,0.00,0.00,EUR
TF_ATU022_RES_BUS_INTL,C_ATU022_RES_BUS,IRL022,2026,INTL,12000.00,0.00,500.00,EUR
TF_ATU022_RES_ENG_EU,C_ATU022_RES_ENG,IRL022,2026,EU,5250.00,0.00,0.00,EUR
TF_ATU022_RES_ENG_INTL,C_ATU022_RES_ENG,IRL022,2026,INTL,12000.00,0.00,500.00,EUR
TF_ATU022_RES_HUM_EU,C_ATU022_RES_HUM,IRL022,2026,EU,5250.00,0.00,0.00,EUR
TF_ATU022_RES_HUM_INTL,C_ATU022_RES_HUM,IRL022,2026,INTL,12000.00,0.00,500.00,EUR
TF_ATU022_RES_DIT_EU,C_ATU022_RES_DIT,IRL022,2026,EU,5250.00,0.00,0.00,EUR
TF_ATU022_RES_DIT_INTL,C_ATU022_RES_DIT,IRL022,2026,INTL,12000.00,0.00,500.00,EUR
TF_SET023_RES_COM_EU,C_SET023_RES_COM,IRL023,2026,EU,5000.00,0.00,0.00,EUR
TF_SET023_RES_COM_INTL,C_SET023_RES_COM,IRL023,2026,INTL,11500.00,0.00,500.00,EUR
TF_SET023_RES_SCI_EU,C_SET023_RES_SCI,IRL023,2026,EU,5000.00,0.00,0.00,EUR
TF_SET023_RES_SCI_INTL,C_SET023_RES_SCI,IRL023,2026,INTL,11500.00,0.00,500.00,EUR
TF_SET023_RES_ENG_EU,C_SET023_RES_ENG,IRL023,2026,EU,5000.00,0.00,0.00,EUR
TF_SET023_RES_ENG_INTL,C_SET023_RES_ENG,IRL023,2026,INTL,11500.00,0.00,500.00,EUR
TF_SET023_RES_BUS_EU,C_SET023_RES_BUS,IRL023,2026,EU,5000.00,0.00,0.00,EUR
TF_SET023_RES_BUS_INTL,C_SET023_RES_BUS,IRL023,2026,INTL,11500.00,0.00,500.00,EUR
TF_SET023_RES_HUM_EU,C_SET023_RES_HUM,IRL023,2026,EU,5000.00,0.00,0.00,EUR
TF_SET023_RES_HUM_INTL,C_SET023_RES_HUM,IRL023,2026,INTL,11500.00,0.00,500.00,EUR
TF_SET023_RES_HES_EU,C_SET023_RES_HES,IRL023,2026,EU,5000.00,0.00,0.00,EUR
TF_SET023_RES_HES_INTL,C_SET023_RES_HES,IRL023,2026,INTL,11500.00,0.00,500.00,EUR
TF_STP025_RES_THE_EU,C_STP025_RES_THE,IRL025,2026,EU,6300.00,0.00,0.00,EUR
TF_STP025_RES_THE_INTL,C_STP025_RES_THE,IRL025,2026,INTL,14500.00,0.00,500.00,EUR
TF_STP025_RES_PHI_EU,C_STP025_RES_PHI,IRL025,2026,EU,6300.00,0.00,0.00,EUR
TF_STP025_RES_PHI_INTL,C_STP025_RES_PHI,IRL025,2026,INTL,14500.00,0.00,500.00,EUR
TF_TUS026_RES_SCI_EU,C_TUS026_RES_SCI,IRL026,2026,EU,5250.00,0.00,0.00,EUR
TF_TUS026_RES_SCI_INTL,C_TUS026_RES_SCI,IRL026,2026,INTL,11500.00,0.00,500.00,EUR
TF_TUS026_RES_ENG_EU,C_TUS026_RES_ENG,IRL026,2026,EU,5250.00,0.00,0.00,EUR
TF_TUS026_RES_ENG_INTL,C_TUS026_RES_ENG,IRL026,2026,INTL,11500.00,0.00,500.00,EUR
TF_TUS026_RES_BUS_EU,C_TUS026_RES_BUS,IRL026,2026,EU,5250.00,0.00,0.00,EUR
TF_TUS026_RES_BUS_INTL,C_TUS026_RES_BUS,IRL026,2026,INTL,11500.00,0.00,500.00,EUR
TF_TUS026_RES_HUM_EU,C_TUS026_RES_HUM,IRL026,2026,EU,5250.00,0.00,0.00,EUR
TF_TUS026_RES_HUM_INTL,C_TUS026_RES_HUM,IRL026,2026,INTL,11500.00,0.00,500.00,EUR
TF_TUS026_RES_SPO_EU,C_TUS026_RES_SPO,IRL026,2026,EU,5250.00,0.00,0.00,EUR
TF_TUS026_RES_SPO_INTL,C_TUS026_RES_SPO,IRL026,2026,INTL,11500.00,0.00,500.00,EUR
TF_TUD027_RES_ART_EU,C_TUD027_RES_ART,IRL027,2026,EU,5250.00,0.00,0.00,EUR
TF_TUD027_RES_ART_INTL,C_TUD027_RES_ART,IRL027,2026,INTL,13500.00,0.00,1000.00,EUR
TF_TUD027_RES_ENG_EU,C_TUD027_RES_ENG,IRL027,2026,EU,5250.00,0.00,0.00,EUR
TF_TUD027_RES_ENG_INTL,C_TUD027_RES_ENG,IRL027,2026,INTL,13500.00,0.00,1000.00,EUR
TF_TUD027_RES_SCI_EU,C_TUD027_RES_SCI,IRL027,2026,EU,5250.00,0.00,0.00,EUR
TF_TUD027_RES_SCI_INTL,C_TUD027_RES_SCI,IRL027,2026,INTL,13500.00,0.00,1000.00,EUR
TF_TUD027_RES_BUS_EU,C_TUD027_RES_BUS,IRL027,2026,EU,5250.00,0.00,0.00,EUR
TF_TUD027_RES_BUS_INTL,C_TUD027_RES_BUS,IRL027,2026,INTL,13500.00,0.00,1000.00,EUR
TF_TUD027_RES_COM_EU,C_TUD027_RES_COM,IRL027,2026,EU,5250.00,0.00,0.00,EUR
TF_TUD027_RES_COM_INTL,C_TUD027_RES_COM,IRL027,2026,INTL,13500.00,0.00,1000.00,EUR
TF_TUD027_RES_HUM_EU,C_TUD027_RES_HUM,IRL027,2026,EU,5250.00,0.00,0.00,EUR
TF_TUD027_RES_HUM_INTL,C_TUD027_RES_HUM,IRL027,2026,INTL,13500.00,0.00,1000.00,EUR
TF_ABE001_RES_01_EU,C_ABE001_RES_01,UK001,2026,EU,4750.00,0.00,0.00,GBP
TF_ABE001_RES_01_INTL,C_ABE001_RES_01,UK001,2026,INTL,16000.00,0.00,1000.00,GBP
TF_ABE001_RES_02_EU,C_ABE001_RES_02,UK001,2026,EU,4750.00,0.00,0.00,GBP
TF_ABE001_RES_02_INTL,C_ABE001_RES_02,UK001,2026,INTL,17000.00,0.00,1000.00,GBP
TF_ABE001_RES_03_EU,C_ABE001_RES_03,UK001,2026,EU,4750.00,0.00,0.00,GBP
TF_ABE001_RES_03_INTL,C_ABE001_RES_03,UK001,2026,INTL,17000.00,0.00,1000.00,GBP
TF_ABE001_RES_04_EU,C_ABE001_RES_04,UK001,2026,EU,4750.00,0.00,0.00,GBP
TF_ABE001_RES_04_INTL,C_ABE001_RES_04,UK001,2026,INTL,17000.00,0.00,1000.00,GBP
TF_ABE001_RES_05_EU,C_ABE001_RES_05,UK001,2026,EU,4750.00,0.00,0.00,GBP
TF_ABE001_RES_05_INTL,C_ABE001_RES_05,UK001,2026,INTL,17000.00,0.00,1000.00,GBP
TF_ABE001_RES_06_EU,C_ABE001_RES_06,UK001,2026,EU,4750.00,0.00,0.00,GBP
TF_ABE001_RES_06_INTL,C_ABE001_RES_06,UK001,2026,INTL,17000.00,0.00,1000.00,GBP
TF_ABE001_RES_07_EU,C_ABE001_RES_07,UK001,2026,EU,4750.00,0.00,0.00,GBP
TF_ABE001_RES_07_INTL,C_ABE001_RES_07,UK001,2026,INTL,16000.00,0.00,1000.00,GBP
TF_ABE001_RES_08_EU,C_ABE001_RES_08,UK001,2026,EU,4750.00,0.00,0.00,GBP
TF_ABE001_RES_08_INTL,C_ABE001_RES_08,UK001,2026,INTL,16000.00,0.00,1000.00,GBP
TF_ABE001_RES_09_EU,C_ABE001_RES_09,UK001,2026,EU,4750.00,0.00,0.00,GBP
TF_ABE001_RES_09_INTL,C_ABE001_RES_09,UK001,2026,INTL,17000.00,0.00,1000.00,GBP
TF_ABE002_RES_01_EU,C_ABE002_RES_01,UK002,2026,EU,4786.00,0.00,0.00,GBP
TF_ABE002_RES_01_INTL,C_ABE002_RES_01,UK002,2026,INTL,17800.00,0.00,2000.00,GBP
TF_ABE002_RES_02_EU,C_ABE002_RES_02,UK002,2026,EU,4786.00,0.00,0.00,GBP
TF_ABE002_RES_02_INTL,C_ABE002_RES_02,UK002,2026,INTL,17800.00,0.00,2000.00,GBP
TF_ABE002_RES_03_EU,C_ABE002_RES_03,UK002,2026,EU,4786.00,0.00,0.00,GBP
TF_ABE002_RES_03_INTL,C_ABE002_RES_03,UK002,2026,INTL,17200.00,0.00,2000.00,GBP
TF_ABE002_RES_04_EU,C_ABE002_RES_04,UK002,2026,EU,4786.00,0.00,0.00,GBP
TF_ABE002_RES_04_INTL,C_ABE002_RES_04,UK002,2026,INTL,17200.00,0.00,2000.00,GBP
TF_ABE002_RES_05_EU,C_ABE002_RES_05,UK002,2026,EU,4786.00,0.00,0.00,GBP
TF_ABE002_RES_05_INTL,C_ABE002_RES_05,UK002,2026,INTL,17200.00,0.00,2000.00,GBP
TF_ABE002_RES_06_EU,C_ABE002_RES_06,UK002,2026,EU,4786.00,0.00,0.00,GBP
TF_ABE002_RES_06_INTL,C_ABE002_RES_06,UK002,2026,INTL,17200.00,0.00,2000.00,GBP
TF_ABE002_RES_07_EU,C_ABE002_RES_07,UK002,2026,EU,4786.00,0.00,0.00,GBP
TF_ABE002_RES_07_INTL,C_ABE002_RES_07,UK002,2026,INTL,17800.00,0.00,2000.00,GBP
TF_ABE002_RES_08_EU,C_ABE002_RES_08,UK002,2026,EU,4786.00,0.00,0.00,GBP
TF_ABE002_RES_08_INTL,C_ABE002_RES_08,UK002,2026,INTL,17800.00,0.00,2000.00,GBP
TF_ABE002_RES_09_EU,C_ABE002_RES_09,UK002,2026,EU,4786.00,0.00,0.00,GBP
TF_ABE002_RES_09_INTL,C_ABE002_RES_09,UK002,2026,INTL,17200.00,0.00,2000.00,GBP
TF_ARU003_RES_01_EU,C_ARU003_RES_01,UK003,2026,EU,4786.00,0.00,0.00,GBP
TF_ARU003_RES_01_INTL,C_ARU003_RES_01,UK003,2026,INTL,16700.00,0.00,1000.00,GBP
TF_ARU003_RES_02_EU,C_ARU003_RES_02,UK003,2026,EU,4786.00,0.00,0.00,GBP
TF_ARU003_RES_02_INTL,C_ARU003_RES_02,UK003,2026,INTL,16700.00,0.00,1000.00,GBP
TF_ARU003_RES_03_EU,C_ARU003_RES_03,UK003,2026,EU,4786.00,0.00,0.00,GBP
TF_ARU003_RES_03_INTL,C_ARU003_RES_03,UK003,2026,INTL,16700.00,0.00,1000.00,GBP
TF_ARU003_RES_04_EU,C_ARU003_RES_04,UK003,2026,EU,4786.00,0.00,0.00,GBP
TF_ARU003_RES_04_INTL,C_ARU003_RES_04,UK003,2026,INTL,16700.00,0.00,1000.00,GBP
TF_ARU003_RES_05_EU,C_ARU003_RES_05,UK003,2026,EU,4786.00,0.00,0.00,GBP
TF_ARU003_RES_05_INTL,C_ARU003_RES_05,UK003,2026,INTL,16100.00,0.00,1000.00,GBP
TF_ARU003_RES_06_EU,C_ARU003_RES_06,UK003,2026,EU,4786.00,0.00,0.00,GBP
TF_ARU003_RES_06_INTL,C_ARU003_RES_06,UK003,2026,INTL,16100.00,0.00,1000.00,GBP
TF_ARU003_RES_07_EU,C_ARU003_RES_07,UK003,2026,EU,4786.00,0.00,0.00,GBP
TF_ARU003_RES_07_INTL,C_ARU003_RES_07,UK003,2026,INTL,16100.00,0.00,1000.00,GBP
TF_ARU003_RES_08_EU,C_ARU003_RES_08,UK003,2026,EU,4786.00,0.00,0.00,GBP
TF_ARU003_RES_08_INTL,C_ARU003_RES_08,UK003,2026,INTL,16100.00,0.00,1000.00,GBP
TF_AUB005_RES_01_EU,C_AUB005_RES_01,UK005,2026,EU,17500.00,0.00,0.00,GBP
TF_AUB005_RES_01_INTL,C_AUB005_RES_01,UK005,2026,INTL,17500.00,0.00,1000.00,GBP
TF_AST007_RES_01_EU,C_AST007_RES_01,UK007,2026,EU,4786.00,0.00,0.00,GBP
TF_AST007_RES_01_INTL,C_AST007_RES_01,UK007,2026,INTL,17100.00,0.00,2000.00,GBP
TF_AST007_RES_02_EU,C_AST007_RES_02,UK007,2026,EU,4786.00,0.00,0.00,GBP
TF_AST007_RES_02_INTL,C_AST007_RES_02,UK007,2026,INTL,22150.00,0.00,2000.00,GBP
TF_AST007_RES_03_EU,C_AST007_RES_03,UK007,2026,EU,4786.00,0.00,0.00,GBP
TF_AST007_RES_03_INTL,C_AST007_RES_03,UK007,2026,INTL,22150.00,0.00,2000.00,GBP
TF_AST007_RES_04_EU,C_AST007_RES_04,UK007,2026,EU,4786.00,0.00,0.00,GBP
TF_AST007_RES_04_INTL,C_AST007_RES_04,UK007,2026,INTL,17100.00,0.00,2000.00,GBP
TF_BAN008_RES_01_EU,C_BAN008_RES_01,UK008,2026,EU,4786.00,0.00,0.00,GBP
TF_BAN008_RES_01_INTL,C_BAN008_RES_01,UK008,2026,INTL,18500.00,0.00,2000.00,GBP
TF_BAN008_RES_02_EU,C_BAN008_RES_02,UK008,2026,EU,4786.00,0.00,0.00,GBP
TF_BAN008_RES_02_INTL,C_BAN008_RES_02,UK008,2026,INTL,23500.00,0.00,2000.00,GBP
TF_BAN008_RES_03_EU,C_BAN008_RES_03,UK008,2026,EU,4786.00,0.00,0.00,GBP
TF_BAN008_RES_03_INTL,C_BAN008_RES_03,UK008,2026,INTL,17500.00,0.00,2000.00,GBP
TF_BAN008_RES_04_EU,C_BAN008_RES_04,UK008,2026,EU,4786.00,0.00,0.00,GBP
TF_BAN008_RES_04_INTL,C_BAN008_RES_04,UK008,2026,INTL,17500.00,0.00,2000.00,GBP
TF_BAN008_RES_05_EU,C_BAN008_RES_05,UK008,2026,EU,4786.00,0.00,0.00,GBP
TF_BAN008_RES_05_INTL,C_BAN008_RES_05,UK008,2026,INTL,18500.00,0.00,2000.00,GBP
TF_BAN008_RES_06_EU,C_BAN008_RES_06,UK008,2026,EU,4786.00,0.00,0.00,GBP
TF_BAN008_RES_06_INTL,C_BAN008_RES_06,UK008,2026,INTL,17500.00,0.00,2000.00,GBP
TF_BAN008_RES_07_EU,C_BAN008_RES_07,UK008,2026,EU,4786.00,0.00,0.00,GBP
TF_BAN008_RES_07_INTL,C_BAN008_RES_07,UK008,2026,INTL,23500.00,0.00,2000.00,GBP
TF_BAN008_RES_08_EU,C_BAN008_RES_08,UK008,2026,EU,4786.00,0.00,0.00,GBP
TF_BAN008_RES_08_INTL,C_BAN008_RES_08,UK008,2026,INTL,17500.00,0.00,2000.00,GBP
TF_BAN008_RES_09_EU,C_BAN008_RES_09,UK008,2026,EU,4786.00,0.00,0.00,GBP
TF_BAN008_RES_09_INTL,C_BAN008_RES_09,UK008,2026,INTL,17500.00,0.00,2000.00,GBP
"TF_BAS009_R01_EU","C_BAS009_RES_01","UK009","2026","EU","5238.00","0.00","0.00","GBP"
"TF_BAS009_R01_INTL","C_BAS009_RES_01","UK009","2026","INTL","17485.00","0.00","1000.00","GBP"
"TF_BAS009_R02_EU","C_BAS009_RES_02","UK009","2026","EU","5238.00","0.00","0.00","GBP"
"TF_BAS009_R02_INTL","C_BAS009_RES_02","UK009","2026","INTL","17485.00","0.00","1000.00","GBP"
"TF_BAS009_R03_EU","C_BAS009_RES_03","UK009","2026","EU","5238.00","0.00","0.00","GBP"
"TF_BAS009_R03_INTL","C_BAS009_RES_03","UK009","2026","INTL","17485.00","0.00","1000.00","GBP"
"TF_BAS009_R04_EU","C_BAS009_RES_04","UK009","2026","EU","5238.00","0.00","0.00","GBP"
"TF_BAS009_R04_INTL","C_BAS009_RES_04","UK009","2026","INTL","17485.00","0.00","1000.00","GBP"
"TF_BAS009_R05_EU","C_BAS009_RES_05","UK009","2026","EU","5238.00","0.00","0.00","GBP"
"TF_BAS009_R05_INTL","C_BAS009_RES_05","UK009","2026","INTL","17485.00","0.00","1000.00","GBP"
"TF_BAS009_R06_EU","C_BAS009_RES_06","UK009","2026","EU","5238.00","0.00","0.00","GBP"
"TF_BAS009_R06_INTL","C_BAS009_RES_06","UK009","2026","INTL","17485.00","0.00","1000.00","GBP"
"TF_BAS009_R07_EU","C_BAS009_RES_07","UK009","2026","EU","5238.00","0.00","0.00","GBP"
"TF_BAS009_R07_INTL","C_BAS009_RES_07","UK009","2026","INTL","17485.00","0.00","1000.00","GBP"
"TF_BBK011_R01_EU","C_BBK011_RES_01","UK011","2026","EU","11130.00","0.00","0.00","GBP"
"TF_BBK011_R01_INTL","C_BBK011_RES_01","UK011","2026","INTL","17550.00","0.00","500.00","GBP"
"TF_BBK011_R02_EU","C_BBK011_RES_02","UK011","2026","EU","11130.00","0.00","0.00","GBP"
"TF_BBK011_R02_INTL","C_BBK011_RES_02","UK011","2026","INTL","17550.00","0.00","500.00","GBP"
"TF_BBK011_R03_EU","C_BBK011_RES_03","UK011","2026","EU","11130.00","0.00","0.00","GBP"
"TF_BBK011_R03_INTL","C_BBK011_RES_03","UK011","2026","INTL","17550.00","0.00","500.00","GBP"
"TF_BBK011_R04_EU","C_BBK011_RES_04","UK011","2026","EU","4785.00","0.00","0.00","GBP"
"TF_BBK011_R04_INTL","C_BBK011_RES_04","UK011","2026","INTL","16500.00","0.00","500.00","GBP"
"TF_BBK011_R05_EU","C_BBK011_RES_05","UK011","2026","EU","4785.00","0.00","0.00","GBP"
"TF_BBK011_R05_INTL","C_BBK011_RES_05","UK011","2026","INTL","16500.00","0.00","500.00","GBP"
"TF_BBK011_R06_EU","C_BBK011_RES_06","UK011","2026","EU","11130.00","0.00","0.00","GBP"
"TF_BBK011_R06_INTL","C_BBK011_RES_06","UK011","2026","INTL","17550.00","0.00","500.00","GBP"
"TF_BBK011_R07_EU","C_BBK011_RES_07","UK011","2026","EU","11130.00","0.00","0.00","GBP"
"TF_BBK011_R07_INTL","C_BBK011_RES_07","UK011","2026","INTL","17550.00","0.00","500.00","GBP"
"TF_BCU012_R01_EU","C_BCU012_RES_01","UK012","2026","EU","6400.00","0.00","0.00","GBP"
"TF_BCU012_R01_INTL","C_BCU012_RES_01","UK012","2026","INTL","18970.00","0.00","3000.00","GBP"
"TF_BCU012_R02_EU","C_BCU012_RES_02","UK012","2026","EU","6400.00","0.00","0.00","GBP"
"TF_BCU012_R02_INTL","C_BCU012_RES_02","UK012","2026","INTL","18970.00","0.00","3000.00","GBP"
"TF_BCU012_R03_EU","C_BCU012_RES_03","UK012","2026","EU","6400.00","0.00","0.00","GBP"
"TF_BCU012_R03_INTL","C_BCU012_RES_03","UK012","2026","INTL","18970.00","0.00","3000.00","GBP"
"TF_BCU012_R04_EU","C_BCU012_RES_04","UK012","2026","EU","6400.00","0.00","0.00","GBP"
"TF_BCU012_R04_INTL","C_BCU012_RES_04","UK012","2026","INTL","18970.00","0.00","3000.00","GBP"
"TF_BCU012_R05_EU","C_BCU012_RES_05","UK012","2026","EU","6400.00","0.00","0.00","GBP"
"TF_BCU012_R05_INTL","C_BCU012_RES_05","UK012","2026","INTL","18970.00","0.00","3000.00","GBP"
"TF_BCU012_R06_EU","C_BCU012_RES_06","UK012","2026","EU","6400.00","0.00","0.00","GBP"
"TF_BCU012_R06_INTL","C_BCU012_RES_06","UK012","2026","INTL","18970.00","0.00","3000.00","GBP"
"TF_BCU012_R07_EU","C_BCU012_RES_07","UK012","2026","EU","6400.00","0.00","0.00","GBP"
"TF_BCU012_R07_INTL","C_BCU012_RES_07","UK012","2026","INTL","18970.00","0.00","3000.00","GBP"
"TF_BOU014_R01_EU","C_BOU014_RES_01","UK014","2026","EU","5250.00","0.00","0.00","GBP"
"TF_BOU014_R01_INTL","C_BOU014_RES_01","UK014","2026","INTL","26250.00","0.00","5000.00","GBP"
"TF_BOU014_R02_EU","C_BOU014_RES_02","UK014","2026","EU","5250.00","0.00","0.00","GBP"
"TF_BOU014_R02_INTL","C_BOU014_RES_02","UK014","2026","INTL","26250.00","0.00","5000.00","GBP"
"TF_BOU014_R03_EU","C_BOU014_RES_03","UK014","2026","EU","5250.00","0.00","0.00","GBP"
"TF_BOU014_R03_INTL","C_BOU014_RES_03","UK014","2026","INTL","26250.00","0.00","5000.00","GBP"
"TF_BOU014_R04_EU","C_BOU014_RES_04","UK014","2026","EU","5250.00","0.00","0.00","GBP"
"TF_BOU014_R04_INTL","C_BOU014_RES_04","UK014","2026","INTL","21000.00","0.00","5000.00","GBP"
"TF_BOU014_R05_EU","C_BOU014_RES_05","UK014","2026","EU","5250.00","0.00","0.00","GBP"
"TF_BOU014_R05_INTL","C_BOU014_RES_05","UK014","2026","INTL","21000.00","0.00","5000.00","GBP"
"TF_BOU014_R06_EU","C_BOU014_RES_06","UK014","2026","EU","5250.00","0.00","0.00","GBP"
"TF_BOU014_R06_INTL","C_BOU014_RES_06","UK014","2026","INTL","21000.00","0.00","5000.00","GBP"
"TF_BRU015_R01_EU","C_BRU015_RES_01","UK015","2026","EU","10500.00","0.00","0.00","GBP"
"TF_BRU015_R01_INTL","C_BRU015_RES_01","UK015","2026","INTL","19500.00","0.00","3000.00","GBP"
"TF_BRU015_R02_EU","C_BRU015_RES_02","UK015","2026","EU","10500.00","0.00","0.00","GBP"
"TF_BRU015_R02_INTL","C_BRU015_RES_02","UK015","2026","INTL","19500.00","0.00","3000.00","GBP"
"TF_BRU015_R03_EU","C_BRU015_RES_03","UK015","2026","EU","4785.00","0.00","0.00","GBP"
"TF_BRU015_R03_INTL","C_BRU015_RES_03","UK015","2026","INTL","21500.00","0.00","3000.00","GBP"
"TF_BRU015_R04_EU","C_BRU015_RES_04","UK015","2026","EU","4785.00","0.00","0.00","GBP"
"TF_BRU015_R04_INTL","C_BRU015_RES_04","UK015","2026","INTL","21500.00","0.00","3000.00","GBP"
"TF_BRU015_R05_EU","C_BRU015_RES_05","UK015","2026","EU","10500.00","0.00","0.00","GBP"
"TF_BRU015_R05_INTL","C_BRU015_RES_05","UK015","2026","INTL","21500.00","0.00","3000.00","GBP"
"TF_BRU015_R06_EU","C_BRU015_RES_06","UK015","2026","EU","10500.00","0.00","0.00","GBP"
"TF_BRU015_R06_INTL","C_BRU015_RES_06","UK015","2026","INTL","20500.00","0.00","3000.00","GBP"
"TF_BNU016_R01_EU","C_BNU016_RES_01","UK016","2026","EU","5250.00","0.00","0.00","GBP"
"TF_BNU016_R01_INTL","C_BNU016_RES_01","UK016","2026","INTL","16500.00","0.00","5000.00","GBP"
"TF_BNU016_R02_EU","C_BNU016_RES_02","UK016","2026","EU","5250.00","0.00","0.00","GBP"
"TF_BNU016_R02_INTL","C_BNU016_RES_02","UK016","2026","INTL","16500.00","0.00","5000.00","GBP"
"TF_BNU016_R03_EU","C_BNU016_RES_03","UK016","2026","EU","5250.00","0.00","0.00","GBP"
"TF_BNU016_R03_INTL","C_BNU016_RES_03","UK016","2026","INTL","16500.00","0.00","5000.00","GBP"
"TF_BNU016_R04_EU","C_BNU016_RES_04","UK016","2026","EU","5250.00","0.00","0.00","GBP"
"TF_BNU016_R04_INTL","C_BNU016_RES_04","UK016","2026","INTL","16500.00","0.00","5000.00","GBP"
"TF_CCC017_R01_EU","C_CCC017_RES_01","UK017","2026","EU","5100.00","0.00","0.00","GBP"
"TF_CCC017_R01_INTL","C_CCC017_RES_01","UK017","2026","INTL","16500.00","0.00","5000.00","GBP"
"TF_CCC017_R02_EU","C_CCC017_RES_02","UK017","2026","EU","5100.00","0.00","0.00","GBP"
"TF_CCC017_R02_INTL","C_CCC017_RES_02","UK017","2026","INTL","16500.00","0.00","5000.00","GBP"
"TF_CCC017_R03_EU","C_CCC017_RES_03","UK017","2026","EU","5100.00","0.00","0.00","GBP"
"TF_CCC017_R03_INTL","C_CCC017_RES_03","UK017","2026","INTL","16500.00","0.00","5000.00","GBP"
"TF_CCC017_R04_EU","C_CCC017_RES_04","UK017","2026","EU","5100.00","0.00","0.00","GBP"
"TF_CCC017_R04_INTL","C_CCC017_RES_04","UK017","2026","INTL","16500.00","0.00","5000.00","GBP"
"TF_CCC017_R05_EU","C_CCC017_RES_05","UK017","2026","EU","5100.00","0.00","0.00","GBP"
"TF_CCC017_R05_INTL","C_CCC017_RES_05","UK017","2026","INTL","16500.00","0.00","5000.00","GBP"
"TF_CCC017_R06_EU","C_CCC017_RES_06","UK017","2026","EU","5100.00","0.00","0.00","GBP"
"TF_CCC017_R06_INTL","C_CCC017_RES_06","UK017","2026","INTL","16500.00","0.00","5000.00","GBP"
"TF_CCC017_R07_EU","C_CCC017_RES_07","UK017","2026","EU","5100.00","0.00","0.00","GBP"
"TF_CCC017_R07_INTL","C_CCC017_RES_07","UK017","2026","INTL","16500.00","0.00","5000.00","GBP"
"TF_CMU018_R01_EU","C_CMU018_RES_01","UK018","2026","EU","5250.00","0.00","0.00","GBP"
"TF_CMU018_R01_INTL","C_CMU018_RES_01","UK018","2026","INTL","18500.00","0.00","3000.00","GBP"
"TF_CMU018_R02_EU","C_CMU018_RES_02","UK018","2026","EU","5250.00","0.00","0.00","GBP"
"TF_CMU018_R02_INTL","C_CMU018_RES_02","UK018","2026","INTL","18500.00","0.00","3000.00","GBP"
"TF_CMU018_R03_EU","C_CMU018_RES_03","UK018","2026","EU","5250.00","0.00","0.00","GBP"
"TF_CMU018_R03_INTL","C_CMU018_RES_03","UK018","2026","INTL","17000.00","0.00","3000.00","GBP"
"TF_CMU018_R04_EU","C_CMU018_RES_04","UK018","2026","EU","5250.00","0.00","0.00","GBP"
"TF_CMU018_R04_INTL","C_CMU018_RES_04","UK018","2026","INTL","17000.00","0.00","3000.00","GBP"
"TF_CMU018_R05_EU","C_CMU018_RES_05","UK018","2026","EU","5250.00","0.00","0.00","GBP"
"TF_CMU018_R05_INTL","C_CMU018_RES_05","UK018","2026","INTL","18500.00","0.00","3000.00","GBP"
"TF_CMU018_R06_EU","C_CMU018_RES_06","UK018","2026","EU","5250.00","0.00","0.00","GBP"
"TF_CMU018_R06_INTL","C_CMU018_RES_06","UK018","2026","INTL","17000.00","0.00","3000.00","GBP"
"TF_CAR019_R01_EU","C_CAR019_RES_01","UK019","2026","EU","11450.00","0.00","0.00","GBP"
"TF_CAR019_R01_INTL","C_CAR019_RES_01","UK019","2026","INTL","25950.00","0.00","2500.00","GBP"
"TF_CAR019_R02_EU","C_CAR019_RES_02","UK019","2026","EU","11950.00","0.00","0.00","GBP"
"TF_CAR019_R02_INTL","C_CAR019_RES_02","UK019","2026","INTL","27700.00","0.00","0.00","GBP"
"TF_CAR019_R03_EU","C_CAR019_RES_03","UK019","2026","EU","5006.00","0.00","0.00","GBP"
"TF_CAR019_R03_INTL","C_CAR019_RES_03","UK019","2026","INTL","26700.00","0.00","0.00","GBP"
"TF_CAR019_R04_EU","C_CAR019_RES_04","UK019","2026","EU","5006.00","0.00","0.00","GBP"
"TF_CAR019_R04_INTL","C_CAR019_RES_04","UK019","2026","INTL","26700.00","0.00","0.00","GBP"
"TF_CAR019_R05_EU","C_CAR019_RES_05","UK019","2026","EU","5006.00","0.00","0.00","GBP"
"TF_CAR019_R05_INTL","C_CAR019_RES_05","UK019","2026","INTL","21200.00","0.00","0.00","GBP"
"TF_CAR019_R06_EU","C_CAR019_RES_06","UK019","2026","EU","5006.00","0.00","0.00","GBP"
"TF_CAR019_R06_INTL","C_CAR019_RES_06","UK019","2026","INTL","26700.00","0.00","0.00","GBP"
"TF_CAR019_R07_EU","C_CAR019_RES_07","UK019","2026","EU","5006.00","0.00","0.00","GBP"
"TF_CAR019_R07_INTL","C_CAR019_RES_07","UK019","2026","INTL","26700.00","0.00","0.00","GBP"
"TF_CAR019_R08_EU","C_CAR019_RES_08","UK019","2026","EU","5006.00","0.00","0.00","GBP"
"TF_CAR019_R08_INTL","C_CAR019_RES_08","UK019","2026","INTL","26700.00","0.00","0.00","GBP"
"TF_CAR019_R09_EU","C_CAR019_RES_09","UK019","2026","EU","5006.00","0.00","0.00","GBP"
"TF_CAR019_R09_INTL","C_CAR019_RES_09","UK019","2026","INTL","21200.00","0.00","0.00","GBP"
"TF_CAR019_R10_EU","C_CAR019_RES_10","UK019","2026","EU","5006.00","0.00","0.00","GBP"
"TF_CAR019_R10_INTL","C_CAR019_RES_10","UK019","2026","INTL","21200.00","0.00","0.00","GBP"
"TF_CAR019_R11_EU","C_CAR019_RES_11","UK019","2026","EU","5006.00","0.00","0.00","GBP"
"TF_CAR019_R11_INTL","C_CAR019_RES_11","UK019","2026","INTL","21200.00","0.00","0.00","GBP"
"TF_CAR019_R12_EU","C_CAR019_RES_12","UK019","2026","EU","5006.00","0.00","0.00","GBP"
"TF_CAR019_R12_INTL","C_CAR019_RES_12","UK019","2026","INTL","21200.00","0.00","0.00","GBP"
"TF_CAR019_R13_EU","C_CAR019_RES_13","UK019","2026","EU","5006.00","0.00","0.00","GBP"
"TF_CAR019_R13_INTL","C_CAR019_RES_13","UK019","2026","INTL","26700.00","0.00","0.00","GBP"
"TF_CAR019_R14_EU","C_CAR019_RES_14","UK019","2026","EU","5006.00","0.00","0.00","GBP"
"TF_CAR019_R14_INTL","C_CAR019_RES_14","UK019","2026","INTL","38200.00","0.00","0.00","GBP"
"TF_CAR019_R15_EU","C_CAR019_RES_15","UK019","2026","EU","5006.00","0.00","0.00","GBP"
"TF_CAR019_R15_INTL","C_CAR019_RES_15","UK019","2026","INTL","21200.00","0.00","0.00","GBP"
"TF_CAR019_R16_EU","C_CAR019_RES_16","UK019","2026","EU","5006.00","0.00","0.00","GBP"
"TF_CAR019_R16_INTL","C_CAR019_RES_16","UK019","2026","INTL","26700.00","0.00","0.00","GBP"
"TF_CAR019_R17_EU","C_CAR019_RES_17","UK019","2026","EU","5006.00","0.00","0.00","GBP"
"TF_CAR019_R17_INTL","C_CAR019_RES_17","UK019","2026","INTL","26700.00","0.00","0.00","GBP"
"TF_CAR019_R18_EU","C_CAR019_RES_18","UK019","2026","EU","5006.00","0.00","0.00","GBP"
"TF_CAR019_R18_INTL","C_CAR019_RES_18","UK019","2026","INTL","21200.00","0.00","0.00","GBP"
"TF_CSG020_R01_EU","C_CSG020_RES_01","UK020","2026","EU","11500.00","0.00","0.00","GBP"
"TF_CSG020_R01_INTL","C_CSG020_RES_01","UK020","2026","INTL","28500.00","0.00","2000.00","GBP"
"TF_CSG020_R02_EU","C_CSG020_RES_02","UK020","2026","EU","11500.00","0.00","0.00","GBP"
"TF_CSG020_R02_INTL","C_CSG020_RES_02","UK020","2026","INTL","28500.00","0.00","2000.00","GBP"
"TF_CSG020_R03_EU","C_CSG020_RES_03","UK020","2026","EU","10500.00","0.00","0.00","GBP"
"TF_CSG020_R03_INTL","C_CSG020_RES_03","UK020","2026","INTL","22500.00","0.00","2000.00","GBP"
"TF_CSG020_R04_EU","C_CSG020_RES_04","UK020","2026","EU","16500.00","0.00","0.00","GBP"
"TF_CSG020_R04_INTL","C_CSG020_RES_04","UK020","2026","INTL","26500.00","0.00","3000.00","GBP"
"TF_CSG020_R05_EU","C_CSG020_RES_05","UK020","2026","EU","16500.00","0.00","0.00","GBP"
"TF_CSG020_R05_INTL","C_CSG020_RES_05","UK020","2026","INTL","26500.00","0.00","3000.00","GBP"
"TF_CSG020_R06_EU","C_CSG020_RES_06","UK020","2026","EU","10500.00","0.00","0.00","GBP"
"TF_CSG020_R06_INTL","C_CSG020_RES_06","UK020","2026","INTL","21500.00","0.00","2000.00","GBP"
"TF_CSG020_R07_EU","C_CSG020_RES_07","UK020","2026","EU","10500.00","0.00","0.00","GBP"
"TF_CSG020_R07_INTL","C_CSG020_RES_07","UK020","2026","INTL","21500.00","0.00","2000.00","GBP"
"TF_CSG020_R08_EU","C_CSG020_RES_08","UK020","2026","EU","10500.00","0.00","0.00","GBP"
"TF_CSG020_R08_INTL","C_CSG020_RES_08","UK020","2026","INTL","21500.00","0.00","2000.00","GBP"
"TF_CSG020_R09_EU","C_CSG020_RES_09","UK020","2026","EU","5000.00","0.00","0.00","GBP"
"TF_CSG020_R09_INTL","C_CSG020_RES_09","UK020","2026","INTL","21000.00","0.00","0.00","GBP"
"TF_CSG020_R10_EU","C_CSG020_RES_10","UK020","2026","EU","5000.00","0.00","0.00","GBP"
"TF_CSG020_R10_INTL","C_CSG020_RES_10","UK020","2026","INTL","24500.00","0.00","0.00","GBP"
"TF_CSG020_R11_EU","C_CSG020_RES_11","UK020","2026","EU","5000.00","0.00","0.00","GBP"
"TF_CSG020_R11_INTL","C_CSG020_RES_11","UK020","2026","INTL","21000.00","0.00","0.00","GBP"
"TF_CSG020_R12_EU","C_CSG020_RES_12","UK020","2026","EU","5000.00","0.00","0.00","GBP"
"TF_CSG020_R12_INTL","C_CSG020_RES_12","UK020","2026","INTL","21000.00","0.00","0.00","GBP"
"TF_CSG020_R13_EU","C_CSG020_RES_13","UK020","2026","EU","16500.00","0.00","0.00","GBP"
"TF_CSG020_R13_INTL","C_CSG020_RES_13","UK020","2026","INTL","26500.00","0.00","3000.00","GBP"
"TF_COV021_R01_EU","C_COV021_RES_01","UK021","2026","EU","5006.00","0.00","0.00","GBP"
"TF_COV021_R01_INTL","C_COV021_RES_01","UK021","2026","INTL","18250.00","0.00","4000.00","GBP"
"TF_COV021_R02_EU","C_COV021_RES_02","UK021","2026","EU","5006.00","0.00","0.00","GBP"
"TF_COV021_R02_INTL","C_COV021_RES_02","UK021","2026","INTL","18250.00","0.00","4000.00","GBP"
"TF_COV021_R03_EU","C_COV021_RES_03","UK021","2026","EU","5006.00","0.00","0.00","GBP"
"TF_COV021_R03_INTL","C_COV021_RES_03","UK021","2026","INTL","21500.00","0.00","4000.00","GBP"
"TF_COV021_R04_EU","C_COV021_RES_04","UK021","2026","EU","5006.00","0.00","0.00","GBP"
"TF_COV021_R04_INTL","C_COV021_RES_04","UK021","2026","INTL","21500.00","0.00","4000.00","GBP"
"TF_COV021_R05_EU","C_COV021_RES_05","UK021","2026","EU","5006.00","0.00","0.00","GBP"
"TF_COV021_R05_INTL","C_COV021_RES_05","UK021","2026","INTL","21500.00","0.00","4000.00","GBP"
"TF_COV021_R06_EU","C_COV021_RES_06","UK021","2026","EU","5006.00","0.00","0.00","GBP"
"TF_COV021_R06_INTL","C_COV021_RES_06","UK021","2026","INTL","21500.00","0.00","4000.00","GBP"
"TF_COV021_R07_EU","C_COV021_RES_07","UK021","2026","EU","5006.00","0.00","0.00","GBP"
"TF_COV021_R07_INTL","C_COV021_RES_07","UK021","2026","INTL","18250.00","0.00","4000.00","GBP"
"TF_COV021_R08_EU","C_COV021_RES_08","UK021","2026","EU","5006.00","0.00","0.00","GBP"
"TF_COV021_R08_INTL","C_COV021_RES_08","UK021","2026","INTL","18250.00","0.00","4000.00","GBP"
"TF_CRA022_R01_EU","C_CRA022_RES_01","UK022","2026","EU","11500.00","0.00","0.00","GBP"
"TF_CRA022_R01_INTL","C_CRA022_RES_01","UK022","2026","INTL","26500.00","0.00","1000.00","GBP"
"TF_CRA022_R02_EU","C_CRA022_RES_02","UK022","2026","EU","11500.00","0.00","0.00","GBP"
"TF_CRA022_R02_INTL","C_CRA022_RES_02","UK022","2026","INTL","26500.00","0.00","1000.00","GBP"
"TF_CRA022_R03_EU","C_CRA022_RES_03","UK022","2026","EU","11500.00","0.00","0.00","GBP"
"TF_CRA022_R03_INTL","C_CRA022_RES_03","UK022","2026","INTL","18500.00","0.00","1000.00","GBP"
"TF_CRA022_R04_EU","C_CRA022_RES_04","UK022","2026","EU","11500.00","0.00","0.00","GBP"
"TF_CRA022_R04_INTL","C_CRA022_RES_04","UK022","2026","INTL","26500.00","0.00","1000.00","GBP"
"TF_CRA022_R05_EU","C_CRA022_RES_05","UK022","2026","EU","11500.00","0.00","0.00","GBP"
"TF_CRA022_R05_INTL","C_CRA022_RES_05","UK022","2026","INTL","26500.00","0.00","1000.00","GBP"
"TF_CRA022_R06_EU","C_CRA022_RES_06","UK022","2026","EU","11500.00","0.00","0.00","GBP"
"TF_CRA022_R06_INTL","C_CRA022_RES_06","UK022","2026","INTL","26500.00","0.00","1000.00","GBP"
"TF_CRA022_R07_EU","C_CRA022_RES_07","UK022","2026","EU","11500.00","0.00","0.00","GBP"
"TF_CRA022_R07_INTL","C_CRA022_RES_07","UK022","2026","INTL","26500.00","0.00","1000.00","GBP"
"TF_CRA022_R08_EU","C_CRA022_RES_08","UK022","2026","EU","11500.00","0.00","0.00","GBP"
"TF_CRA022_R08_INTL","C_CRA022_RES_08","UK022","2026","INTL","26500.00","0.00","1000.00","GBP"
"TF_CRA022_R09_EU","C_CRA022_RES_09","UK022","2026","EU","11500.00","0.00","0.00","GBP"
"TF_CRA022_R09_INTL","C_CRA022_RES_09","UK022","2026","INTL","18500.00","0.00","1000.00","GBP"
"TF_DMU023_R01_EU","C_DMU023_RES_01","UK023","2026","EU","4850.00","0.00","0.00","GBP"
"TF_DMU023_R01_INTL","C_DMU023_RES_01","UK023","2026","INTL","18500.00","0.00","4000.00","GBP"
"TF_DMU023_R02_EU","C_DMU023_RES_02","UK023","2026","EU","4850.00","0.00","0.00","GBP"
"TF_DMU023_R02_INTL","C_DMU023_RES_02","UK023","2026","INTL","18500.00","0.00","4000.00","GBP"
"TF_DMU023_R03_EU","C_DMU023_RES_03","UK023","2026","EU","4850.00","0.00","0.00","GBP"
"TF_DMU023_R03_INTL","C_DMU023_RES_03","UK023","2026","INTL","18500.00","0.00","4000.00","GBP"
"TF_DMU023_R04_EU","C_DMU023_RES_04","UK023","2026","EU","4850.00","0.00","0.00","GBP"
"TF_DMU023_R04_INTL","C_DMU023_RES_04","UK023","2026","INTL","18500.00","0.00","4000.00","GBP"
"TF_DMU023_R05_EU","C_DMU023_RES_05","UK023","2026","EU","4850.00","0.00","0.00","GBP"
"TF_DMU023_R05_INTL","C_DMU023_RES_05","UK023","2026","INTL","17000.00","0.00","4000.00","GBP"
"TF_DMU023_R06_EU","C_DMU023_RES_06","UK023","2026","EU","4850.00","0.00","0.00","GBP"
"TF_DMU023_R06_INTL","C_DMU023_RES_06","UK023","2026","INTL","17000.00","0.00","4000.00","GBP"
"TF_EHU024_R01_EU","C_EHU024_RES_01","UK024","2026","EU","4785.00","0.00","0.00","GBP"
"TF_EHU024_R01_INTL","C_EHU024_RES_01","UK024","2026","INTL","17500.00","0.00","3000.00","GBP"
"TF_EHU024_R02_EU","C_EHU024_RES_02","UK024","2026","EU","4785.00","0.00","0.00","GBP"
"TF_EHU024_R02_INTL","C_EHU024_RES_02","UK024","2026","INTL","17000.00","0.00","3000.00","GBP"
"TF_EHU024_R03_EU","C_EHU024_RES_03","UK024","2026","EU","4785.00","0.00","0.00","GBP"
"TF_EHU024_R03_INTL","C_EHU024_RES_03","UK024","2026","INTL","17000.00","0.00","3000.00","GBP"
"TF_EHU024_R04_EU","C_EHU024_RES_04","UK024","2026","EU","4785.00","0.00","0.00","GBP"
"TF_EHU024_R04_INTL","C_EHU024_RES_04","UK024","2026","INTL","17000.00","0.00","3000.00","GBP"
"TF_EHU024_R05_EU","C_EHU024_RES_05","UK024","2026","EU","4785.00","0.00","0.00","GBP"
"TF_EHU024_R05_INTL","C_EHU024_RES_05","UK024","2026","INTL","17000.00","0.00","3000.00","GBP"
"TF_EHU024_R06_EU","C_EHU024_RES_06","UK024","2026","EU","4785.00","0.00","0.00","GBP"
"TF_EHU024_R06_INTL","C_EHU024_RES_06","UK024","2026","INTL","17500.00","0.00","3000.00","GBP"
"TF_EHU024_R07_EU","C_EHU024_RES_07","UK024","2026","EU","4785.00","0.00","0.00","GBP"
"TF_EHU024_R07_INTL","C_EHU024_RES_07","UK024","2026","INTL","17000.00","0.00","3000.00","GBP"
"TF_EHU024_R08_EU","C_EHU024_RES_08","UK024","2026","EU","4785.00","0.00","0.00","GBP"
"TF_EHU024_R08_INTL","C_EHU024_RES_08","UK024","2026","INTL","17000.00","0.00","3000.00","GBP"
"TF_EHU024_R09_EU","C_EHU024_RES_09","UK024","2026","EU","4785.00","0.00","0.00","GBP"
"TF_EHU024_R09_INTL","C_EHU024_RES_09","UK024","2026","INTL","17000.00","0.00","3000.00","GBP"
"TF_EHU024_R10_EU","C_EHU024_RES_10","UK024","2026","EU","4785.00","0.00","0.00","GBP"
"TF_EHU024_R10_INTL","C_EHU024_RES_10","UK024","2026","INTL","17000.00","0.00","3000.00","GBP"
"TF_ENU025_R01_EU","C_ENU025_RES_01","UK025","2026","EU","5800.00","0.00","0.00","GBP"
"TF_ENU025_R01_INTL","C_ENU025_RES_01","UK025","2026","INTL","19800.00","0.00","3500.00","GBP"
"TF_ENU025_R02_EU","C_ENU025_RES_02","UK025","2026","EU","5800.00","0.00","0.00","GBP"
"TF_ENU025_R02_INTL","C_ENU025_RES_02","UK025","2026","INTL","19800.00","0.00","3500.00","GBP"
"TF_ENU025_R03_EU","C_ENU025_RES_03","UK025","2026","EU","5800.00","0.00","0.00","GBP"
"TF_ENU025_R03_INTL","C_ENU025_RES_03","UK025","2026","INTL","17500.00","0.00","3500.00","GBP"
"TF_ENU025_R04_EU","C_ENU025_RES_04","UK025","2026","EU","5800.00","0.00","0.00","GBP"
"TF_ENU025_R04_INTL","C_ENU025_RES_04","UK025","2026","INTL","17500.00","0.00","3500.00","GBP"
"TF_ENU025_R05_EU","C_ENU025_RES_05","UK025","2026","EU","5800.00","0.00","0.00","GBP"
"TF_ENU025_R05_INTL","C_ENU025_RES_05","UK026","2026","INTL","19800.00","0.00","3500.00","GBP"
"TF_ENU025_R06_EU","C_ENU025_RES_06","UK025","2026","EU","5800.00","0.00","0.00","GBP"
"TF_ENU025_R06_INTL","C_ENU025_RES_06","UK025","2026","INTL","17500.00","0.00","3500.00","GBP"
"TF_ENU025_R07_EU","C_ENU025_RES_07","UK025","2026","EU","5800.00","0.00","0.00","GBP"
"TF_ENU025_R07_INTL","C_ENU025_RES_07","UK025","2026","INTL","17500.00","0.00","3500.00","GBP"
"TF_FAL026_R01_EU","C_FAL026_RES_01","UK026","2026","EU","5250.00","0.00","0.00","GBP"
"TF_FAL026_R01_INTL","C_FAL026_RES_01","UK026","2026","INTL","21000.00","0.00","2500.00","GBP"
"TF_FAL026_R02_EU","C_FAL026_RES_02","UK026","2026","EU","5250.00","0.00","0.00","GBP"
"TF_FAL026_R02_INTL","C_FAL026_RES_02","UK026","2026","INTL","21000.00","0.00","2500.00","GBP"
"TF_FAL026_R03_EU","C_FAL026_RES_03","UK026","2026","EU","5250.00","0.00","0.00","GBP"
"TF_FAL026_R03_INTL","C_FAL026_RES_03","UK026","2026","INTL","21000.00","0.00","2500.00","GBP"
"TF_FAL026_R04_EU","C_FAL026_RES_04","UK026","2026","EU","5250.00","0.00","0.00","GBP"
"TF_FAL026_R04_INTL","C_FAL026_RES_04","UK026","2026","INTL","18500.00","0.00","2500.00","GBP"
"TF_FAL026_R05_EU","C_FAL026_RES_05","UK026","2026","EU","5250.00","0.00","0.00","GBP"
"TF_FAL026_R05_INTL","C_FAL026_RES_05","UK026","2026","INTL","18500.00","0.00","2500.00","GBP"
"TF_GCU027_R01_EU","C_GCU027_RES_01","UK027","2026","EU","5800.00","0.00","0.00","GBP"
"TF_GCU027_R01_INTL","C_GCU027_RES_01","UK027","2026","INTL","18500.00","0.00","3500.00","GBP"
"TF_GCU027_R02_EU","C_GCU027_RES_02","UK027","2026","EU","5800.00","0.00","0.00","GBP"
"TF_GCU027_R02_INTL","C_GCU027_RES_02","UK027","2026","INTL","16000.00","0.00","3500.00","GBP"
"TF_GCU027_R03_EU","C_GCU027_RES_03","UK027","2026","EU","5800.00","0.00","0.00","GBP"
"TF_GCU027_R03_INTL","C_GCU027_RES_03","UK027","2026","INTL","18500.00","0.00","3500.00","GBP"
"TF_GCU027_R04_EU","C_GCU027_RES_04","UK027","2026","EU","5800.00","0.00","0.00","GBP"
"TF_GCU027_R04_INTL","C_GCU027_RES_04","UK027","2026","INTL","18500.00","0.00","3500.00","GBP"
"TF_GCU027_R05_EU","C_GCU027_RES_05","UK027","2026","EU","5800.00","0.00","0.00","GBP"
"TF_GCU027_R05_INTL","C_GCU027_RES_05","UK027","2026","INTL","16000.00","0.00","3500.00","GBP"
"TF_GCU027_R06_EU","C_GCU027_RES_06","UK027","2026","EU","5800.00","0.00","0.00","GBP"
"TF_GCU027_R06_INTL","C_GCU027_RES_06","UK027","2026","INTL","18500.00","0.00","3500.00","GBP"
"TF_GOL028_R01_EU","C_GOL028_RES_01","UK028","2026","EU","9840.00","0.00","0.00","GBP"
"TF_GOL028_R01_INTL","C_GOL028_RES_01","UK028","2026","INTL","19150.00","0.00","3000.00","GBP"
"TF_GOL028_R02_EU","C_GOL028_RES_02","UK028","2026","EU","9840.00","0.00","0.00","GBP"
"TF_GOL028_R02_INTL","C_GOL028_RES_02","UK028","2026","INTL","19150.00","0.00","3000.00","GBP"
"TF_GOL028_R03_EU","C_GOL028_RES_03","UK028","2026","EU","9840.00","0.00","0.00","GBP"
"TF_GOL028_R03_INTL","C_GOL028_RES_03","UK028","2026","INTL","23520.00","0.00","3000.00","GBP"
"TF_GOL028_R04_EU","C_GOL028_RES_04","UK028","2026","EU","4785.00","0.00","0.00","GBP"
"TF_GOL028_R04_INTL","C_GOL028_RES_04","UK028","2026","INTL","23520.00","0.00","3000.00","GBP"
"TF_GOL028_R05_EU","C_GOL028_RES_05","UK028","2026","EU","4785.00","0.00","0.00","GBP"
"TF_GOL028_R05_INTL","C_GOL028_RES_05","UK028","2026","INTL","23520.00","0.00","3000.00","GBP"
"TF_GOL028_R06_EU","C_GOL028_RES_06","UK028","2026","EU","4785.00","0.00","0.00","GBP"
"TF_GOL028_R06_INTL","C_GOL028_RES_06","UK028","2026","INTL","19150.00","0.00","3000.00","GBP"
"TF_GOL028_R07_EU","C_GOL028_RES_07","UK028","2026","EU","4785.00","0.00","0.00","GBP"
"TF_GOL028_R07_INTL","C_GOL028_RES_07","UK028","2026","INTL","23520.00","0.00","3000.00","GBP"
"TF_GOL028_R08_EU","C_GOL028_RES_08","UK028","2026","EU","4785.00","0.00","0.00","GBP"
"TF_GOL028_R08_INTL","C_GOL028_RES_08","UK028","2026","INTL","19150.00","0.00","3000.00","GBP"
"TF_GOL028_R09_EU","C_GOL028_RES_09","UK028","2026","EU","9840.00","0.00","0.00","GBP"
"TF_GOL028_R09_INTL","C_GOL028_RES_09","UK028","2026","INTL","23520.00","0.00","3000.00","GBP"
"TF_GOL028_R10_EU","C_GOL028_RES_10","UK028","2026","EU","9840.00","0.00","0.00","GBP"
"TF_GOL028_R10_INTL","C_GOL028_RES_10","UK028","2026","INTL","19150.00","0.00","3000.00","GBP"
"TF_GOL028_R11_EU","C_GOL028_RES_11","UK028","2026","EU","9840.00","0.00","0.00","GBP"
"TF_GOL028_R11_INTL","C_GOL028_RES_11","UK028","2026","INTL","19150.00","0.00","3000.00","GBP"
"TF_GOL028_R12_EU","C_GOL028_RES_12","UK028","2026","EU","9840.00","0.00","0.00","GBP"
"TF_GOL028_R12_INTL","C_GOL028_RES_12","UK028","2026","INTL","19150.00","0.00","3000.00","GBP"
"TF_HAU029_R01_EU","C_HAU029_RES_01","UK029","2026","EU","5250.00","0.00","0.00","GBP"
"TF_HAU029_R01_INTL","C_HAU029_RES_01","UK029","2026","INTL","16500.00","0.00","3000.00","GBP"
"TF_HAU029_R02_EU","C_HAU029_RES_02","UK029","2026","EU","5250.00","0.00","0.00","GBP"
"TF_HAU029_R02_INTL","C_HAU029_RES_02","UK029","2026","INTL","16500.00","0.00","3000.00","GBP"
"TF_HAU029_R03_EU","C_HAU029_RES_03","UK029","2026","EU","5250.00","0.00","0.00","GBP"
"TF_HAU029_R03_INTL","C_HAU029_RES_03","UK029","2026","INTL","16500.00","0.00","3000.00","GBP"
"TF_HAU029_R04_EU","C_HAU029_RES_04","UK029","2026","EU","5250.00","0.00","0.00","GBP"
"TF_HAU029_R04_INTL","C_HAU029_RES_04","UK029","2026","INTL","16500.00","0.00","3000.00","GBP"
"TF_HAU029_R05_EU","C_HAU029_RES_05","UK029","2026","EU","5250.00","0.00","0.00","GBP"
"TF_HAU029_R05_INTL","C_HAU029_RES_05","UK029","2026","INTL","16500.00","0.00","3000.00","GBP"
"TF_HAU029_R06_EU","C_HAU029_RES_06","UK029","2026","EU","5250.00","0.00","0.00","GBP"
"TF_HAU029_R06_INTL","C_HAU029_RES_06","UK029","2026","INTL","16500.00","0.00","3000.00","GBP"
"TF_HAR030_R01_EU","C_HAR030_RES_01","UK030","2026","EU","6500.00","0.00","0.00","GBP"
"TF_HAR030_R01_INTL","C_HAR030_RES_01","UK030","2026","INTL","16500.00","0.00","1000.00","GBP"
"TF_HAR030_R02_EU","C_HAR030_RES_02","UK030","2026","EU","6500.00","0.00","0.00","GBP"
"TF_HAR030_R02_INTL","C_HAR030_RES_02","UK030","2026","INTL","16500.00","0.00","1000.00","GBP"
"TF_HAR030_R03_EU","C_HAR030_RES_03","UK030","2026","EU","6500.00","0.00","0.00","GBP"
"TF_HAR030_R03_INTL","C_HAR030_RES_03","UK030","2026","INTL","16500.00","0.00","1000.00","GBP"
"TF_HAR030_R04_EU","C_HAR030_RES_04","UK030","2026","EU","6500.00","0.00","0.00","GBP"
"TF_HAR030_R04_INTL","C_HAR030_RES_04","UK030","2026","INTL","16500.00","0.00","1000.00","GBP"
"TF_HWU032_R01_EU","C_HWU032_RES_01","UK032","2026","EU","5250.00","0.00","0.00","GBP"
"TF_HWU032_R01_INTL","C_HWU032_RES_01","UK032","2026","INTL","21500.00","0.00","4000.00","GBP"
"TF_HWU032_R02_EU","C_HWU032_RES_02","UK032","2026","EU","5250.00","0.00","0.00","GBP"
"TF_HWU032_R02_INTL","C_HWU032_RES_02","UK032","2026","INTL","21500.00","0.00","4000.00","GBP"
"TF_HWU032_R03_EU","C_HWU032_RES_03","UK032","2026","EU","5250.00","0.00","0.00","GBP"
"TF_HWU032_R03_INTL","C_HWU032_RES_03","UK032","2026","INTL","27500.00","0.00","4000.00","GBP"
"TF_HWU032_R04_EU","C_HWU032_RES_04","UK032","2026","EU","5250.00","0.00","0.00","GBP"
"TF_HWU032_R04_INTL","C_HWU032_RES_04","UK032","2026","INTL","27500.00","0.00","4000.00","GBP"
"TF_HWU032_R05_EU","C_HWU032_RES_05","UK032","2026","EU","5250.00","0.00","0.00","GBP"
"TF_HWU032_R05_INTL","C_HWU032_RES_05","UK032","2026","INTL","21500.00","0.00","4000.00","GBP"
"TF_HWU032_R06_EU","C_HWU032_RES_06","UK032","2026","EU","5250.00","0.00","0.00","GBP"
"TF_HWU032_R06_INTL","C_HWU032_RES_06","UK032","2026","INTL","21500.00","0.00","4000.00","GBP"
"TF_HWU032_R07_EU","C_HWU032_RES_07","UK032","2026","EU","5250.00","0.00","0.00","GBP"
"TF_HWU032_R07_INTL","C_HWU032_RES_07","UK032","2026","INTL","21500.00","0.00","4000.00","GBP"
TF_KEE033_R01_HOME,C_KEE033_RES_01,UK033,2026,HOME,12700.00,0.00,0.00,GBP
TF_KEE033_R01_INTL,C_KEE033_RES_01,UK033,2026,INTL,17700.00,5000.00,8000.00,GBP
TF_KEE033_R02_HOME,C_KEE033_RES_02,UK033,2026,HOME,4786.00,0.00,0.00,GBP
TF_KEE033_R02_INTL,C_KEE033_RES_02,UK033,2026,INTL,17900.00,5000.00,8000.00,GBP
TF_KEE033_R03_HOME,C_KEE033_RES_03,UK033,2026,HOME,11000.00,0.00,0.00,GBP
TF_KEE033_R03_INTL,C_KEE033_RES_03,UK033,2026,INTL,17900.00,5000.00,8000.00,GBP
TF_KEE033_R04_HOME,C_KEE033_RES_04,UK033,2026,HOME,4786.00,0.00,0.00,GBP
TF_KEE033_R04_INTL,C_KEE033_RES_04,UK033,2026,INTL,17900.00,5000.00,8000.00,GBP
TF_KEE033_R05_HOME,C_KEE033_RES_05,UK033,2026,HOME,4786.00,0.00,0.00,GBP
TF_KEE033_R05_INTL,C_KEE033_RES_05,UK033,2026,INTL,17900.00,5000.00,8000.00,GBP
TF_KEE033_R06_HOME,C_KEE033_RES_06,UK033,2026,HOME,11700.00,0.00,0.00,GBP
TF_KEE033_R06_INTL,C_KEE033_RES_06,UK033,2026,INTL,18200.00,5000.00,8000.00,GBP
TF_KEE033_R07_HOME,C_KEE033_RES_07,UK033,2026,HOME,4786.00,0.00,0.00,GBP
TF_KEE033_R07_INTL,C_KEE033_RES_07,UK033,2026,INTL,10400.00,5000.00,8000.00,GBP
TF_KEE033_R08_HOME,C_KEE033_RES_08,UK033,2026,HOME,4786.00,0.00,0.00,GBP
TF_KEE033_R08_INTL,C_KEE033_RES_08,UK033,2026,INTL,18200.00,5000.00,8000.00,GBP
TF_KCL034_R01_HOME,C_KCL034_RES_01,UK034,2026,HOME,24350.00,0.00,500.00,GBP
TF_KCL034_R01_INTL,C_KCL034_RES_01,UK034,2026,INTL,51100.00,0.00,2000.00,GBP
TF_KCL034_R02_HOME,C_KCL034_RES_02,UK034,2026,HOME,7500.00,0.00,0.00,GBP
TF_KCL034_R02_INTL,C_KCL034_RES_02,UK034,2026,INTL,32400.00,0.00,2000.00,GBP
TF_KCL034_R03_HOME,C_KCL034_RES_03,UK034,2026,HOME,14200.00,0.00,500.00,GBP
TF_KCL034_R03_INTL,C_KCL034_RES_03,UK034,2026,INTL,33200.00,0.00,2000.00,GBP
TF_KCL034_R04_HOME,C_KCL034_RES_04,UK034,2026,HOME,18150.00,0.00,500.00,GBP
TF_KCL034_R04_INTL,C_KCL034_RES_04,UK034,2026,INTL,38300.00,0.00,2000.00,GBP
TF_KCL034_R05_HOME,C_KCL034_RES_05,UK034,2026,HOME,18150.00,0.00,500.00,GBP
TF_KCL034_R05_INTL,C_KCL034_RES_05,UK034,2026,INTL,38300.00,0.00,2000.00,GBP
TF_KCL034_R06_HOME,C_KCL034_RES_06,UK034,2026,HOME,14450.00,0.00,500.00,GBP
TF_KCL034_R06_INTL,C_KCL034_RES_06,UK034,2026,INTL,40450.00,0.00,2000.00,GBP
TF_KCL034_R07_HOME,C_KCL034_RES_07,UK034,2026,HOME,18150.00,0.00,500.00,GBP
TF_KCL034_R07_INTL,C_KCL034_RES_07,UK034,2026,INTL,38300.00,0.00,2000.00,GBP
TF_KCL034_R08_HOME,C_KCL034_RES_08,UK034,2026,HOME,10200.00,0.00,0.00,GBP
TF_KCL034_R08_INTL,C_KCL034_RES_08,UK034,2026,INTL,25500.00,0.00,0.00,GBP
TF_KCL034_R09_HOME,C_KCL034_RES_09,UK034,2026,HOME,7100.00,0.00,0.00,GBP
TF_KCL034_R09_INTL,C_KCL034_RES_09,UK034,2026,INTL,29000.00,0.00,0.00,GBP
TF_KIN035_R01_HOME,C_KIN035_RES_01,UK035,2026,HOME,5238.00,0.00,0.00,GBP
TF_KIN035_R01_INTL,C_KIN035_RES_01,UK035,2026,INTL,18000.00,0.00,5000.00,GBP
TF_KIN035_R02_HOME,C_KIN035_RES_02,UK035,2026,HOME,5238.00,0.00,0.00,GBP
TF_KIN035_R02_INTL,C_KIN035_RES_02,UK035,2026,INTL,18000.00,0.00,5000.00,GBP
TF_KIN035_R03_HOME,C_KIN035_RES_03,UK035,2026,HOME,5238.00,0.00,0.00,GBP
TF_KIN035_R03_INTL,C_KIN035_RES_03,UK035,2026,INTL,18000.00,0.00,5000.00,GBP
TF_KIN035_R04_HOME,C_KIN035_RES_04,UK035,2026,HOME,5238.00,0.00,0.00,GBP
TF_KIN035_R04_INTL,C_KIN035_RES_04,UK035,2026,INTL,18000.00,0.00,5000.00,GBP
TF_KIN035_R05_HOME,C_KIN035_RES_05,UK035,2026,HOME,5238.00,0.00,0.00,GBP
TF_KIN035_R05_INTL,C_KIN035_RES_05,UK035,2026,INTL,18000.00,0.00,5000.00,GBP
TF_KIN035_R06_HOME,C_KIN035_RES_06,UK035,2026,HOME,5238.00,0.00,0.00,GBP
TF_KIN035_R06_INTL,C_KIN035_RES_06,UK035,2026,INTL,18000.00,0.00,5000.00,GBP
TF_KIN035_R07_HOME,C_KIN035_RES_07,UK035,2026,HOME,5238.00,0.00,0.00,GBP
TF_KIN035_R07_INTL,C_KIN035_RES_07,UK035,2026,INTL,18000.00,0.00,5000.00,GBP
TF_LAN036_R01_HOME,C_LAN036_RES_01,UK036,2026,HOME,16270.00,4500.00,0.00,GBP
TF_LAN036_R01_INTL,C_LAN036_RES_01,UK036,2026,INTL,30000.00,6000.00,0.00,GBP
TF_LAN036_R02_HOME,C_LAN036_RES_02,UK036,2026,HOME,14140.00,0.00,0.00,GBP
TF_LAN036_R02_INTL,C_LAN036_RES_02,UK036,2026,INTL,30000.00,0.00,0.00,GBP
TF_LAN036_R03_HOME,C_LAN036_RES_03,UK036,2026,HOME,5238.00,0.00,0.00,GBP
TF_LAN036_R03_INTL,C_LAN036_RES_03,UK036,2026,INTL,28010.00,0.00,0.00,GBP
TF_LAN036_R04_HOME,C_LAN036_RES_04,UK036,2026,HOME,5238.00,0.00,0.00,GBP
TF_LAN036_R04_INTL,C_LAN036_RES_04,UK036,2026,INTL,28430.00,0.00,0.00,GBP
TF_LAN036_R05_HOME,C_LAN036_RES_05,UK036,2026,HOME,5238.00,0.00,0.00,GBP
TF_LAN036_R05_INTL,C_LAN036_RES_05,UK036,2026,INTL,28430.00,0.00,0.00,GBP
TF_LAN036_R06_HOME,C_LAN036_RES_06,UK036,2026,HOME,5238.00,0.00,0.00,GBP
TF_LAN036_R06_INTL,C_LAN036_RES_06,UK036,2026,INTL,28430.00,0.00,0.00,GBP
TF_LAN036_R07_HOME,C_LAN036_RES_07,UK036,2026,HOME,5238.00,0.00,0.00,GBP
TF_LAN036_R07_INTL,C_LAN036_RES_07,UK036,2026,INTL,28430.00,0.00,0.00,GBP
TF_LAN036_R08_HOME,C_LAN036_RES_08,UK036,2026,HOME,5238.00,0.00,0.00,GBP
TF_LAN036_R08_INTL,C_LAN036_RES_08,UK036,2026,INTL,28010.00,0.00,0.00,GBP
TF_LAU037_R01_HOME,C_LAU037_RES_01,UK037,2026,HOME,10200.00,0.00,0.00,GBP
TF_LAU037_R01_INTL,C_LAU037_RES_01,UK037,2026,INTL,18900.00,4000.00,0.00,GBP
TF_LAU037_R02_HOME,C_LAU037_RES_02,UK037,2026,HOME,10200.00,0.00,0.00,GBP
TF_LAU037_R02_INTL,C_LAU037_RES_02,UK037,2026,INTL,18900.00,4000.00,0.00,GBP
TF_LAU037_R03_HOME,C_LAU037_RES_03,UK037,2026,HOME,10200.00,0.00,0.00,GBP
TF_LAU037_R03_INTL,C_LAU037_RES_03,UK037,2026,INTL,18900.00,4000.00,0.00,GBP
TF_LAU037_R04_HOME,C_LAU037_RES_04,UK037,2026,HOME,10200.00,0.00,0.00,GBP
TF_LAU037_R04_INTL,C_LAU037_RES_04,UK037,2026,INTL,18900.00,4000.00,0.00,GBP
TF_LAU037_R05_HOME,C_LAU037_RES_05,UK037,2026,HOME,10200.00,0.00,0.00,GBP
TF_LAU037_R05_INTL,C_LAU037_RES_05,UK037,2026,INTL,18900.00,4000.00,0.00,GBP
TF_LAU037_R06_HOME,C_LAU037_RES_06,UK037,2026,HOME,10200.00,0.00,0.00,GBP
TF_LAU037_R06_INTL,C_LAU037_RES_06,UK037,2026,INTL,18900.00,4000.00,0.00,GBP
TF_LAU037_R07_HOME,C_LAU037_RES_07,UK037,2026,HOME,10200.00,0.00,0.00,GBP
TF_LAU037_R07_INTL,C_LAU037_RES_07,UK037,2026,INTL,18900.00,4000.00,0.00,GBP
TF_LAU037_R08_HOME,C_LAU037_RES_08,UK037,2026,HOME,10200.00,0.00,0.00,GBP
TF_LAU037_R08_INTL,C_LAU037_RES_08,UK037,2026,INTL,18900.00,4000.00,0.00,GBP
TF_LAU037_R09_HOME,C_LAU037_RES_09,UK037,2026,HOME,10200.00,0.00,0.00,GBP
TF_LAU037_R09_INTL,C_LAU037_RES_09,UK037,2026,INTL,18900.00,4000.00,0.00,GBP
TF_LAU037_R10_HOME,C_LAU037_RES_10,UK037,2026,HOME,10200.00,0.00,0.00,GBP
TF_LAU037_R10_INTL,C_LAU037_RES_10,UK037,2026,INTL,18900.00,4000.00,0.00,GBP
TF_LBU038_R01_HOME,C_LBU038_RES_01,UK038,2026,HOME,5238.00,0.00,0.00,GBP
TF_LBU038_R01_INTL,C_LBU038_RES_01,UK038,2026,INTL,16284.00,1000.00,0.00,GBP
TF_LBU038_R02_HOME,C_LBU038_RES_02,UK038,2026,HOME,5238.00,0.00,0.00,GBP
TF_LBU038_R02_INTL,C_LBU038_RES_02,UK038,2026,INTL,16284.00,1000.00,0.00,GBP
TF_LBU038_R03_HOME,C_LBU038_RES_03,UK038,2026,HOME,5238.00,0.00,0.00,GBP
TF_LBU038_R03_INTL,C_LBU038_RES_03,UK038,2026,INTL,16284.00,1000.00,0.00,GBP
TF_LBU038_R04_HOME,C_LBU038_RES_04,UK038,2026,HOME,5238.00,0.00,0.00,GBP
TF_LBU038_R04_INTL,C_LBU038_RES_04,UK038,2026,INTL,16284.00,1000.00,0.00,GBP
TF_LBU038_R05_HOME,C_LBU038_RES_05,UK038,2026,HOME,5238.00,0.00,0.00,GBP
TF_LBU038_R05_INTL,C_LBU038_RES_05,UK038,2026,INTL,16284.00,1000.00,0.00,GBP
TF_LBU038_R06_HOME,C_LBU038_RES_06,UK038,2026,HOME,5238.00,0.00,0.00,GBP
TF_LBU038_R06_INTL,C_LBU038_RES_06,UK038,2026,INTL,16284.00,1000.00,0.00,GBP
TF_LBU038_R07_HOME,C_LBU038_RES_07,UK038,2026,HOME,5238.00,0.00,0.00,GBP
TF_LBU038_R07_INTL,C_LBU038_RES_07,UK038,2026,INTL,16284.00,1000.00,0.00,GBP
TF_LTU039_R01_HOME,C_LTU039_RES_01,UK039,2026,HOME,4786.00,0.00,0.00,GBP
TF_LTU039_R01_INTL,C_LTU039_RES_01,UK039,2026,INTL,13500.00,1000.00,0.00,GBP
TF_LTU039_R02_HOME,C_LTU039_RES_02,UK039,2026,HOME,4786.00,0.00,0.00,GBP
TF_LTU039_R02_INTL,C_LTU039_RES_02,UK039,2026,INTL,13500.00,1000.00,0.00,GBP
TF_LTU039_R03_HOME,C_LTU039_RES_03,UK039,2026,HOME,4786.00,0.00,0.00,GBP
TF_LTU039_R03_INTL,C_LTU039_RES_03,UK039,2026,INTL,13500.00,1000.00,0.00,GBP
TF_LTU039_R04_HOME,C_LTU039_RES_04,UK039,2026,HOME,4786.00,0.00,0.00,GBP
TF_LTU039_R04_INTL,C_LTU039_RES_04,UK039,2026,INTL,13500.00,1000.00,0.00,GBP
TF_LTU039_R05_HOME,C_LTU039_RES_05,UK039,2026,HOME,4786.00,0.00,0.00,GBP
TF_LTU039_R05_INTL,C_LTU039_RES_05,UK039,2026,INTL,13500.00,1000.00,0.00,GBP
TF_LTU039_R06_HOME,C_LTU039_RES_06,UK039,2026,HOME,4786.00,0.00,0.00,GBP
TF_LTU039_R06_INTL,C_LTU039_RES_06,UK039,2026,INTL,13500.00,1000.00,0.00,GBP
TF_LTU039_R07_HOME,C_LTU039_RES_07,UK039,2026,HOME,4786.00,0.00,0.00,GBP
TF_LTU039_R07_INTL,C_LTU039_RES_07,UK039,2026,INTL,13500.00,1000.00,0.00,GBP
TF_BGU040_R01_HOME,C_BGU040_RES_01,UK040,2026,HOME,4786.00,0.00,0.00,GBP
TF_BGU040_R01_INTL,C_BGU040_RES_01,UK040,2026,INTL,14500.00,1000.00,0.00,GBP
TF_BGU040_R02_HOME,C_BGU040_RES_02,UK040,2026,HOME,4786.00,0.00,0.00,GBP
TF_BGU040_R02_INTL,C_BGU040_RES_02,UK040,2026,INTL,14500.00,1000.00,0.00,GBP
TF_BGU040_R03_HOME,C_BGU040_RES_03,UK040,2026,HOME,4786.00,0.00,0.00,GBP
TF_BGU040_R03_INTL,C_BGU040_RES_03,UK040,2026,INTL,14500.00,1000.00,0.00,GBP
TF_BGU040_R04_HOME,C_BGU040_RES_04,UK040,2026,HOME,4786.00,0.00,0.00,GBP
TF_BGU040_R04_INTL,C_BGU040_RES_04,UK040,2026,INTL,14500.00,1000.00,0.00,GBP
TF_BGU040_R05_HOME,C_BGU040_RES_05,UK040,2026,HOME,4786.00,0.00,0.00,GBP
TF_BGU040_R05_INTL,C_BGU040_RES_05,UK040,2026,INTL,14500.00,1000.00,0.00,GBP
TF_LHO041_R01_HOME,C_LHO041_RES_01,UK041,2026,HOME,4786.00,0.00,0.00,GBP
TF_LHO041_R01_INTL,C_LHO041_RES_01,UK041,2026,INTL,13000.00,0.00,3000.00,GBP
TF_LHO041_R02_HOME,C_LHO041_RES_02,UK041,2026,HOME,4786.00,0.00,0.00,GBP
TF_LHO041_R02_INTL,C_LHO041_RES_02,UK041,2026,INTL,13000.00,0.00,3000.00,GBP
TF_LHO041_R03_HOME,C_LHO041_RES_03,UK041,2026,HOME,4786.00,0.00,0.00,GBP
TF_LHO041_R03_INTL,C_LHO041_RES_03,UK041,2026,INTL,13000.00,0.00,3000.00,GBP
TF_LHO041_R04_HOME,C_LHO041_RES_04,UK041,2026,HOME,4786.00,0.00,0.00,GBP
TF_LHO041_R04_INTL,C_LHO041_RES_04,UK041,2026,INTL,13000.00,0.00,3000.00,GBP
TF_LHO041_R05_HOME,C_LHO041_RES_05,UK041,2026,HOME,4786.00,0.00,0.00,GBP
TF_LHO041_R05_INTL,C_LHO041_RES_05,UK041,2026,INTL,13000.00,0.00,3000.00,GBP
TF_LHO041_R06_HOME,C_LHO041_RES_06,UK041,2026,HOME,4786.00,0.00,0.00,GBP
TF_LHO041_R06_INTL,C_LHO041_RES_06,UK041,2026,INTL,13000.00,0.00,3000.00,GBP
TF_LJM042_R01_HOME,C_LJM042_RES_01,UK042,2026,HOME,4786.00,0.00,0.00,GBP
TF_LJM042_R01_INTL,C_LJM042_RES_01,UK042,2026,INTL,17750.00,3000.00,0.00,GBP
TF_LJM042_R02_HOME,C_LJM042_RES_02,UK042,2026,HOME,4786.00,0.00,0.00,GBP
TF_LJM042_R02_INTL,C_LJM042_RES_02,UK042,2026,INTL,17750.00,3000.00,0.00,GBP
TF_LJM042_R03_HOME,C_LJM042_RES_03,UK042,2026,HOME,4786.00,0.00,0.00,GBP
TF_LJM042_R03_INTL,C_LJM042_RES_03,UK042,2026,INTL,17750.00,3000.00,0.00,GBP
TF_LJM042_R04_HOME,C_LJM042_RES_04,UK042,2026,HOME,4786.00,0.00,0.00,GBP
TF_LJM042_R04_INTL,C_LJM042_RES_04,UK042,2026,INTL,17750.00,3000.00,0.00,GBP
TF_LJM042_R05_HOME,C_LJM042_RES_05,UK042,2026,HOME,4786.00,0.00,0.00,GBP
TF_LJM042_R05_INTL,C_LJM042_RES_05,UK042,2026,INTL,17250.00,3000.00,0.00,GBP
TF_LJM042_R06_HOME,C_LJM042_RES_06,UK042,2026,HOME,4786.00,0.00,0.00,GBP
TF_LJM042_R06_INTL,C_LJM042_RES_06,UK042,2026,INTL,17250.00,3000.00,0.00,GBP
TF_LJM042_R07_HOME,C_LJM042_RES_07,UK042,2026,HOME,4786.00,0.00,0.00,GBP
TF_LJM042_R07_INTL,C_LJM042_RES_07,UK042,2026,INTL,17250.00,3000.00,0.00,GBP
TF_LST043_R01_HOME,C_LST043_RES_01,UK043,2026,HOME,10500.00,0.00,0.00,GBP
TF_LST043_R01_INTL,C_LST043_RES_01,UK043,2026,INTL,25000.00,5000.00,0.00,GBP
TF_LST043_R02_HOME,C_LST043_RES_02,UK043,2026,HOME,10500.00,0.00,0.00,GBP
TF_LST043_R02_INTL,C_LST043_RES_02,UK043,2026,INTL,25000.00,5000.00,0.00,GBP
TF_LST043_R03_HOME,C_LST043_RES_03,UK043,2026,HOME,10500.00,0.00,0.00,GBP
TF_LST043_R03_INTL,C_LST043_RES_03,UK043,2026,INTL,25000.00,5000.00,0.00,GBP
TF_LST043_R04_HOME,C_LST043_RES_04,UK043,2026,HOME,10500.00,0.00,0.00,GBP
TF_LST043_R04_INTL,C_LST043_RES_04,UK043,2026,INTL,25000.00,5000.00,0.00,GBP
TF_LBS044_R01_HOME,C_LBS044_RES_01,UK044,2026,HOME,0.00,20000.00,0.00,GBP
TF_LBS044_R01_INTL,C_LBS044_RES_01,UK044,2026,INTL,0.00,20000.00,0.00,GBP
TF_LBS044_R02_HOME,C_LBS044_RES_02,UK044,2026,HOME,0.00,20000.00,0.00,GBP
TF_LBS044_R02_INTL,C_LBS044_RES_02,UK044,2026,INTL,0.00,20000.00,0.00,GBP
TF_LBS044_R03_HOME,C_LBS044_RES_03,UK044,2026,HOME,0.00,20000.00,0.00,GBP
TF_LBS044_R03_INTL,C_LBS044_RES_03,UK044,2026,INTL,0.00,20000.00,0.00,GBP
TF_LBS044_R04_HOME,C_LBS044_RES_04,UK044,2026,HOME,0.00,20000.00,0.00,GBP
TF_LBS044_R04_INTL,C_LBS044_RES_04,UK044,2026,INTL,0.00,20000.00,0.00,GBP
TF_LBS044_R05_HOME,C_LBS044_RES_05,UK044,2026,HOME,0.00,20000.00,0.00,GBP
TF_LBS044_R05_INTL,C_LBS044_RES_05,UK044,2026,INTL,0.00,20000.00,0.00,GBP
TF_LBS044_R06_HOME,C_LBS044_RES_06,UK044,2026,HOME,0.00,20000.00,0.00,GBP
TF_LBS044_R06_INTL,C_LBS044_RES_06,UK044,2026,INTL,0.00,20000.00,0.00,GBP
TF_LBS044_R07_HOME,C_LBS044_RES_07,UK044,2026,HOME,0.00,20000.00,0.00,GBP
TF_LBS044_R07_INTL,C_LBS044_RES_07,UK044,2026,INTL,0.00,20000.00,0.00,GBP
TF_LMU045_R01_HOME,C_LMU045_RES_01,UK045,2026,HOME,5238.00,0.00,0.00,GBP
TF_LMU045_R01_INTL,C_LMU045_RES_01,UK045,2026,INTL,16500.00,1500.00,0.00,GBP
TF_LMU045_R02_HOME,C_LMU045_RES_02,UK045,2026,HOME,5238.00,0.00,0.00,GBP
TF_LMU045_R02_INTL,C_LMU045_RES_02,UK045,2026,INTL,16500.00,1500.00,0.00,GBP
TF_LMU045_R03_HOME,C_LMU045_RES_03,UK045,2026,HOME,5238.00,0.00,0.00,GBP
TF_LMU045_R03_INTL,C_LMU045_RES_03,UK045,2026,INTL,16500.00,1500.00,0.00,GBP
TF_LMU045_R04_HOME,C_LMU045_RES_04,UK045,2026,HOME,5238.00,0.00,0.00,GBP
TF_LMU045_R04_INTL,C_LMU045_RES_04,UK045,2026,INTL,16500.00,1500.00,0.00,GBP
TF_LMU045_R05_HOME,C_LMU045_RES_05,UK045,2026,HOME,5238.00,0.00,0.00,GBP
TF_LMU045_R05_INTL,C_LMU045_RES_05,UK045,2026,INTL,16500.00,1500.00,0.00,GBP
TF_LMU045_R06_HOME,C_LMU045_RES_06,UK045,2026,HOME,5238.00,0.00,0.00,GBP
TF_LMU045_R06_INTL,C_LMU045_RES_06,UK045,2026,INTL,16500.00,1500.00,0.00,GBP
TF_LSB046_R01_HOME,C_LSB046_RES_01,UK046,2026,HOME,5010.00,0.00,0.00,GBP
TF_LSB046_R01_INTL,C_LSB046_RES_01,UK046,2026,INTL,17600.00,2000.00,0.00,GBP
TF_LSB046_R02_HOME,C_LSB046_RES_02,UK046,2026,HOME,5010.00,0.00,0.00,GBP
TF_LSB046_R02_INTL,C_LSB046_RES_02,UK046,2026,INTL,17600.00,2000.00,0.00,GBP
TF_LSB046_R03_HOME,C_LSB046_RES_03,UK046,2026,HOME,5010.00,0.00,0.00,GBP
TF_LSB046_R03_INTL,C_LSB046_RES_03,UK046,2026,INTL,17600.00,2000.00,0.00,GBP
TF_LSB046_R04_HOME,C_LSB046_RES_04,UK046,2026,HOME,5010.00,0.00,0.00,GBP
TF_LSB046_R04_INTL,C_LSB046_RES_04,UK046,2026,INTL,17600.00,2000.00,0.00,GBP
TF_LSB046_R05_HOME,C_LSB046_RES_05,UK046,2026,HOME,5010.00,0.00,0.00,GBP
TF_LSB046_R05_INTL,C_LSB046_RES_05,UK046,2026,INTL,17600.00,2000.00,0.00,GBP
TF_LSB046_R06_HOME,C_LSB046_RES_06,UK046,2026,HOME,5010.00,0.00,0.00,GBP
TF_LSB046_R06_INTL,C_LSB046_RES_06,UK046,2026,INTL,17600.00,2000.00,0.00,GBP
TF_LSB046_R07_HOME,C_LSB046_RES_07,UK046,2026,HOME,5010.00,0.00,0.00,GBP
TF_LSB046_R07_INTL,C_LSB046_RES_07,UK046,2026,INTL,17600.00,2000.00,0.00,GBP
TF_LSB046_R08_HOME,C_LSB046_RES_08,UK046,2026,HOME,5010.00,0.00,0.00,GBP
TF_LSB046_R08_INTL,C_LSB046_RES_08,UK046,2026,INTL,17600.00,2000.00,0.00,GBP
TF_MMU047_R01_HOME,C_MMU047_RES_01,UK047,2026,HOME,5238.00,0.00,0.00,GBP
TF_MMU047_R01_INTL,C_MMU047_RES_01,UK047,2026,INTL,20000.00,5000.00,5000.00,GBP
TF_MMU047_R02_HOME,C_MMU047_RES_02,UK047,2026,HOME,5238.00,0.00,0.00,GBP
TF_MMU047_R02_INTL,C_MMU047_RES_02,UK047,2026,INTL,20000.00,5000.00,5000.00,GBP
TF_MMU047_R03_HOME,C_MMU047_RES_03,UK047,2026,HOME,5238.00,0.00,0.00,GBP
TF_MMU047_R03_INTL,C_MMU047_RES_03,UK047,2026,INTL,20000.00,5000.00,5000.00,GBP
TF_MMU047_R04_HOME,C_MMU047_RES_04,UK047,2026,HOME,5238.00,0.00,0.00,GBP
TF_MMU047_R04_INTL,C_MMU047_RES_04,UK047,2026,INTL,22500.00,5000.00,5000.00,GBP
TF_MMU047_R05_HOME,C_MMU047_RES_05,UK047,2026,HOME,5238.00,0.00,0.00,GBP
TF_MMU047_R05_INTL,C_MMU047_RES_05,UK047,2026,INTL,27000.00,5000.00,5000.00,GBP
TF_MMU047_R06_HOME,C_MMU047_RES_06,UK047,2026,HOME,5238.00,0.00,0.00,GBP
TF_MMU047_R06_INTL,C_MMU047_RES_06,UK047,2026,INTL,22500.00,5000.00,5000.00,GBP
TF_MDX048_R01_HOME,C_MDX048_RES_01,UK048,2026,HOME,5238.00,0.00,0.00,GBP
TF_MDX048_R01_INTL,C_MDX048_RES_01,UK048,2026,INTL,16800.00,0.00,5000.00,GBP
TF_MDX048_R02_HOME,C_MDX048_RES_02,UK048,2026,HOME,5238.00,0.00,0.00,GBP
TF_MDX048_R02_INTL,C_MDX048_RES_02,UK048,2026,INTL,16800.00,0.00,5000.00,GBP
TF_MDX048_R03_HOME,C_MDX048_RES_03,UK048,2026,HOME,5238.00,0.00,0.00,GBP
TF_MDX048_R03_INTL,C_MDX048_RES_03,UK048,2026,INTL,16800.00,0.00,5000.00,GBP
TF_MDX048_R04_HOME,C_MDX048_RES_04,UK048,2026,HOME,5238.00,0.00,0.00,GBP
TF_MDX048_R04_INTL,C_MDX048_RES_04,UK048,2026,INTL,16800.00,0.00,5000.00,GBP
TF_MDX048_R05_HOME,C_MDX048_RES_05,UK048,2026,HOME,5238.00,0.00,0.00,GBP
TF_MDX048_R05_INTL,C_MDX048_RES_05,UK048,2026,INTL,16800.00,0.00,5000.00,GBP
TF_MDX048_R06_HOME,C_MDX048_RES_06,UK048,2026,HOME,5238.00,0.00,0.00,GBP
TF_MDX048_R06_INTL,C_MDX048_RES_06,UK048,2026,INTL,16800.00,0.00,5000.00,GBP
TF_NEW049_R01_HOME,C_NEW049_RES_01,UK049,2026,HOME,11400.00,0.00,0.00,GBP
TF_NEW049_R01_INTL,C_NEW049_RES_01,UK049,2026,INTL,29400.00,5000.00,1500.00,GBP
TF_NEW049_R02_HOME,C_NEW049_RES_02,UK049,2026,HOME,11400.00,0.00,0.00,GBP
TF_NEW049_R02_INTL,C_NEW049_RES_02,UK049,2026,INTL,29400.00,5000.00,1500.00,GBP
TF_NEW049_R03_HOME,C_NEW049_RES_03,UK049,2026,HOME,11400.00,0.00,0.00,GBP
TF_NEW049_R03_INTL,C_NEW049_RES_03,UK049,2026,INTL,29400.00,5000.00,1500.00,GBP
TF_NEW049_R04_HOME,C_NEW049_RES_04,UK049,2026,HOME,11400.00,0.00,0.00,GBP
TF_NEW049_R04_INTL,C_NEW049_RES_04,UK049,2026,INTL,29400.00,5000.00,1500.00,GBP
TF_NEW049_R05_HOME,C_NEW049_RES_05,UK049,2026,HOME,8400.00,0.00,0.00,GBP
TF_NEW049_R05_INTL,C_NEW049_RES_05,UK049,2026,INTL,22800.00,5000.00,1500.00,GBP
TF_NEW049_R06_HOME,C_NEW049_RES_06,UK049,2026,HOME,11400.00,0.00,0.00,GBP
TF_NEW049_R06_INTL,C_NEW049_RES_06,UK049,2026,INTL,29400.00,5000.00,1500.00,GBP
TF_NEW049_R07_HOME,C_NEW049_RES_07,UK049,2026,HOME,11400.00,0.00,0.00,GBP
TF_NEW049_R07_INTL,C_NEW049_RES_07,UK049,2026,INTL,29400.00,5000.00,1500.00,GBP
TF_NEW049_R08_HOME,C_NEW049_RES_08,UK049,2026,HOME,11400.00,0.00,0.00,GBP
TF_NEW049_R08_INTL,C_NEW049_RES_08,UK049,2026,INTL,29400.00,5000.00,1500.00,GBP
TF_NEW049_R09_HOME,C_NEW049_RES_09,UK049,2026,HOME,11400.00,0.00,0.00,GBP
TF_NEW049_R09_INTL,C_NEW049_RES_09,UK049,2026,INTL,29400.00,5000.00,1500.00,GBP
TF_NEW049_R10_HOME,C_NEW049_RES_10,UK049,2026,HOME,11400.00,0.00,0.00,GBP
TF_NEW049_R10_INTL,C_NEW049_RES_10,UK049,2026,INTL,29400.00,5000.00,1500.00,GBP
TF_NEW049_R11_HOME,C_NEW049_RES_11,UK049,2026,HOME,11400.00,0.00,0.00,GBP
TF_NEW049_R11_INTL,C_NEW049_RES_11,UK049,2026,INTL,29400.00,5000.00,1500.00,GBP
TF_NEW049_R12_HOME,C_NEW049_RES_12,UK049,2026,HOME,5238.00,0.00,0.00,GBP
TF_NEW049_R12_INTL,C_NEW049_RES_12,UK049,2026,INTL,22200.00,5000.00,1500.00,GBP
TF_NUL050_R01_HOME,C_NUL050_RES_01,UK050,2026,HOME,12000.00,0.00,0.00,GBP
TF_NUL050_R01_INTL,C_NUL050_RES_01,UK050,2026,INTL,22000.00,0.00,500.00,GBP
TF_NUL050_R02_HOME,C_NUL050_RES_02,UK050,2026,HOME,11000.00,0.00,0.00,GBP
TF_NUL050_R02_INTL,C_NUL050_RES_02,UK050,2026,INTL,21000.00,0.00,500.00,GBP
TF_NUA051_R01_HOME,C_NUA051_RES_01,UK051,2026,HOME,6000.00,0.00,0.00,GBP
TF_NUA051_R01_INTL,C_NUA051_RES_01,UK051,2026,INTL,18000.00,5000.00,3000.00,GBP
TF_NUA051_R02_HOME,C_NUA051_RES_02,UK051,2026,HOME,6000.00,0.00,0.00,GBP
TF_NUA051_R02_INTL,C_NUA051_RES_02,UK051,2026,INTL,18000.00,5000.00,3000.00,GBP
TF_NUA051_R03_HOME,C_NUA051_RES_03,UK051,2026,HOME,10000.00,0.00,0.00,GBP
TF_NUA051_R03_INTL,C_NUA051_RES_03,UK051,2026,INTL,18500.00,5000.00,3000.00,GBP
TF_NTU052_R01_HOME,C_NTU052_RES_01,UK052,2026,HOME,9900.00,0.00,0.00,GBP
TF_NTU052_R01_INTL,C_NTU052_RES_01,UK052,2026,INTL,20750.00,5187.50,6000.00,GBP
TF_NTU052_R02_HOME,C_NTU052_RES_02,UK052,2026,HOME,9900.00,0.00,0.00,GBP
TF_NTU052_R02_INTL,C_NTU052_RES_02,UK052,2026,INTL,20750.00,5187.50,6000.00,GBP
TF_NTU052_R03_HOME,C_NTU052_RES_03,UK052,2026,HOME,9900.00,0.00,0.00,GBP
TF_NTU052_R03_INTL,C_NTU052_RES_03,UK052,2026,INTL,18300.00,4575.00,6000.00,GBP
TF_NTU052_R04_HOME,C_NTU052_RES_04,UK052,2026,HOME,9900.00,0.00,0.00,GBP
TF_NTU052_R04_INTL,C_NTU052_RES_04,UK052,2026,INTL,18300.00,4575.00,6000.00,GBP
TF_NTU052_R05_HOME,C_NTU052_RES_05,UK052,2026,HOME,9900.00,0.00,0.00,GBP
TF_NTU052_R05_INTL,C_NTU052_RES_05,UK052,2026,INTL,18300.00,4575.00,6000.00,GBP
TF_NTU052_R06_HOME,C_NTU052_RES_06,UK052,2026,HOME,9900.00,0.00,0.00,GBP
TF_NTU052_R06_INTL,C_NTU052_RES_06,UK052,2026,INTL,18300.00,4575.00,6000.00,GBP
TF_NTU052_R07_HOME,C_NTU052_RES_07,UK052,2026,HOME,9900.00,0.00,0.00,GBP
TF_NTU052_R07_INTL,C_NTU052_RES_07,UK052,2026,INTL,20750.00,5187.50,6000.00,GBP
TF_NTU052_R08_HOME,C_NTU052_RES_08,UK052,2026,HOME,9900.00,0.00,0.00,GBP
TF_NTU052_R08_INTL,C_NTU052_RES_08,UK052,2026,INTL,18300.00,4575.00,6000.00,GBP
TF_OXB053_R01_HOME,C_OXB053_RES_01,UK053,2026,HOME,4786.00,0.00,0.00,GBP
TF_OXB053_R01_INTL,C_OXB053_RES_01,UK053,2026,INTL,17500.00,2000.00,0.00,GBP
TF_OXB053_R02_HOME,C_OXB053_RES_02,UK053,2026,HOME,4786.00,0.00,0.00,GBP
TF_OXB053_R02_INTL,C_OXB053_RES_02,UK053,2026,INTL,17500.00,2000.00,0.00,GBP
TF_OXB053_R03_HOME,C_OXB053_RES_03,UK053,2026,HOME,4786.00,0.00,0.00,GBP
TF_OXB053_R03_INTL,C_OXB053_RES_03,UK053,2026,INTL,17500.00,2000.00,0.00,GBP
TF_OXB053_R04_HOME,C_OXB053_RES_04,UK053,2026,HOME,4786.00,0.00,0.00,GBP
TF_OXB053_R04_INTL,C_OXB053_RES_04,UK053,2026,INTL,18900.00,2000.00,0.00,GBP
TF_OXB053_R05_HOME,C_OXB053_RES_05,UK053,2026,HOME,4786.00,0.00,0.00,GBP
TF_OXB053_R05_INTL,C_OXB053_RES_05,UK053,2026,INTL,18900.00,2000.00,0.00,GBP
TF_OXB053_R06_HOME,C_OXB053_RES_06,UK053,2026,HOME,4786.00,0.00,0.00,GBP
TF_OXB053_R06_INTL,C_OXB053_RES_06,UK053,2026,INTL,17500.00,2000.00,0.00,GBP
TF_QMU054_R01_HOME,C_QMU054_RES_01,UK054,2026,HOME,4786.00,0.00,0.00,GBP
TF_QMU054_R01_INTL,C_QMU054_RES_01,UK054,2026,INTL,16000.00,3000.00,0.00,GBP
TF_QMU054_R02_HOME,C_QMU054_RES_02,UK054,2026,HOME,4786.00,0.00,0.00,GBP
TF_QMU054_R02_INTL,C_QMU054_RES_02,UK054,2026,INTL,16000.00,3000.00,0.00,GBP
TF_QMU054_R03_HOME,C_QMU054_RES_03,UK054,2026,HOME,4786.00,0.00,0.00,GBP
TF_QMU054_R03_INTL,C_QMU054_RES_03,UK054,2026,INTL,16000.00,3000.00,0.00,GBP
TF_QMU054_R04_HOME,C_QMU054_RES_04,UK054,2026,HOME,4786.00,0.00,0.00,GBP
TF_QMU054_R04_INTL,C_QMU054_RES_04,UK054,2026,INTL,16000.00,3000.00,0.00,GBP
TF_QMU054_R05_HOME,C_QMU054_RES_05,UK054,2026,HOME,4786.00,0.00,0.00,GBP
TF_QMU054_R05_INTL,C_QMU054_RES_05,UK054,2026,INTL,16000.00,3000.00,0.00,GBP
TF_QM055_R01_HOME,C_QM055_RES_01,UK055,2026,HOME,11800.00,0.00,0.00,GBP
TF_QM055_R01_INTL,C_QM055_RES_01,UK055,2026,INTL,24850.00,0.00,2000.00,GBP
TF_QM055_R02_HOME,C_QM055_RES_02,UK055,2026,HOME,11800.00,0.00,0.00,GBP
TF_QM055_R02_INTL,C_QM055_RES_02,UK055,2026,INTL,24850.00,0.00,2000.00,GBP
TF_QM055_R03_HOME,C_QM055_RES_03,UK055,2026,HOME,13500.00,0.00,0.00,GBP
TF_QM055_R03_INTL,C_QM055_RES_03,UK055,2026,INTL,30500.00,0.00,2000.00,GBP
TF_QM055_R04_HOME,C_QM055_RES_04,UK055,2026,HOME,11250.00,0.00,0.00,GBP
TF_QM055_R04_INTL,C_QM055_RES_04,UK055,2026,INTL,23950.00,0.00,2000.00,GBP
TF_QM055_R05_HOME,C_QM055_RES_05,UK055,2026,HOME,11250.00,0.00,0.00,GBP
TF_QM055_R05_INTL,C_QM055_RES_05,UK055,2026,INTL,23950.00,0.00,2000.00,GBP
TF_QM055_R06_HOME,C_QM055_RES_06,UK055,2026,HOME,11800.00,0.00,0.00,GBP
TF_QM055_R06_INTL,C_QM055_RES_06,UK055,2026,INTL,24850.00,0.00,2000.00,GBP
TF_QM055_R07_HOME,C_QM055_RES_07,UK055,2026,HOME,11250.00,0.00,0.00,GBP
TF_QM055_R07_INTL,C_QM055_RES_07,UK055,2026,INTL,23950.00,0.00,2000.00,GBP
TF_QM055_R08_HOME,C_QM055_RES_08,UK055,2026,HOME,12900.00,0.00,0.00,GBP
TF_QM055_R08_INTL,C_QM055_RES_08,UK055,2026,INTL,30500.00,0.00,2000.00,GBP
TF_QM055_R09_HOME,C_QM055_RES_09,UK055,2026,HOME,12900.00,0.00,0.00,GBP
TF_QM055_R09_INTL,C_QM055_RES_09,UK055,2026,INTL,30500.00,0.00,2000.00,GBP
TF_QM055_R10_HOME,C_QM055_RES_10,UK055,2026,HOME,11250.00,0.00,0.00,GBP
TF_QM055_R10_INTL,C_QM055_RES_10,UK055,2026,INTL,23950.00,0.00,2000.00,GBP
TF_QM055_R11_HOME,C_QM055_RES_11,UK055,2026,HOME,11250.00,0.00,0.00,GBP
TF_QM055_R11_INTL,C_QM055_RES_11,UK055,2026,INTL,23950.00,0.00,2000.00,GBP
TF_QUB056_R01_HOME,C_QUB056_RES_01,UK056,2026,HOME,7600.00,0.00,0.00,GBP
TF_QUB056_R01_INTL,C_QUB056_RES_01,UK056,2026,INTL,20800.00,0.00,1000.00,GBP
TF_QUB056_R02_HOME,C_QUB056_RES_02,UK056,2026,HOME,7600.00,0.00,0.00,GBP
TF_QUB056_R02_INTL,C_QUB056_RES_02,UK056,2026,INTL,26100.00,0.00,1000.00,GBP
TF_QUB056_R03_HOME,C_QUB056_RES_03,UK056,2026,HOME,7600.00,0.00,0.00,GBP
TF_QUB056_R03_INTL,C_QUB056_RES_03,UK056,2026,INTL,20800.00,0.00,1000.00,GBP
TF_QUB056_R04_HOME,C_QUB056_RES_04,UK056,2026,HOME,7600.00,0.00,0.00,GBP
TF_QUB056_R04_INTL,C_QUB056_RES_04,UK056,2026,INTL,20800.00,0.00,1000.00,GBP
TF_QUB056_R05_HOME,C_QUB056_RES_05,UK056,2026,HOME,7600.00,0.00,0.00,GBP
TF_QUB056_R05_INTL,C_QUB056_RES_05,UK056,2026,INTL,20800.00,0.00,1000.00,GBP
TF_QUB056_R06_HOME,C_QUB056_RES_06,UK056,2026,HOME,7600.00,0.00,0.00,GBP
TF_QUB056_R06_INTL,C_QUB056_RES_06,UK056,2026,INTL,20800.00,0.00,1000.00,GBP
TF_QUB056_R07_HOME,C_QUB056_RES_07,UK056,2026,HOME,5006.00,0.00,0.00,GBP
TF_QUB056_R07_INTL,C_QUB056_RES_07,UK056,2026,INTL,26100.00,0.00,1000.00,GBP
TF_QUB056_R08_HOME,C_QUB056_RES_08,UK056,2026,HOME,5006.00,0.00,0.00,GBP
TF_QUB056_R08_INTL,C_QUB056_RES_08,UK056,2026,INTL,26100.00,0.00,1000.00,GBP
TF_RAV057_R01_HOME,C_RAV057_RES_01,UK057,2026,HOME,9250.00,0.00,0.00,GBP
TF_RAV057_R01_INTL,C_RAV057_RES_01,UK057,2026,INTL,17500.00,0.00,0.00,GBP
TF_RAV057_R02_HOME,C_RAV057_RES_02,UK057,2026,HOME,9250.00,0.00,0.00,GBP
TF_RAV057_R02_INTL,C_RAV057_RES_02,UK057,2026,INTL,17500.00,0.00,0.00,GBP
TF_REG058_R01_HOME,C_REG058_RES_01,UK058,2026,HOME,28750.00,0.00,1500.00,GBP
TF_REG058_R01_INTL,C_REG058_RES_01,UK058,2026,INTL,28750.00,0.00,5000.00,GBP
TF_REG058_R02_HOME,C_REG058_RES_02,UK058,2026,HOME,28750.00,0.00,1500.00,GBP
TF_REG058_R02_INTL,C_REG058_RES_02,UK058,2026,INTL,28750.00,0.00,5000.00,GBP
TF_REG058_R03_HOME,C_REG058_RES_03,UK058,2026,HOME,28750.00,0.00,1500.00,GBP
TF_REG058_R03_INTL,C_REG058_RES_03,UK058,2026,INTL,28750.00,0.00,5000.00,GBP
TF_REG058_R04_HOME,C_REG058_RES_04,UK058,2026,HOME,28750.00,0.00,1500.00,GBP
TF_REG058_R04_INTL,C_REG058_RES_04,UK058,2026,INTL,28750.00,0.00,5000.00,GBP
TF_ROE059_R01_HOME,C_ROE059_RES_01,UK059,2026,HOME,4786.00,0.00,0.00,GBP
TF_ROE059_R01_INTL,C_ROE059_RES_01,UK059,2026,INTL,16500.00,2500.00,0.00,GBP
TF_ROE059_R02_HOME,C_ROE059_RES_02,UK059,2026,HOME,4786.00,0.00,0.00,GBP
TF_ROE059_R02_INTL,C_ROE059_RES_02,UK059,2026,INTL,16500.00,2500.00,0.00,GBP
TF_ROE059_R03_HOME,C_ROE059_RES_03,UK059,2026,HOME,4786.00,0.00,0.00,GBP
TF_ROE059_R03_INTL,C_ROE059_RES_03,UK059,2026,INTL,16500.00,2500.00,0.00,GBP
TF_ROE059_R04_HOME,C_ROE059_RES_04,UK059,2026,HOME,4786.00,0.00,0.00,GBP
TF_ROE059_R04_INTL,C_ROE059_RES_04,UK059,2026,INTL,16500.00,2500.00,0.00,GBP
TF_ROE059_R05_HOME,C_ROE059_RES_05,UK059,2026,HOME,4786.00,0.00,0.00,GBP
TF_ROE059_R05_INTL,C_ROE059_RES_05,UK059,2026,INTL,16500.00,2500.00,0.00,GBP
TF_ROE059_R06_HOME,C_ROE059_RES_06,UK059,2026,HOME,4786.00,0.00,0.00,GBP
TF_ROE059_R06_INTL,C_ROE059_RES_06,UK059,2026,INTL,16500.00,2500.00,0.00,GBP
TF_RAU060_R01_HOME,C_RAU060_RES_01,UK060,2026,HOME,7450.00,0.00,0.00,GBP
TF_RAV060_R01_INTL,C_RAU060_RES_01,UK060,2026,INTL,16500.00,0.00,0.00,GBP
TF_RAU060_R02_HOME,C_RAU060_RES_02,UK060,2026,HOME,7450.00,0.00,0.00,GBP
TF_RAV060_R02_INTL,C_RAU060_RES_02,UK060,2026,INTL,16500.00,0.00,0.00,GBP
TF_RAU060_R03_HOME,C_RAU060_RES_03,UK060,2026,HOME,7450.00,0.00,0.00,GBP
TF_RAV060_R03_INTL,C_RAU060_RES_03,UK060,2026,INTL,16500.00,0.00,0.00,GBP
TF_SHU062_R01_HOME,C_SHU062_RES_01,UK062,2026,HOME,4786.00,0.00,0.00,GBP
TF_SHU062_R01_INTL,C_SHU062_RES_01,UK062,2026,INTL,17500.00,8750.00,0.00,GBP
TF_SHU062_R02_HOME,C_SHU062_RES_02,UK062,2026,HOME,4786.00,0.00,0.00,GBP
TF_SHU062_R02_INTL,C_SHU062_RES_02,UK062,2026,INTL,19000.00,9500.00,0.00,GBP
TF_SHU062_R03_HOME,C_SHU062_RES_03,UK062,2026,HOME,4786.00,0.00,0.00,GBP
TF_SHU062_R03_INTL,C_SHU062_RES_03,UK062,2026,INTL,17500.00,8750.00,0.00,GBP
TF_SHU062_R04_HOME,C_SHU062_RES_04,UK062,2026,HOME,4786.00,0.00,0.00,GBP
TF_SHU062_R04_INTL,C_SHU062_RES_04,UK062,2026,INTL,19000.00,9500.00,0.00,GBP
TF_SHU062_R05_HOME,C_SHU062_RES_05,UK062,2026,HOME,4786.00,0.00,0.00,GBP
TF_SHU062_R05_INTL,C_SHU062_RES_05,UK062,2026,INTL,17500.00,8750.00,0.00,GBP
TF_SOA063_R01_HOME,C_SOA063_RES_01,UK063,2026,HOME,4786.00,0.00,0.00,GBP
TF_SOA063_R01_INTL,C_SOA063_RES_01,UK063,2026,INTL,22000.00,10000.00,0.00,GBP
TF_SOA063_R02_HOME,C_SOA063_RES_02,UK063,2026,HOME,4786.00,0.00,0.00,GBP
TF_SOA063_R02_INTL,C_SOA063_RES_02,UK063,2026,INTL,22000.00,10000.00,0.00,GBP
TF_SOA063_R03_HOME,C_SOA063_RES_03,UK063,2026,HOME,4786.00,0.00,0.00,GBP
TF_SOA063_R03_INTL,C_SOA063_RES_03,UK063,2026,INTL,22000.00,10000.00,0.00,GBP
TF_SOA063_R04_HOME,C_SOA063_RES_04,UK063,2026,HOME,4786.00,0.00,0.00,GBP
TF_SOA063_R04_INTL,C_SOA063_RES_04,UK063,2026,INTL,22000.00,10000.00,0.00,GBP
TF_SOL064_R01_HOME,C_SOL064_RES_01,UK064,2026,HOME,4786.00,0.00,0.00,GBP
TF_SOL064_R01_INTL,C_SOL064_RES_01,UK064,2026,INTL,16500.00,3000.00,0.00,GBP
TF_SOL064_R02_HOME,C_SOL064_RES_02,UK064,2026,HOME,4786.00,0.00,0.00,GBP
TF_SOL064_R02_INTL,C_SOL064_RES_02,UK064,2026,INTL,16500.00,3000.00,0.00,GBP
TF_SOL064_R03_HOME,C_SOL064_RES_03,UK064,2026,HOME,4786.00,0.00,0.00,GBP
TF_SOL064_R03_INTL,C_SOL064_RES_03,UK064,2026,INTL,16500.00,3000.00,0.00,GBP
TF_SOL064_R04_HOME,C_SOL064_RES_04,UK064,2026,HOME,4786.00,0.00,0.00,GBP
TF_SOL064_R04_INTL,C_SOL064_RES_04,UK064,2026,INTL,16500.00,3000.00,0.00,GBP
TF_SMB065_R01_HOME,C_SMB065_RES_01,UK065,2026,HOME,5600.00,0.00,0.00,GBP
TF_SMB065_R01_INTL,C_SMB065_RES_01,UK065,2026,INTL,14250.00,0.00,1000.00,GBP
TF_SMB065_R02_HOME,C_SMB065_RES_02,UK065,2026,HOME,5600.00,0.00,0.00,GBP
TF_SMB065_R02_INTL,C_SMB065_RES_02,UK065,2026,INTL,14250.00,0.00,1000.00,GBP
TF_SML066_R01_HOME,C_SML066_RES_01,UK066,2026,HOME,6490.00,0.00,0.00,GBP
TF_SML066_R01_INTL,C_SML066_RES_01,UK066,2026,INTL,14550.00,3000.00,0.00,GBP
TF_SML066_R02_HOME,C_SML066_RES_02,UK066,2026,HOME,6490.00,0.00,0.00,GBP
TF_SML066_R02_INTL,C_SML066_RES_02,UK066,2026,INTL,14550.00,3000.00,0.00,GBP
TF_SML066_R03_HOME,C_SML066_RES_03,UK066,2026,HOME,6490.00,0.00,0.00,GBP
TF_SML066_R03_INTL,C_SML066_RES_03,UK066,2026,INTL,14550.00,3000.00,0.00,GBP
TF_SML066_R04_HOME,C_SML066_RES_04,UK066,2026,HOME,6490.00,0.00,0.00,GBP
TF_SML066_R04_INTL,C_SML066_RES_04,UK066,2026,INTL,14550.00,3000.00,0.00,GBP
TF_SWA068_R01_HOME,C_SWA068_RES_01,UK068,2026,HOME,4786.00,0.00,0.00,GBP
TF_SWA068_R01_INTL,C_SWA068_RES_01,UK068,2026,INTL,25500.00,4000.00,0.00,GBP
TF_SWA068_R02_HOME,C_SWA068_RES_02,UK068,2026,HOME,4786.00,0.00,0.00,GBP
TF_SWA068_R02_INTL,C_SWA068_RES_02,UK068,2026,INTL,25500.00,4000.00,0.00,GBP
TF_SWA068_R03_HOME,C_SWA068_RES_03,UK068,2026,HOME,4786.00,0.00,0.00,GBP
TF_SWA068_R03_INTL,C_SWA068_RES_03,UK068,2026,INTL,22000.00,4000.00,0.00,GBP
TF_SWA068_R04_HOME,C_SWA068_RES_04,UK068,2026,HOME,4786.00,0.00,0.00,GBP
TF_SWA068_R04_INTL,C_SWA068_RES_04,UK068,2026,INTL,25500.00,4000.00,0.00,GBP
TF_SWA068_R05_HOME,C_SWA068_RES_05,UK068,2026,HOME,4786.00,0.00,0.00,GBP
TF_SWA068_R05_INTL,C_SWA068_RES_05,UK068,2026,INTL,22000.00,4000.00,0.00,GBP
TF_SWA068_R06_HOME,C_SWA068_RES_06,UK068,2026,HOME,4786.00,0.00,0.00,GBP
TF_SWA068_R06_INTL,C_SWA068_RES_06,UK068,2026,INTL,25500.00,4000.00,0.00,GBP
TF_SWA068_R07_HOME,C_SWA068_RES_07,UK068,2026,HOME,4786.00,0.00,0.00,GBP
TF_SWA068_R07_INTL,C_SWA068_RES_07,UK068,2026,INTL,25500.00,4000.00,0.00,GBP
TF_TEE069_R01_HOME,C_TEE069_RES_01,UK069,2026,HOME,4786.00,0.00,0.00,GBP
TF_TEE069_R01_INTL,C_TEE069_RES_01,UK069,2026,INTL,16000.00,2000.00,0.00,GBP
TF_TEE069_R02_HOME,C_TEE069_RES_02,UK069,2026,HOME,4786.00,0.00,0.00,GBP
TF_TEE069_R02_INTL,C_TEE069_RES_02,UK069,2026,INTL,16000.00,2000.00,0.00,GBP
TF_TEE069_R03_HOME,C_TEE069_RES_03,UK069,2026,HOME,4786.00,0.00,0.00,GBP
TF_TEE069_R03_INTL,C_TEE069_RES_03,UK069,2026,INTL,16000.00,2000.00,0.00,GBP
TF_TEE069_R04_HOME,C_TEE069_RES_04,UK069,2026,HOME,4786.00,0.00,0.00,GBP
TF_TEE069_R04_INTL,C_TEE069_RES_04,UK069,2026,INTL,16000.00,2000.00,0.00,GBP
TF_TEE069_R05_HOME,C_TEE069_RES_05,UK069,2026,HOME,4786.00,0.00,0.00,GBP
TF_TEE069_R05_INTL,C_TEE069_RES_05,UK069,2026,INTL,16000.00,2000.00,0.00,GBP
TF_RGU070_R01_HOME,C_RGU070_RES_01,UK070,2026,HOME,4786.00,0.00,0.00,GBP
TF_RGU070_R01_INTL,C_RGU070_RES_01,UK070,2026,INTL,16500.00,16500.00,0.00,GBP
TF_RGU070_R02_HOME,C_RGU070_RES_02,UK070,2026,HOME,4786.00,0.00,0.00,GBP
TF_RGU070_R02_INTL,C_RGU070_RES_02,UK070,2026,INTL,16500.00,16500.00,0.00,GBP
TF_RGU070_R03_HOME,C_RGU070_RES_03,UK070,2026,HOME,4786.00,0.00,0.00,GBP
TF_RGU070_R03_INTL,C_RGU070_RES_03,UK070,2026,INTL,16500.00,16500.00,0.00,GBP
TF_RGU070_R04_HOME,C_RGU070_RES_04,UK070,2026,HOME,4786.00,0.00,0.00,GBP
TF_RGU070_R04_INTL,C_RGU070_RES_04,UK070,2026,INTL,16500.00,16500.00,0.00,GBP
TF_RGU070_R05_HOME,C_RGU070_RES_05,UK070,2026,HOME,4786.00,0.00,0.00,GBP
TF_RGU070_R05_INTL,C_RGU070_RES_05,UK070,2026,INTL,16500.00,16500.00,0.00,GBP
TF_BUC071_R01_HOME,C_BUC071_RES_01,UK071,2026,HOME,10500.00,0.00,0.00,GBP
TF_BUC071_R01_INTL,C_BUC071_RES_01,UK071,2026,INTL,19500.00,6435.00,0.00,GBP
TF_BUC071_R02_HOME,C_BUC071_RES_02,UK071,2026,HOME,10500.00,0.00,0.00,GBP
TF_BUC071_R02_INTL,C_BUC071_RES_02,UK071,2026,INTL,19500.00,6435.00,0.00,GBP
TF_BUC071_R03_HOME,C_BUC071_RES_03,UK071,2026,HOME,10500.00,0.00,0.00,GBP
TF_BUC071_R03_INTL,C_BUC071_RES_03,UK071,2026,INTL,19500.00,6435.00,0.00,GBP
TF_BUC071_R04_HOME,C_BUC071_RES_04,UK071,2026,HOME,10500.00,0.00,0.00,GBP
TF_BUC071_R04_INTL,C_BUC071_RES_04,UK071,2026,INTL,19500.00,6435.00,0.00,GBP
TF_BUC071_R05_HOME,C_BUC071_RES_05,UK071,2026,HOME,11500.00,0.00,0.00,GBP
TF_BUC071_R05_INTL,C_BUC071_RES_05,UK071,2026,INTL,22500.00,7425.00,0.00,GBP
TF_NTH073_R01_HOME,C_NTH073_RES_01,UK073,2026,HOME,8700.00,0.00,0.00,GBP
TF_NTH073_R01_INTL,C_NTH073_RES_01,UK073,2026,INTL,16350.00,4905.00,7000.00,GBP
TF_NTH073_R02_HOME,C_NTH073_RES_02,UK073,2026,HOME,8700.00,0.00,0.00,GBP
TF_NTH073_R02_INTL,C_NTH073_RES_02,UK073,2026,INTL,16350.00,4905.00,7000.00,GBP
TF_NTH073_R03_HOME,C_NTH073_RES_03,UK073,2026,HOME,8700.00,0.00,0.00,GBP
TF_NTH073_R03_INTL,C_NTH073_RES_03,UK073,2026,INTL,16350.00,4905.00,7000.00,GBP
TF_NTH073_R04_HOME,C_NTH073_RES_04,UK073,2026,HOME,8700.00,0.00,0.00,GBP
TF_NTH073_R04_INTL,C_NTH073_RES_04,UK073,2026,INTL,16350.00,4905.00,7000.00,GBP
TF_NTH073_R05_HOME,C_NTH073_RES_05,UK073,2026,HOME,8700.00,0.00,0.00,GBP
TF_NTH073_R05_INTL,C_NTH073_RES_05,UK073,2026,INTL,16850.00,5055.00,7000.00,GBP
TF_SAL074_R01_HOME,C_SAL074_RES_01,UK074,2026,HOME,4786.00,0.00,0.00,GBP
TF_SAL074_R01_INTL,C_SAL074_RES_01,UK074,2026,INTL,16000.00,5000.00,0.00,GBP
TF_SAL074_R02_HOME,C_SAL074_RES_02,UK074,2026,HOME,4786.00,0.00,0.00,GBP
TF_SAL074_R02_INTL,C_SAL074_RES_02,UK074,2026,INTL,17500.00,5000.00,0.00,GBP
TF_SAL074_R03_HOME,C_SAL074_RES_03,UK074,2026,HOME,4786.00,0.00,0.00,GBP
TF_SAL074_R03_INTL,C_SAL074_RES_03,UK074,2026,INTL,16000.00,5000.00,0.00,GBP
TF_SAL074_R04_HOME,C_SAL074_RES_04,UK074,2026,HOME,4786.00,0.00,0.00,GBP
TF_SAL074_R04_INTL,C_SAL074_RES_04,UK074,2026,INTL,16000.00,5000.00,0.00,GBP
TF_SAL074_R05_HOME,C_SAL074_RES_05,UK074,2026,HOME,4786.00,0.00,0.00,GBP
TF_SAL074_R05_INTL,C_SAL074_RES_05,UK074,2026,INTL,16000.00,5000.00,0.00,GBP
TF_SAL074_R06_HOME,C_SAL074_RES_06,UK074,2026,HOME,4786.00,0.00,0.00,GBP
TF_SAL074_R06_INTL,C_SAL074_RES_06,UK074,2026,INTL,16000.00,5000.00,0.00,GBP
TF_SHE075_R01_HOME,C_SHE075_RES_01,UK075,2026,HOME,11500.00,0.00,0.00,GBP
TF_SHE075_R01_INTL,C_SHE075_RES_01,UK075,2026,INTL,25000.00,12500.00,0.00,GBP
TF_SHE075_R02_HOME,C_SHE075_RES_02,UK075,2026,HOME,11500.00,0.00,0.00,GBP
TF_SHE075_R02_INTL,C_SHE075_RES_02,UK075,2026,INTL,30000.00,15000.00,0.00,GBP
TF_SHE075_R03_HOME,C_SHE075_RES_03,UK075,2026,HOME,11500.00,0.00,0.00,GBP
TF_SHE075_R03_INTL,C_SHE075_RES_03,UK075,2026,INTL,28500.00,14250.00,0.00,GBP
TF_SHE075_R04_HOME,C_SHE075_RES_04,UK075,2026,HOME,11500.00,0.00,0.00,GBP
TF_SHE075_R04_INTL,C_SHE075_RES_04,UK075,2026,INTL,25000.00,12500.00,0.00,GBP
TF_SHE075_R05_HOME,C_SHE075_RES_05,UK075,2026,HOME,11500.00,0.00,0.00,GBP
TF_SHE075_R05_INTL,C_SHE075_RES_05,UK075,2026,INTL,25000.00,12500.00,0.00,GBP
TF_SHE075_R06_HOME,C_SHE075_RES_06,UK075,2026,HOME,11500.00,0.00,0.00,GBP
TF_SHE075_R06_INTL,C_SHE075_RES_06,UK075,2026,INTL,28500.00,14250.00,0.00,GBP
TF_UWL076_R01_HOME,C_UWL076_RES_01,UK076,2026,HOME,4786.00,0.00,0.00,GBP
TF_UWL076_R01_INTL,C_UWL076_RES_01,UK076,2026,INTL,16250.00,5000.00,0.00,GBP
TF_UWL076_R02_HOME,C_UWL076_RES_02,UK076,2026,HOME,4786.00,0.00,0.00,GBP
TF_UWL076_R02_INTL,C_UWL076_RES_02,UK076,2026,INTL,16250.00,5000.00,0.00,GBP
TF_UWL076_R03_HOME,C_UWL076_RES_03,UK076,2026,HOME,4786.00,0.00,0.00,GBP
TF_UWL076_R03_INTL,C_UWL076_RES_03,UK076,2026,INTL,16250.00,5000.00,0.00,GBP
TF_UWL076_R04_HOME,C_UWL076_RES_04,UK076,2026,HOME,4786.00,0.00,0.00,GBP
TF_UWL076_R04_INTL,C_UWL076_RES_04,UK076,2026,INTL,16250.00,5000.00,0.00,GBP
TF_UWL076_R05_HOME,C_UWL076_RES_05,UK076,2026,HOME,4786.00,0.00,0.00,GBP
TF_UWL076_R05_INTL,C_UWL076_RES_05,UK076,2026,INTL,16250.00,5000.00,0.00,GBP
TF_WIN077_R01_HOME,C_WIN077_RES_01,UK077,2026,HOME,4786.00,0.00,0.00,GBP
TF_WIN077_R01_INTL,C_WIN077_RES_01,UK077,2026,INTL,15500.00,1000.00,0.00,GBP
TF_WIN077_R02_HOME,C_WIN077_RES_02,UK077,2026,HOME,4786.00,0.00,0.00,GBP
TF_WIN077_R02_INTL,C_WIN077_RES_02,UK077,2026,INTL,15500.00,1000.00,0.00,GBP
TF_WIN077_R03_HOME,C_WIN077_RES_03,UK077,2026,HOME,4786.00,0.00,0.00,GBP
TF_WIN077_R03_INTL,C_WIN077_RES_03,UK077,2026,INTL,15500.00,1000.00,0.00,GBP
TF_WIN077_R04_HOME,C_WIN077_RES_04,UK077,2026,HOME,4786.00,0.00,0.00,GBP
TF_WIN077_R04_INTL,C_WIN077_RES_04,UK077,2026,INTL,15500.00,1000.00,0.00,GBP
TF_WIN077_R05_HOME,C_WIN077_RES_05,UK077,2026,HOME,4786.00,0.00,0.00,GBP
TF_WIN077_R05_INTL,C_WIN077_RES_05,UK077,2026,INTL,15500.00,1000.00,0.00,GBP
TF_WOR078_R01_HOME,C_WOR078_RES_01,UK078,2026,HOME,4786.00,0.00,0.00,GBP
TF_WOR078_R01_INTL,C_WOR078_RES_01,UK078,2026,INTL,15700.00,3000.00,0.00,GBP
TF_WOR078_R02_HOME,C_WOR078_RES_02,UK078,2026,HOME,4786.00,0.00,0.00,GBP
TF_WOR078_R02_INTL,C_WOR078_RES_02,UK078,2026,INTL,15700.00,3000.00,0.00,GBP
TF_WOR078_R03_HOME,C_WOR078_RES_03,UK078,2026,HOME,4786.00,0.00,0.00,GBP
TF_WOR078_R03_INTL,C_WOR078_RES_03,UK078,2026,INTL,15700.00,3000.00,0.00,GBP
TF_WOR078_R04_HOME,C_WOR078_RES_04,UK078,2026,HOME,4786.00,0.00,0.00,GBP
TF_WOR078_R04_INTL,C_WOR078_RES_04,UK078,2026,INTL,15700.00,3000.00,0.00,GBP
TF_WOR078_R05_HOME,C_WOR078_RES_05,UK078,2026,HOME,4786.00,0.00,0.00,GBP
TF_WOR078_R05_INTL,C_WOR078_RES_05,UK078,2026,INTL,15700.00,3000.00,0.00,GBP
TF_UCB079_R01_HOME,C_UCB079_RES_01,UK079,2026,HOME,9250.00,0.00,0.00,GBP
TF_UCB079_R01_INTL,C_UCB079_RES_01,UK079,2026,INTL,14500.00,0.00,0.00,GBP
TF_UCB079_R02_HOME,C_UCB079_RES_02,UK079,2026,HOME,9250.00,0.00,0.00,GBP
TF_UCB079_R02_INTL,C_UCB079_RES_02,UK079,2026,INTL,14500.00,0.00,0.00,GBP
TF_UCL080_R01_HOME,C_UCL080_RES_01,UK080,2026,HOME,12500.00,0.00,0.00,GBP
TF_UCL080_R01_INTL,C_UCL080_RES_01,UK080,2026,INTL,29500.00,0.00,2000.00,GBP
TF_UCL080_R02_HOME,C_UCL080_RES_02,UK080,2026,HOME,14200.00,0.00,0.00,GBP
TF_UCL080_R02_INTL,C_UCL080_RES_02,UK080,2026,INTL,32100.00,0.00,2000.00,GBP
TF_UCL080_R03_HOME,C_UCL080_RES_03,UK080,2026,HOME,16500.00,0.00,0.00,GBP
TF_UCL080_R03_INTL,C_UCL080_RES_03,UK080,2026,INTL,35000.00,0.00,2000.00,GBP
TF_UCL080_R04_HOME,C_UCL080_RES_04,UK080,2026,HOME,15000.00,0.00,0.00,GBP
TF_UCL080_R04_INTL,C_UCL080_RES_04,UK080,2026,INTL,38000.00,0.00,2000.00,GBP
TF_UCL080_R05_HOME,C_UCL080_RES_05,UK080,2026,HOME,0.00,22000.00,0.00,GBP
TF_UCL080_R05_INTL,C_UCL080_RES_05,UK080,2026,INTL,0.00,22000.00,0.00,GBP
TF_UCL080_R06_HOME,C_UCL080_RES_06,UK080,2026,HOME,10500.00,0.00,0.00,GBP
TF_UCL080_R06_INTL,C_UCL080_RES_06,UK080,2026,INTL,29000.00,0.00,2000.00,GBP
TF_UCL080_R07_HOME,C_UCL080_RES_07,UK080,2026,HOME,16500.00,0.00,0.00,GBP
TF_UCL080_R07_INTL,C_UCL080_RES_07,UK080,2026,INTL,35000.00,0.00,2000.00,GBP
TF_UCL080_R08_HOME,C_UCL080_RES_08,UK080,2026,HOME,14200.00,0.00,0.00,GBP
TF_UCL080_R08_INTL,C_UCL080_RES_08,UK080,2026,INTL,32100.00,0.00,2000.00,GBP
TF_UCA081_RES_UK,C_UCA081_RES_01,UK081,2026,UK,5840.00,0.00,0.00,GBP
TF_UCA081_RES_INTL,C_UCA081_RES_01,UK081,2026,INTL,18540.00,0.00,2500.00,GBP
TF_UCA081_RES_UK,C_UCA081_RES_02,UK081,2026,UK,5840.00,0.00,0.00,GBP
TF_UCA081_RES_INTL,C_UCA081_RES_02,UK081,2026,INTL,18540.00,0.00,2500.00,GBP
TF_UCA081_RES_UK,C_UCA081_RES_03,UK081,2026,UK,5840.00,0.00,0.00,GBP
TF_UCA081_RES_INTL,C_UCA081_RES_03,UK081,2026,INTL,18540.00,0.00,2500.00,GBP
TF_ABD082_RES_UK,C_ABD082_RES_01,UK082,2026,UK,11100.00,0.00,0.00,GBP
TF_ABD082_RES_INTL,C_ABD082_RES_01,UK082,2026,INTL,27300.00,8000.00,1000.00,GBP
TF_ABD082_RES_UK,C_ABD082_RES_02,UK082,2026,UK,11100.00,0.00,0.00,GBP
TF_ABD082_RES_INTL,C_ABD082_RES_02,UK082,2026,INTL,23000.00,8000.00,1000.00,GBP
TF_ABD082_RES_UK,C_ABD082_RES_03,UK082,2026,UK,11100.00,0.00,0.00,GBP
TF_ABD082_RES_INTL,C_ABD082_RES_03,UK082,2026,INTL,26250.00,8000.00,1000.00,GBP
TF_ABD082_RES_UK,C_ABD082_RES_04,UK082,2026,UK,11100.00,0.00,0.00,GBP
TF_ABD082_RES_INTL,C_ABD082_RES_04,UK082,2026,INTL,23000.00,8000.00,1000.00,GBP
TF_ABD082_RES_UK,C_ABD082_RES_05,UK082,2026,UK,11100.00,0.00,0.00,GBP
TF_ABD082_RES_INTL,C_ABD082_RES_05,UK082,2026,INTL,23000.00,8000.00,1000.00,GBP
TF_ABD082_RES_UK,C_ABD082_RES_06,UK082,2026,UK,11100.00,0.00,0.00,GBP
TF_ABD082_RES_INTL,C_ABD082_RES_06,UK082,2026,INTL,23000.00,8000.00,1000.00,GBP
TF_BAT083_RES_UK,C_BAT083_RES_01,UK083,2026,UK,4900.00,0.00,0.00,GBP
TF_BAT083_RES_INTL,C_BAT083_RES_01,UK083,2026,INTL,23500.00,10000.00,1000.00,GBP
TF_BAT083_RES_UK,C_BAT083_RES_02,UK083,2026,UK,4900.00,0.00,0.00,GBP
TF_BAT083_RES_INTL,C_BAT083_RES_02,UK083,2026,INTL,23500.00,10000.00,1000.00,GBP
TF_BAT083_RES_UK,C_BAT083_RES_03,UK083,2026,UK,4900.00,0.00,0.00,GBP
TF_BAT083_RES_INTL,C_BAT083_RES_03,UK083,2026,INTL,23500.00,10000.00,1000.00,GBP
TF_BAT083_RES_UK,C_BAT083_RES_04,UK083,2026,UK,4900.00,0.00,0.00,GBP
TF_BAT083_RES_INTL,C_BAT083_RES_04,UK083,2026,INTL,23500.00,10000.00,1000.00,GBP
TF_BAT083_RES_UK,C_BAT083_RES_05,UK083,2026,UK,4900.00,0.00,0.00,GBP
TF_BAT083_RES_INTL,C_BAT083_RES_05,UK083,2026,INTL,23500.00,10000.00,1000.00,GBP
TF_BAT083_RES_UK,C_BAT083_RES_06,UK083,2026,UK,4900.00,0.00,0.00,GBP
TF_BAT083_RES_INTL,C_BAT083_RES_06,UK083,2026,INTL,23500.00,10000.00,1000.00,GBP
TF_BAT083_RES_UK,C_BAT083_RES_07,UK083,2026,UK,4900.00,0.00,0.00,GBP
TF_BAT083_RES_INTL,C_BAT083_RES_07,UK083,2026,INTL,23500.00,10000.00,1000.00,GBP
TF_BIR085_RES_UK,C_BIR085_RES_01,UK085,2026,UK,7263.00,0.00,0.00,GBP
TF_BIR085_RES_INTL,C_BIR085_RES_01,UK085,2026,INTL,22880.00,10000.00,3000.00,GBP
TF_BIR085_RES_UK,C_BIR085_RES_02,UK085,2026,UK,13500.00,0.00,0.00,GBP
TF_BIR085_RES_INTL,C_BIR085_RES_02,UK085,2026,INTL,23580.00,10000.00,3000.00,GBP
TF_BIR085_RES_UK,C_BIR085_RES_03,UK085,2026,UK,7263.00,0.00,0.00,GBP
TF_BIR085_RES_INTL,C_BIR085_RES_03,UK085,2026,INTL,22880.00,10000.00,3000.00,GBP
TF_BIR085_RES_UK,C_BIR085_RES_04,UK085,2026,UK,7263.00,0.00,0.00,GBP
TF_BIR085_RES_INTL,C_BIR085_RES_04,UK085,2026,INTL,25190.00,10000.00,3000.00,GBP
TF_BIR085_RES_UK,C_BIR085_RES_05,UK085,2026,UK,7970.00,0.00,0.00,GBP
TF_BIR085_RES_INTL,C_BIR085_RES_05,UK085,2026,INTL,27360.00,10000.00,3000.00,GBP
TF_BIR085_RES_UK,C_BIR085_RES_06,UK085,2026,UK,7970.00,0.00,0.00,GBP
TF_BIR085_RES_INTL,C_BIR085_RES_06,UK085,2026,INTL,29310.00,10000.00,3000.00,GBP
TF_BIR085_RES_UK,C_BIR085_RES_07,UK085,2026,UK,7263.00,0.00,0.00,GBP
TF_BIR085_RES_INTL,C_BIR085_RES_07,UK085,2026,INTL,22880.00,10000.00,3000.00,GBP
TF_BED084_RES_UK,C_BED084_RES_01,UK084,2026,UK,4850.00,0.00,0.00,GBP
TF_BED084_RES_INTL,C_BED084_RES_01,UK084,2026,INTL,16500.00,1000.00,3000.00,GBP
TF_BED084_RES_UK,C_BED084_RES_02,UK084,2026,UK,4850.00,0.00,0.00,GBP
TF_BED084_RES_INTL,C_BED084_RES_02,UK084,2026,INTL,16500.00,1000.00,3000.00,GBP
TF_BED084_RES_UK,C_BED084_RES_03,UK084,2026,UK,4850.00,0.00,0.00,GBP
TF_BED084_RES_INTL,C_BED084_RES_03,UK084,2026,INTL,16500.00,1000.00,3000.00,GBP
TF_BED084_RES_UK,C_BED084_RES_04,UK084,2026,UK,4850.00,0.00,0.00,GBP
TF_BED084_RES_INTL,C_BED084_RES_04,UK084,2026,INTL,16500.00,1000.00,3000.00,GBP
TF_BED084_RES_UK,C_BED084_RES_05,UK084,2026,UK,4850.00,0.00,0.00,GBP
TF_BED084_RES_INTL,C_BED084_RES_05,UK084,2026,INTL,16500.00,1000.00,3000.00,GBP
TF_BRA086_RES_UK,C_BRA086_RES_01,UK086,2026,UK,9940.00,0.00,0.00,GBP
TF_BRA086_RES_INTL,C_BRA086_RES_01,UK086,2026,INTL,19500.00,5000.00,9750.00,GBP
TF_BRA086_RES_UK,C_BRA086_RES_02,UK086,2026,UK,9940.00,0.00,0.00,GBP
TF_BRA086_RES_INTL,C_BRA086_RES_02,UK086,2026,INTL,19500.00,5000.00,9750.00,GBP
TF_BRA086_RES_UK,C_BRA086_RES_03,UK086,2026,UK,8340.00,0.00,0.00,GBP
TF_BRA086_RES_INTL,C_BRA086_RES_03,UK086,2026,INTL,15700.00,5000.00,7850.00,GBP
TF_BRA086_RES_UK,C_BRA086_RES_04,UK086,2026,UK,9940.00,0.00,0.00,GBP
TF_BRA086_RES_INTL,C_BRA086_RES_04,UK086,2026,INTL,19500.00,5000.00,9750.00,GBP
TF_BRA086_RES_UK,C_BRA086_RES_05,UK086,2026,UK,9940.00,0.00,0.00,GBP
TF_BRA086_RES_INTL,C_BRA086_RES_05,UK086,2026,INTL,19500.00,5000.00,9750.00,GBP
TF_BRA086_RES_UK,C_BRA086_RES_06,UK086,2026,UK,9940.00,0.00,0.00,GBP
TF_BRA086_RES_INTL,C_BRA086_RES_06,UK086,2026,INTL,19500.00,5000.00,9750.00,GBP
TF_BRI088_RES_UK,C_BRI088_RES_01,UK088,2026,UK,6400.00,0.00,0.00,GBP
TF_BRI088_RES_INTL,C_BRI088_RES_01,UK088,2026,INTL,18500.00,2500.00,3000.00,GBP
TF_BRI088_RES_UK,C_BRI088_RES_02,UK088,2026,UK,6400.00,0.00,0.00,GBP
TF_BRI088_RES_INTL,C_BRI088_RES_02,UK088,2026,INTL,18500.00,2500.00,3000.00,GBP
TF_BRI088_RES_UK,C_BRI088_RES_03,UK088,2026,UK,6400.00,0.00,0.00,GBP
TF_BRI088_RES_INTL,C_BRI088_RES_03,UK088,2026,INTL,16900.00,2500.00,3000.00,GBP
TF_BRI088_RES_UK,C_BRI088_RES_04,UK088,2026,UK,6400.00,0.00,0.00,GBP
TF_BRI088_RES_INTL,C_BRI088_RES_04,UK088,2026,INTL,17800.00,2500.00,3000.00,GBP
TF_BRI088_RES_UK,C_BRI088_RES_05,UK088,2026,UK,6400.00,0.00,0.00,GBP
TF_BRI088_RES_INTL,C_BRI088_RES_05,UK088,2026,INTL,17800.00,2500.00,3000.00,GBP
TF_BRI088_RES_UK,C_BRI088_RES_06,UK088,2026,UK,6400.00,0.00,0.00,GBP
TF_BRI088_RES_INTL,C_BRI088_RES_06,UK088,2026,INTL,16900.00,2500.00,3000.00,GBP
TF_BRS089_RES_UK,C_BRS089_RES_01,UK089,2026,UK,12100.00,0.00,0.00,GBP
TF_BRS089_RES_INTL,C_BRS089_RES_01,UK089,2026,INTL,24600.00,13000.00,2000.00,GBP
TF_BRS089_RES_UK,C_BRS089_RES_02,UK089,2026,UK,11000.00,0.00,0.00,GBP
TF_BRS089_RES_INTL,C_BRS089_RES_02,UK089,2026,INTL,31200.00,13000.00,2000.00,GBP
TF_BRS089_RES_UK,C_BRS089_RES_03,UK089,2026,UK,11000.00,0.00,0.00,GBP
TF_BRS089_RES_INTL,C_BRS089_RES_03,UK089,2026,INTL,23800.00,13000.00,2000.00,GBP
TF_BRS089_RES_UK,C_BRS089_RES_04,UK089,2026,UK,12300.00,0.00,0.00,GBP
TF_BRS089_RES_INTL,C_BRS089_RES_04,UK089,2026,INTL,28200.00,13000.00,2000.00,GBP
TF_BRS089_RES_UK,C_BRS089_RES_05,UK089,2026,UK,11000.00,0.00,0.00,GBP
TF_BRS089_RES_INTL,C_BRS089_RES_05,UK089,2026,INTL,23800.00,13000.00,2000.00,GBP
TF_BRS089_RES_UK,C_BRS089_RES_06,UK089,2026,UK,11000.00,0.00,0.00,GBP
TF_BRS089_RES_INTL,C_BRS089_RES_06,UK089,2026,INTL,23800.00,13000.00,2000.00,GBP
TF_CAM090_RES_UK,C_CAM090_RES_01,UK090,2026,UK,15672.00,0.00,0.00,GBP
TF_CAM090_RES_INTL,C_CAM090_RES_01,UK090,2026,INTL,52100.00,52100.00,0.00,GBP
TF_CAM090_RES_UK,C_CAM090_RES_02,UK090,2026,UK,12500.00,0.00,0.00,GBP
TF_CAM090_RES_INTL,C_CAM090_RES_02,UK090,2026,INTL,44214.00,44214.00,0.00,GBP
TF_CAM090_RES_UK,C_CAM090_RES_03,UK090,2026,UK,15672.00,0.00,0.00,GBP
TF_CAM090_RES_INTL,C_CAM090_RES_03,UK090,2026,INTL,52100.00,52100.00,0.00,GBP
TF_CAM090_RES_UK,C_CAM090_RES_04,UK090,2026,UK,14500.00,0.00,0.00,GBP
TF_CAM090_RES_INTL,C_CAM090_RES_04,UK090,2026,INTL,29052.00,29052.00,0.00,GBP
TF_CAM090_RES_UK,C_CAM090_RES_05,UK090,2026,UK,16752.00,0.00,0.00,GBP
TF_CAM090_RES_INTL,C_CAM090_RES_05,UK090,2026,INTL,42468.00,42468.00,0.00,GBP
TF_CAM090_RES_UK,C_CAM090_RES_06,UK090,2026,UK,12500.00,0.00,0.00,GBP
TF_CAM090_RES_INTL,C_CAM090_RES_06,UK090,2026,INTL,44214.00,44214.00,0.00,GBP
TF_CHE091_RES_UK,C_CHE091_RES_01,UK091,2026,UK,5130.00,0.00,0.00,GBP
TF_CHE091_RES_INTL,C_CHE091_RES_01,UK091,2026,INTL,15750.00,1000.00,3000.00,GBP
TF_CHE091_RES_UK,C_CHE091_RES_02,UK091,2026,UK,5130.00,0.00,0.00,GBP
TF_CHE091_RES_INTL,C_CHE091_RES_02,UK091,2026,INTL,15750.00,1000.00,3000.00,GBP
TF_CHE091_RES_UK,C_CHE091_RES_03,UK091,2026,UK,5130.00,0.00,0.00,GBP
TF_CHE091_RES_INTL,C_CHE091_RES_03,UK091,2026,INTL,15750.00,1000.00,3000.00,GBP
TF_CHE091_RES_UK,C_CHE091_RES_04,UK091,2026,UK,5130.00,0.00,0.00,GBP
TF_CHE091_RES_INTL,C_CHE091_RES_04,UK091,2026,INTL,15750.00,1000.00,3000.00,GBP
TF_CHE091_RES_UK,C_CHE091_RES_05,UK091,2026,UK,5130.00,0.00,0.00,GBP
TF_CHE091_RES_INTL,C_CHE091_RES_05,UK091,2026,INTL,15750.00,1000.00,3000.00,GBP
TF_CHI093_RES_UK,C_CHI093_RES_01,UK093,2026,UK,4786.00,0.00,0.00,GBP
TF_CHI093_RES_INTL,C_CHI093_RES_01,UK093,2026,INTL,14500.00,2500.00,2000.00,GBP
TF_CHI093_RES_UK,C_CHI093_RES_02,UK093,2026,UK,4786.00,0.00,0.00,GBP
TF_CHI093_RES_INTL,C_CHI093_RES_02,UK093,2026,INTL,14500.00,2500.00,2000.00,GBP
TF_CHI093_RES_UK,C_CHI093_RES_03,UK093,2026,UK,4786.00,0.00,0.00,GBP
TF_CHI093_RES_INTL,C_CHI093_RES_03,UK093,2026,INTL,14500.00,2500.00,2000.00,GBP
TF_CHI093_RES_UK,C_CHI093_RES_04,UK093,2026,UK,4786.00,0.00,0.00,GBP
TF_CHI093_RES_INTL,C_CHI093_RES_04,UK093,2026,INTL,14500.00,2500.00,2000.00,GBP
TF_CUM094_RES_UK,C_CUM094_RES_01,UK094,2026,UK,4786.00,0.00,0.00,GBP
TF_CUM094_RES_INTL,C_CUM094_RES_01,UK094,2026,INTL,13575.00,1000.00,6787.00,GBP
TF_CUM094_RES_UK,C_CUM094_RES_02,UK094,2026,UK,4786.00,0.00,0.00,GBP
TF_CUM094_RES_INTL,C_CUM094_RES_02,UK094,2026,INTL,13575.00,1000.00,6787.00,GBP
TF_CUM094_RES_UK,C_CUM094_RES_03,UK094,2026,UK,4786.00,0.00,0.00,GBP
TF_CUM094_RES_INTL,C_CUM094_RES_03,UK094,2026,INTL,13575.00,1000.00,6787.00,GBP
TF_CUM094_RES_UK,C_CUM094_RES_04,UK094,2026,UK,4786.00,0.00,0.00,GBP
TF_CUM094_RES_INTL,C_CUM094_RES_04,UK094,2026,INTL,13575.00,1000.00,6787.00,GBP
TF_DER095_RES_UK,C_DER095_RES_01,UK095,2026,UK,6500.00,0.00,0.00,GBP
TF_DER095_RES_INTL,C_DER095_RES_01,UK095,2026,INTL,16000.00,3000.00,3000.00,GBP
TF_DER095_RES_UK,C_DER095_RES_02,UK095,2026,UK,6500.00,0.00,0.00,GBP
TF_DER095_RES_INTL,C_DER095_RES_02,UK095,2026,INTL,16500.00,3000.00,3000.00,GBP
TF_DER095_RES_UK,C_DER095_RES_03,UK095,2026,UK,6500.00,0.00,0.00,GBP
TF_DER095_RES_INTL,C_DER095_RES_03,UK095,2026,INTL,16500.00,3000.00,3000.00,GBP
TF_DER095_RES_UK,C_DER095_RES_04,UK095,2026,UK,6500.00,0.00,0.00,GBP
TF_DER095_RES_INTL,C_DER095_RES_04,UK095,2026,INTL,16000.00,3000.00,3000.00,GBP
TF_DUN096_RES_UK,C_DUN096_RES_01,UK096,2026,UK,10500.00,0.00,0.00,GBP
TF_DUN096_RES_INTL,C_DUN096_RES_01,UK096,2026,INTL,21900.00,7500.00,5000.00,GBP
TF_DUN096_RES_UK,C_DUN096_RES_02,UK096,2026,UK,11100.00,0.00,0.00,GBP
TF_DUN096_RES_INTL,C_DUN096_RES_02,UK096,2026,INTL,28200.00,7500.00,5000.00,GBP
TF_DUN096_RES_UK,C_DUN096_RES_03,UK096,2026,UK,10500.00,0.00,0.00,GBP
TF_DUN096_RES_INTL,C_DUN096_RES_03,UK096,2026,INTL,24720.00,7500.00,5000.00,GBP
TF_DUN096_RES_UK,C_DUN096_RES_04,UK096,2026,UK,10500.00,0.00,0.00,GBP
TF_DUN096_RES_INTL,C_DUN096_RES_04,UK096,2026,INTL,21900.00,7500.00,5000.00,GBP
TF_DUN096_RES_UK,C_DUN096_RES_05,UK096,2026,UK,10500.00,0.00,0.00,GBP
TF_DUN096_RES_INTL,C_DUN096_RES_05,UK096,2026,INTL,32052.00,7500.00,5000.00,GBP
TF_DUN096_RES_UK,C_DUN096_RES_06,UK096,2026,UK,10500.00,0.00,0.00,GBP
TF_DUN096_RES_INTL,C_DUN096_RES_06,UK096,2026,INTL,23700.00,7500.00,5000.00,GBP
TF_DUR097_RES_UK,C_DUR097_RES_01,UK097,2026,UK,5000.00,0.00,0.00,GBP
TF_DUR097_RES_INTL,C_DUR097_RES_01,UK097,2026,INTL,24500.00,5000.00,1000.00,GBP
TF_DUR097_RES_UK,C_DUR097_RES_02,UK097,2026,UK,5000.00,0.00,0.00,GBP
TF_DUR097_RES_INTL,C_DUR097_RES_02,UK097,2026,INTL,24500.00,5000.00,1000.00,GBP
TF_DUR097_RES_UK,C_DUR097_RES_03,UK097,2026,UK,5000.00,0.00,0.00,GBP
TF_DUR097_RES_INTL,C_DUR097_RES_03,UK097,2026,INTL,24500.00,5000.00,1000.00,GBP
TF_DUR097_RES_UK,C_DUR097_RES_04,UK097,2026,UK,5000.00,0.00,0.00,GBP
TF_DUR097_RES_INTL,C_DUR097_RES_04,UK097,2026,INTL,24500.00,5000.00,1000.00,GBP
TF_DUR097_RES_UK,C_DUR097_RES_05,UK097,2026,UK,5000.00,0.00,0.00,GBP
TF_DUR097_RES_INTL,C_DUR097_RES_05,UK097,2026,INTL,31500.00,5000.00,1000.00,GBP
TF_DUR097_RES_UK,C_DUR097_RES_06,UK097,2026,UK,5000.00,0.00,0.00,GBP
TF_DUR097_RES_INTL,C_DUR097_RES_06,UK097,2026,INTL,31500.00,5000.00,1000.00,GBP
TF_DUR097_RES_UK,C_DUR097_RES_07,UK097,2026,UK,5000.00,0.00,0.00,GBP
TF_DUR097_RES_INTL,C_DUR097_RES_07,UK097,2026,INTL,24500.00,5000.00,1000.00,GBP
TF_UEA098_RES_UK,C_UEA098_RES_01,UK098,2026,UK,11200.00,0.00,0.00,GBP
TF_UEA098_RES_INTL,C_UEA098_RES_01,UK098,2026,INTL,23850.00,5000.00,2000.00,GBP
TF_UEA098_RES_UK,C_UEA098_RES_02,UK098,2026,UK,11200.00,0.00,0.00,GBP
TF_UEA098_RES_INTL,C_UEA098_RES_02,UK098,2026,INTL,23850.00,5000.00,2000.00,GBP
TF_UEA098_RES_UK,C_UEA098_RES_03,UK098,2026,UK,11200.00,0.00,0.00,GBP
TF_UEA098_RES_INTL,C_UEA098_RES_03,UK098,2026,INTL,25700.00,5000.00,2000.00,GBP
TF_UEA098_RES_UK,C_UEA098_RES_04,UK098,2026,UK,11200.00,0.00,0.00,GBP
TF_UEA098_RES_INTL,C_UEA098_RES_04,UK098,2026,INTL,23850.00,5000.00,2000.00,GBP
TF_UEA098_RES_UK,C_UEA098_RES_05,UK098,2026,UK,11200.00,0.00,0.00,GBP
TF_UEA098_RES_INTL,C_UEA098_RES_05,UK098,2026,INTL,23850.00,5000.00,2000.00,GBP
TF_UEA098_RES_UK,C_UEA098_RES_06,UK098,2026,UK,11200.00,0.00,0.00,GBP
TF_UEA098_RES_INTL,C_UEA098_RES_06,UK098,2026,INTL,23850.00,5000.00,2000.00,GBP
TF_UEL099_RES_UK,C_UEL099_RES_01,UK099,2026,UK,6320.00,0.00,0.00,GBP
TF_UEL099_RES_INTL,C_UEL099_RES_01,UK099,2026,INTL,16900.00,8450.00,1500.00,GBP
TF_UEL099_RES_UK,C_UEL099_RES_02,UK099,2026,UK,6320.00,0.00,0.00,GBP
TF_UEL099_RES_INTL,C_UEL099_RES_02,UK099,2026,INTL,16900.00,8450.00,1500.00,GBP
TF_UEL099_RES_UK,C_UEL099_RES_03,UK099,2026,UK,6320.00,0.00,0.00,GBP
TF_UEL099_RES_INTL,C_UEL099_RES_03,UK099,2026,INTL,16900.00,8450.00,1500.00,GBP
TF_UEL099_RES_UK,C_UEL099_RES_04,UK099,2026,UK,6320.00,0.00,0.00,GBP
TF_UEL099_RES_INTL,C_UEL099_RES_04,UK099,2026,INTL,16900.00,8450.00,1500.00,GBP
TF_UEL099_RES_UK,C_UEL099_RES_05,UK099,2026,UK,6320.00,0.00,0.00,GBP
TF_UEL099_RES_INTL,C_UEL099_RES_05,UK099,2026,INTL,16900.00,8450.00,1500.00,GBP
TF_UEL099_RES_UK,C_UEL099_RES_06,UK099,2026,UK,6320.00,0.00,0.00,GBP
TF_UEL099_RES_INTL,C_UEL099_RES_06,UK099,2026,INTL,16900.00,8450.00,1500.00,GBP
TF_EDI100_RES_UK,C_EDI100_RES_01,UK100,2026,UK,5100.00,0.00,0.00,GBP
TF_EDI100_RES_INTL,C_EDI100_RES_01,UK100,2026,INTL,28500.00,5000.00,0.00,GBP
TF_EDI100_RES_UK,C_EDI100_RES_02,UK100,2026,UK,5100.00,0.00,0.00,GBP
TF_EDI100_RES_INTL,C_EDI100_RES_02,UK100,2026,INTL,28500.00,5000.00,0.00,GBP
TF_EDI100_RES_UK,C_EDI100_RES_03,UK100,2026,UK,5100.00,0.00,0.00,GBP
TF_EDI100_RES_INTL,C_EDI100_RES_03,UK100,2026,INTL,34500.00,5000.00,0.00,GBP
TF_EDI100_RES_UK,C_EDI100_RES_04,UK100,2026,UK,5100.00,0.00,0.00,GBP
TF_EDI100_RES_INTL,C_EDI100_RES_04,UK100,2026,INTL,34500.00,5000.00,0.00,GBP
TF_EDI100_RES_UK,C_EDI100_RES_05,UK100,2026,UK,5100.00,0.00,0.00,GBP
TF_EDI100_RES_INTL,C_EDI100_RES_05,UK100,2026,INTL,28500.00,5000.00,0.00,GBP
TF_EDI100_RES_UK,C_EDI100_RES_06,UK100,2026,UK,5100.00,0.00,0.00,GBP
TF_EDI100_RES_INTL,C_EDI100_RES_06,UK100,2026,INTL,34500.00,5000.00,0.00,GBP
TF_ESS101_RES_UK,C_ESS101_RES_01,UK101,2026,UK,11100.00,0.00,0.00,GBP
TF_ESS101_RES_INTL,C_ESS101_RES_01,UK101,2026,INTL,23500.00,5000.00,2000.00,GBP
TF_ESS101_RES_UK,C_ESS101_RES_02,UK101,2026,UK,11100.00,0.00,0.00,GBP
TF_ESS101_RES_INTL,C_ESS101_RES_02,UK101,2026,INTL,21500.00,5000.00,2000.00,GBP
TF_ESS101_RES_UK,C_ESS101_RES_03,UK101,2026,UK,11100.00,0.00,0.00,GBP
TF_ESS101_RES_INTL,C_ESS101_RES_03,UK101,2026,INTL,21500.00,5000.00,2000.00,GBP
TF_ESS101_RES_UK,C_ESS101_RES_04,UK101,2026,UK,11100.00,0.00,0.00,GBP
TF_ESS101_RES_INTL,C_ESS101_RES_04,UK101,2026,INTL,21500.00,5000.00,2000.00,GBP
TF_ESS101_RES_UK,C_ESS101_RES_05,UK101,2026,UK,11100.00,0.00,0.00,GBP
TF_ESS101_RES_INTL,C_ESS101_RES_05,UK101,2026,INTL,21500.00,5000.00,2000.00,GBP
TF_ESS101_RES_UK,C_ESS101_RES_06,UK101,2026,UK,11100.00,0.00,0.00,GBP
TF_ESS101_RES_INTL,C_ESS101_RES_06,UK101,2026,INTL,23500.00,5000.00,2000.00,GBP
TF_EXE102_RES_UK,C_EXE102_RES_01,UK102,2026,UK,11200.00,0.00,0.00,GBP
TF_EXE102_RES_INTL,C_EXE102_RES_01,UK102,2026,INTL,24300.00,10000.00,2000.00,GBP
TF_EXE102_RES_UK,C_EXE102_RES_02,UK102,2026,UK,11200.00,0.00,0.00,GBP
TF_EXE102_RES_INTL,C_EXE102_RES_02,UK102,2026,INTL,27500.00,10000.00,2000.00,GBP
TF_EXE102_RES_UK,C_EXE102_RES_03,UK102,2026,UK,11200.00,0.00,0.00,GBP
TF_EXE102_RES_INTL,C_EXE102_RES_03,UK102,2026,INTL,24300.00,10000.00,2000.00,GBP
TF_EXE102_RES_UK,C_EXE102_RES_04,UK102,2026,UK,11200.00,0.00,0.00,GBP
TF_EXE102_RES_INTL,C_EXE102_RES_04,UK102,2026,INTL,24300.00,10000.00,2000.00,GBP
TF_EXE102_RES_UK,C_EXE102_RES_05,UK102,2026,UK,11200.00,0.00,0.00,GBP
TF_EXE102_RES_INTL,C_EXE102_RES_05,UK102,2026,INTL,27500.00,10000.00,2000.00,GBP
TF_EXE102_RES_UK,C_EXE102_RES_06,UK102,2026,UK,11200.00,0.00,0.00,GBP
TF_EXE102_RES_INTL,C_EXE102_RES_06,UK102,2026,INTL,27500.00,10000.00,2000.00,GBP
TF_GLA103_RES_UK,C_GLA103_RES_01,UK103,2026,UK,11100.00,0.00,0.00,GBP
TF_GLA103_RES_INTL,C_GLA103_RES_01,UK103,2026,INTL,24000.00,10000.00,5000.00,GBP
TF_GLA103_RES_UK,C_GLA103_RES_02,UK103,2026,UK,11100.00,0.00,0.00,GBP
TF_GLA103_RES_INTL,C_GLA103_RES_02,UK103,2026,INTL,30000.00,10000.00,5000.00,GBP
TF_GLA103_RES_UK,C_GLA103_RES_03,UK103,2026,UK,11100.00,0.00,0.00,GBP
TF_GLA103_RES_INTL,C_GLA103_RES_03,UK103,2026,INTL,24000.00,10000.00,5000.00,GBP
TF_GLA103_RES_UK,C_GLA103_RES_04,UK103,2026,UK,11100.00,0.00,0.00,GBP
TF_GLA103_RES_INTL,C_GLA103_RES_04,UK103,2026,INTL,24000.00,10000.00,5000.00,GBP
TF_GLA103_RES_UK,C_GLA103_RES_05,UK103,2026,UK,11100.00,0.00,0.00,GBP
TF_GLA103_RES_INTL,C_GLA103_RES_05,UK103,2026,INTL,27000.00,10000.00,5000.00,GBP
TF_GLA103_RES_UK,C_GLA103_RES_06,UK103,2026,UK,11100.00,0.00,0.00,GBP
TF_GLA103_RES_INTL,C_GLA103_RES_06,UK103,2026,INTL,30000.00,10000.00,5000.00,GBP
TF_GLO104_RES_UK,C_GLO104_RES_01,UK104,2026,UK,4786.00,0.00,0.00,GBP
TF_GLO104_RES_INTL,C_GLO104_RES_01,UK104,2026,INTL,16300.00,3000.00,3000.00,GBP
TF_GLO104_RES_UK,C_GLO104_RES_02,UK104,2026,UK,4786.00,0.00,0.00,GBP
TF_GLO104_RES_INTL,C_GLO104_RES_02,UK104,2026,INTL,16300.00,3000.00,3000.00,GBP
TF_GLO104_RES_UK,C_GLO104_RES_03,UK104,2026,UK,4786.00,0.00,0.00,GBP
TF_GLO104_RES_INTL,C_GLO104_RES_03,UK104,2026,INTL,16300.00,3000.00,3000.00,GBP
TF_GLO104_RES_UK,C_GLO104_RES_04,UK104,2026,UK,4786.00,0.00,0.00,GBP
TF_GLO104_RES_INTL,C_GLO104_RES_04,UK104,2026,INTL,16300.00,3000.00,3000.00,GBP
TF_GLO104_RES_UK,C_GLO104_RES_05,UK104,2026,UK,4786.00,0.00,0.00,GBP
TF_GLO104_RES_INTL,C_GLO104_RES_05,UK104,2026,INTL,16300.00,3000.00,3000.00,GBP
TF_GRE106_RES_UK,C_GRE106_RES_01,UK106,2026,UK,4786.00,0.00,0.00,GBP
TF_GRE106_RES_INTL,C_GRE106_RES_01,UK106,2026,INTL,17500.00,3000.00,3000.00,GBP
TF_GRE106_RES_UK,C_GRE106_RES_02,UK106,2026,UK,4786.00,0.00,0.00,GBP
TF_GRE106_RES_INTL,C_GRE106_RES_02,UK106,2026,INTL,16000.00,3000.00,3000.00,GBP
TF_GRE106_RES_UK,C_GRE106_RES_03,UK106,2026,UK,4786.00,0.00,0.00,GBP
TF_GRE106_RES_INTL,C_GRE106_RES_03,UK106,2026,INTL,16000.00,3000.00,3000.00,GBP
TF_GRE106_RES_UK,C_GRE106_RES_04,UK106,2026,UK,4786.00,0.00,0.00,GBP
TF_GRE106_RES_INTL,C_GRE106_RES_04,UK106,2026,INTL,16500.00,3000.00,3000.00,GBP
TF_GRE106_RES_UK,C_GRE106_RES_05,UK106,2026,UK,4786.00,0.00,0.00,GBP
TF_GRE106_RES_INTL,C_GRE106_RES_05,UK106,2026,INTL,17500.00,3000.00,3000.00,GBP
TF_HER107_RES_UK,C_HER107_RES_01,UK107,2026,UK,4786.00,0.00,0.00,GBP
TF_HER107_RES_INTL,C_HER107_RES_01,UK107,2026,INTL,17950.00,2000.00,5000.00,GBP
TF_HER107_RES_UK,C_HER107_RES_02,UK107,2026,UK,4786.00,0.00,0.00,GBP
TF_HER107_RES_INTL,C_HER107_RES_02,UK107,2026,INTL,17200.00,2000.00,5000.00,GBP
TF_HER107_RES_UK,C_HER107_RES_03,UK107,2026,UK,4786.00,0.00,0.00,GBP
TF_HER107_RES_INTL,C_HER107_RES_03,UK107,2026,INTL,16450.00,2000.00,5000.00,GBP
TF_HER107_RES_UK,C_HER107_RES_04,UK107,2026,UK,4786.00,0.00,0.00,GBP
TF_HER107_RES_INTL,C_HER107_RES_04,UK107,2026,INTL,17950.00,2000.00,5000.00,GBP
TF_HER107_RES_UK,C_HER107_RES_05,UK107,2026,UK,4786.00,0.00,0.00,GBP
TF_HER107_RES_INTL,C_HER107_RES_05,UK107,2026,INTL,16450.00,2000.00,5000.00,GBP
TF_HER107_RES_UK,C_HER107_RES_06,UK107,2026,UK,4786.00,0.00,0.00,GBP
TF_HER107_RES_INTL,C_HER107_RES_06,UK107,2026,INTL,16450.00,2000.00,5000.00,GBP
TF_HUD108_R01_HOME,C_HUD108_RES_01,UK108,2026,HOME,5257.00,0.00,0.00,GBP
TF_HUD108_R01_INTL,C_HUD108_RES_01,UK108,2026,INTL,17600.00,4000.00,1000.00,GBP
TF_HUD108_R02_HOME,C_HUD108_RES_02,UK108,2026,HOME,5257.00,0.00,0.00,GBP
TF_HUD108_R02_INTL,C_HUD108_RES_02,UK108,2026,INTL,17600.00,4000.00,1000.00,GBP
TF_HUD108_R03_HOME,C_HUD108_RES_03,UK108,2026,HOME,5257.00,0.00,0.00,GBP
TF_HUD108_R03_INTL,C_HUD108_RES_03,UK108,2026,INTL,17600.00,4000.00,1000.00,GBP
TF_HUD108_R04_HOME,C_HUD108_RES_04,UK108,2026,HOME,5257.00,0.00,0.00,GBP
TF_HUD108_R04_INTL,C_HUD108_RES_04,UK108,2026,INTL,18700.00,4000.00,1000.00,GBP
TF_HUD108_R05_HOME,C_HUD108_RES_05,UK108,2026,HOME,5257.00,0.00,0.00,GBP
TF_HUD108_R05_INTL,C_HUD108_RES_05,UK108,2026,INTL,17600.00,4000.00,1000.00,GBP
TF_HUL109_R01_HOME,C_HUL109_RES_01,UK109,2026,HOME,5250.00,0.00,0.00,GBP
TF_HUL109_R01_INTL,C_HUL109_RES_01,UK109,2026,INTL,19500.00,0.00,2000.00,GBP
TF_HUL109_R02_HOME,C_HUL109_RES_02,UK109,2026,HOME,5250.00,0.00,0.00,GBP
TF_HUL109_R02_INTL,C_HUL109_RES_02,UK109,2026,INTL,16500.00,0.00,2000.00,GBP
TF_HUL109_R03_HOME,C_HUL109_RES_03,UK109,2026,HOME,5250.00,0.00,0.00,GBP
TF_HUL109_R03_INTL,C_HUL109_RES_03,UK109,2026,INTL,16500.00,0.00,2000.00,GBP
TF_HUL109_R04_HOME,C_HUL109_RES_04,UK109,2026,HOME,5250.00,0.00,0.00,GBP
TF_HUL109_R04_INTL,C_HUL109_RES_04,UK109,2026,INTL,19500.00,0.00,2000.00,GBP
TF_HUL109_R05_HOME,C_HUL109_RES_05,UK109,2026,HOME,5250.00,0.00,0.00,GBP
TF_HUL109_R05_INTL,C_HUL109_RES_05,UK109,2026,INTL,19500.00,0.00,2000.00,GBP
TF_KEN110_R01_HOME,C_KEN110_RES_01,UK110,2026,HOME,5000.00,0.00,0.00,GBP
TF_KEN110_R01_INTL,C_KEN110_RES_01,UK110,2026,INTL,19200.00,0.00,2000.00,GBP
TF_KEN110_R02_HOME,C_KEN110_RES_02,UK110,2026,HOME,5000.00,0.00,0.00,GBP
TF_KEN110_R02_INTL,C_KEN110_RES_02,UK110,2026,INTL,20200.00,0.00,2000.00,GBP
TF_KEN110_R03_HOME,C_KEN110_RES_03,UK110,2026,HOME,5000.00,0.00,0.00,GBP
TF_KEN110_R03_INTL,C_KEN110_RES_03,UK110,2026,INTL,22700.00,0.00,2000.00,GBP
TF_KEN110_R04_HOME,C_KEN110_RES_04,UK110,2026,HOME,5000.00,0.00,0.00,GBP
TF_KEN110_R04_INTL,C_KEN110_RES_04,UK110,2026,INTL,19200.00,0.00,2000.00,GBP
TF_KEN110_R05_HOME,C_KEN110_RES_05,UK110,2026,HOME,5000.00,0.00,0.00,GBP
TF_KEN110_R05_INTL,C_KEN110_RES_05,UK110,2026,INTL,19200.00,0.00,2000.00,GBP
TF_LNC111_R01_HOME,C_LNC111_RES_01,UK111,2026,HOME,4700.00,0.00,0.00,GBP
TF_LNC111_R01_INTL,C_LNC111_RES_01,UK111,2026,INTL,16500.00,0.00,1000.00,GBP
TF_LNC111_R02_HOME,C_LNC111_RES_02,UK111,2026,HOME,4700.00,0.00,0.00,GBP
TF_LNC111_R02_INTL,C_LNC111_RES_02,UK111,2026,INTL,15500.00,0.00,1000.00,GBP
TF_LNC111_R03_HOME,C_LNC111_RES_03,UK111,2026,HOME,4700.00,0.00,0.00,GBP
TF_LNC111_R03_INTL,C_LNC111_RES_03,UK111,2026,INTL,15500.00,0.00,1000.00,GBP
TF_LNC111_R04_HOME,C_LNC111_RES_04,UK111,2026,HOME,4700.00,0.00,0.00,GBP
TF_LNC111_R04_INTL,C_LNC111_RES_04,UK111,2026,INTL,15500.00,0.00,1000.00,GBP
TF_LNC111_R05_HOME,C_LNC111_RES_05,UK111,2026,HOME,4700.00,0.00,0.00,GBP
TF_LNC111_R05_INTL,C_LNC111_RES_05,UK111,2026,INTL,16500.00,0.00,1000.00,GBP
TF_LNC111_R06_HOME,C_LNC111_RES_06,UK111,2026,HOME,4700.00,0.00,0.00,GBP
TF_LNC111_R06_INTL,C_LNC111_RES_06,UK111,2026,INTL,16500.00,0.00,1000.00,GBP
TF_LEE112_R01_HOME,C_LEE112_RES_01,UK112,2026,HOME,12500.00,0.00,0.00,GBP
TF_LEE112_R01_INTL,C_LEE112_RES_01,UK112,2026,INTL,26500.00,0.00,1500.00,GBP
TF_LEE112_R02_HOME,C_LEE112_RES_02,UK112,2026,HOME,13250.00,0.00,0.00,GBP
TF_LEE112_R02_INTL,C_LEE112_RES_02,UK112,2026,INTL,31750.00,0.00,1500.00,GBP
TF_LEE112_R03_HOME,C_LEE112_RES_03,UK112,2026,HOME,13250.00,0.00,0.00,GBP
TF_LEE112_R03_INTL,C_LEE112_RES_03,UK112,2026,INTL,31750.00,0.00,1500.00,GBP
TF_LEE112_R04_HOME,C_LEE112_RES_04,UK112,2026,HOME,13250.00,0.00,0.00,GBP
TF_LEE112_R04_INTL,C_LEE112_RES_04,UK112,2026,INTL,31750.00,0.00,1500.00,GBP
TF_LEE112_R05_HOME,C_LEE112_RES_05,UK112,2026,HOME,12500.00,0.00,0.00,GBP
TF_LEE112_R05_INTL,C_LEE112_RES_05,UK112,2026,INTL,26500.00,0.00,1500.00,GBP
TF_LEE112_R06_HOME,C_LEE112_RES_06,UK112,2026,HOME,13250.00,0.00,0.00,GBP
TF_LEE112_R06_INTL,C_LEE112_RES_06,UK112,2026,INTL,31750.00,0.00,1500.00,GBP
TF_LEI113_R01_HOME,C_LEI113_RES_01,UK113,2026,HOME,4786.00,0.00,0.00,GBP
TF_LEI113_R01_INTL,C_LEI113_RES_01,UK113,2026,INTL,18800.00,0.00,1000.00,GBP
TF_LEI113_R02_HOME,C_LEI113_RES_02,UK113,2026,HOME,4786.00,0.00,0.00,GBP
TF_LEI113_R02_INTL,C_LEI113_RES_02,UK113,2026,INTL,23650.00,0.00,1000.00,GBP
TF_LEI113_R03_HOME,C_LEI113_RES_03,UK113,2026,HOME,4786.00,0.00,0.00,GBP
TF_LEI113_R03_INTL,C_LEI113_RES_03,UK113,2026,INTL,23650.00,0.00,1000.00,GBP
TF_LEI113_R04_HOME,C_LEI113_RES_04,UK113,2026,HOME,4786.00,0.00,0.00,GBP
TF_LEI113_R04_INTL,C_LEI113_RES_04,UK113,2026,INTL,22250.00,0.00,1000.00,GBP
TF_LEI113_R05_HOME,C_LEI113_RES_05,UK113,2026,HOME,4786.00,0.00,0.00,GBP
TF_LEI113_R05_INTL,C_LEI113_RES_05,UK113,2026,INTL,18800.00,0.00,1000.00,GBP
TF_LIN114_R01_HOME,C_LIN114_RES_01,UK114,2026,HOME,5250.00,0.00,0.00,GBP
TF_LIN114_R01_INTL,C_LIN114_RES_01,UK114,2026,INTL,16900.00,2000.00,3000.00,GBP
TF_LIN114_R02_HOME,C_LIN114_RES_02,UK114,2026,HOME,5250.00,0.00,0.00,GBP
TF_LIN114_R02_INTL,C_LIN114_RES_02,UK114,2026,INTL,16900.00,2000.00,3000.00,GBP
TF_LIN114_R03_HOME,C_LIN114_RES_03,UK114,2026,HOME,5250.00,0.00,0.00,GBP
TF_LIN114_R03_INTL,C_LIN114_RES_03,UK114,2026,INTL,16900.00,2000.00,3000.00,GBP
TF_LIN114_R04_HOME,C_LIN114_RES_04,UK114,2026,HOME,5250.00,0.00,0.00,GBP
TF_LIN114_R04_INTL,C_LIN114_RES_04,UK114,2026,INTL,16900.00,2000.00,3000.00,GBP
TF_LIN114_R05_HOME,C_LIN114_RES_05,UK114,2026,HOME,5250.00,0.00,0.00,GBP
TF_LIN114_R05_INTL,C_LIN114_RES_05,UK114,2026,INTL,16900.00,2000.00,3000.00,GBP
TF_LIN114_R06_HOME,C_LIN114_RES_06,UK114,2026,HOME,5250.00,0.00,0.00,GBP
TF_LIN114_R06_INTL,C_LIN114_RES_06,UK114,2026,INTL,18800.00,2000.00,3000.00,GBP
TF_LIN114_R07_HOME,C_LIN114_RES_07,UK114,2026,HOME,5250.00,0.00,0.00,GBP
TF_LIN114_R07_INTL,C_LIN114_RES_07,UK114,2026,INTL,16600.00,2000.00,3000.00,GBP
TF_LIV115_R01_HOME,C_LIV115_RES_01,UK115,2026,HOME,11500.00,0.00,0.00,GBP
TF_LIV115_R01_INTL,C_LIV115_RES_01,UK115,2026,INTL,25200.00,7000.00,2000.00,GBP
TF_LIV115_R02_HOME,C_LIV115_RES_02,UK115,2026,HOME,12450.00,0.00,0.00,GBP
TF_LIV115_R02_INTL,C_LIV115_RES_02,UK115,2026,INTL,29950.00,7000.00,2000.00,GBP
TF_LIV115_R03_HOME,C_LIV115_RES_03,UK115,2026,HOME,12450.00,0.00,0.00,GBP
TF_LIV115_R03_INTL,C_LIV115_RES_03,UK115,2026,INTL,29950.00,7000.00,2000.00,GBP
TF_LIV115_R04_HOME,C_LIV115_RES_04,UK115,2026,HOME,11500.00,0.00,0.00,GBP
TF_LIV115_R04_INTL,C_LIV115_RES_04,UK115,2026,INTL,25200.00,7000.00,2000.00,GBP
TF_LIV115_R05_HOME,C_LIV115_RES_05,UK115,2026,HOME,11500.00,0.00,0.00,GBP
TF_LIV115_R05_INTL,C_LIV115_RES_05,UK115,2026,INTL,25200.00,7000.00,2000.00,GBP
TF_LIV115_R06_HOME,C_LIV115_RES_06,UK115,2026,HOME,11500.00,0.00,0.00,GBP
TF_LIV115_R06_INTL,C_LIV115_RES_06,UK115,2026,INTL,25200.00,7000.00,2000.00,GBP
TF_MAN117_R01_HOME,C_MAN117_RES_01,UK117,2026,HOME,13000.00,0.00,0.00,GBP
TF_MAN117_R01_INTL,C_MAN117_RES_01,UK117,2026,INTL,22000.00,0.00,1000.00,GBP
TF_MAN117_R02_HOME,C_MAN117_RES_02,UK117,2026,HOME,5238.00,0.00,0.00,GBP
TF_MAN117_R02_INTL,C_MAN117_RES_02,UK117,2026,INTL,22000.00,0.00,1000.00,GBP
TF_MAN117_R03_HOME,C_MAN117_RES_03,UK117,2026,HOME,12600.00,0.00,0.00,GBP
TF_MAN117_R03_INTL,C_MAN117_RES_03,UK117,2026,INTL,27300.00,0.00,1000.00,GBP
TF_MAN117_R04_HOME,C_MAN117_RES_04,UK117,2026,HOME,14700.00,0.00,0.00,GBP
TF_MAN117_R04_INTL,C_MAN117_RES_04,UK117,2026,INTL,28900.00,0.00,1000.00,GBP
TF_MAN117_R05_HOME,C_MAN117_RES_05,UK117,2026,HOME,5238.00,0.00,0.00,GBP
TF_MAN117_R05_INTL,C_MAN117_RES_05,UK117,2026,INTL,27000.00,0.00,1000.00,GBP
TF_NOR118_R01_HOME,C_NOR118_RES_01,UK118,2026,HOME,5250.00,0.00,0.00,GBP
TF_NOR118_R01_INTL,C_NOR118_RES_01,UK118,2026,INTL,19000.00,3000.00,5500.00,GBP
TF_NOR118_R02_HOME,C_NOR118_RES_02,UK118,2026,HOME,5250.00,0.00,0.00,GBP
TF_NOR118_R02_INTL,C_NOR118_RES_02,UK118,2026,INTL,19000.00,3000.00,5500.00,GBP
TF_NOR118_R03_HOME,C_NOR118_RES_03,UK118,2026,HOME,5250.00,0.00,0.00,GBP
TF_NOR118_R03_INTL,C_NOR118_RES_03,UK118,2026,INTL,19000.00,3000.00,5500.00,GBP
TF_NOR118_R04_HOME,C_NOR118_RES_04,UK118,2026,HOME,5250.00,0.00,0.00,GBP
TF_NOR118_R04_INTL,C_NOR118_RES_04,UK118,2026,INTL,19000.00,3000.00,5500.00,GBP
TF_NOR118_R05_HOME,C_NOR118_RES_05,UK118,2026,HOME,5250.00,0.00,0.00,GBP
TF_NOR118_R05_INTL,C_NOR118_RES_05,UK118,2026,INTL,19000.00,3000.00,5500.00,GBP
TF_NOR118_R06_HOME,C_NOR118_RES_06,UK118,2026,HOME,5250.00,0.00,0.00,GBP
TF_NOR118_R06_INTL,C_NOR118_RES_06,UK118,2026,INTL,19000.00,3000.00,5500.00,GBP
TF_NOT119_R01_HOME,C_NOT119_RES_01,UK119,2026,HOME,5250.00,0.00,0.00,GBP
TF_NOT119_R01_INTL,C_NOT119_RES_01,UK119,2026,INTL,28600.00,0.00,2000.00,GBP
TF_NOT119_R02_HOME,C_NOT119_RES_02,UK119,2026,HOME,5250.00,0.00,0.00,GBP
TF_NOT119_R02_INTL,C_NOT119_RES_02,UK119,2026,INTL,22600.00,0.00,2000.00,GBP
TF_NOT119_R03_HOME,C_NOT119_RES_03,UK119,2026,HOME,5250.00,0.00,0.00,GBP
TF_NOT119_R03_INTL,C_NOT119_RES_03,UK119,2026,INTL,28600.00,0.00,2000.00,GBP
TF_NOT119_R04_HOME,C_NOT119_RES_04,UK119,2026,HOME,10500.00,0.00,0.00,GBP
TF_NOT119_R04_INTL,C_NOT119_RES_04,UK119,2026,INTL,23500.00,0.00,2000.00,GBP
TF_NOT119_R05_HOME,C_NOT119_RES_05,UK119,2026,HOME,5250.00,0.00,0.00,GBP
TF_NOT119_R05_INTL,C_NOT119_RES_05,UK119,2026,INTL,28600.00,0.00,2000.00,GBP
TF_NOT119_R06_HOME,C_NOT119_RES_06,UK119,2026,HOME,5250.00,0.00,0.00,GBP
TF_NOT119_R06_INTL,C_NOT119_RES_06,UK119,2026,INTL,28600.00,0.00,2000.00,GBP
TF_OXF120_R01_HOME,C_OXF120_RES_01,UK120,2026,HOME,10000.00,0.00,0.00,GBP
TF_OXF120_R01_INTL,C_OXF120_RES_01,UK120,2026,INTL,33000.00,0.00,0.00,GBP
TF_OXF120_R02_HOME,C_OXF120_RES_02,UK120,2026,HOME,16000.00,0.00,0.00,GBP
TF_OXF120_R02_INTL,C_OXF120_RES_02,UK120,2026,INTL,35000.00,0.00,0.00,GBP
TF_OXF120_R03_HOME,C_OXF120_RES_03,UK120,2026,HOME,14500.00,0.00,0.00,GBP
TF_OXF120_R03_INTL,C_OXF120_RES_03,UK120,2026,INTL,31000.00,0.00,0.00,GBP
TF_OXF120_R04_HOME,C_OXF120_RES_04,UK120,2026,HOME,14500.00,0.00,0.00,GBP
TF_OXF120_R04_INTL,C_OXF120_RES_04,UK120,2026,INTL,31000.00,0.00,0.00,GBP
TF_OXF120_R05_HOME,C_OXF120_RES_05,UK120,2026,HOME,14500.00,0.00,0.00,GBP
TF_OXF120_R05_INTL,C_OXF120_RES_05,UK120,2026,INTL,31000.00,0.00,0.00,GBP
TF_OXF120_R06_HOME,C_OXF120_RES_06,UK120,2026,HOME,10000.00,0.00,0.00,GBP
TF_OXF120_R06_INTL,C_OXF120_RES_06,UK120,2026,INTL,33000.00,0.00,0.00,GBP
TF_PLY121_R01_HOME,C_PLY121_RES_01,UK121,2026,HOME,5005.00,0.00,0.00,GBP
TF_PLY121_R01_INTL,C_PLY121_RES_01,UK121,2026,INTL,19315.00,4000.00,3500.00,GBP
TF_PLY121_R02_HOME,C_PLY121_RES_02,UK121,2026,HOME,5005.00,0.00,0.00,GBP
TF_PLY121_R02_INTL,C_PLY121_RES_02,UK121,2026,INTL,16870.00,4000.00,3500.00,GBP
TF_PLY121_R03_HOME,C_PLY121_RES_03,UK121,2026,HOME,5005.00,0.00,0.00,GBP
TF_PLY121_R03_INTL,C_PLY121_RES_03,UK121,2026,INTL,19315.00,4000.00,3500.00,GBP
TF_PLY121_R04_HOME,C_PLY121_RES_04,UK121,2026,HOME,5005.00,0.00,0.00,GBP
TF_PLY121_R04_INTL,C_PLY121_RES_04,UK121,2026,INTL,19315.00,4000.00,3500.00,GBP
TF_PLY121_R05_HOME,C_PLY121_RES_05,UK121,2026,HOME,5005.00,0.00,0.00,GBP
TF_PLY121_R05_INTL,C_PLY121_RES_05,UK121,2026,INTL,16870.00,4000.00,3500.00,GBP
TF_PLY121_R06_HOME,C_PLY121_RES_06,UK121,2026,HOME,5005.00,0.00,0.00,GBP
TF_PLY121_R06_INTL,C_PLY121_RES_06,UK121,2026,INTL,19315.00,4000.00,3500.00,GBP
TF_PLY121_R07_HOME,C_PLY121_RES_07,UK121,2026,HOME,5005.00,0.00,0.00,GBP
TF_PLY121_R07_INTL,C_PLY121_RES_07,UK121,2026,INTL,19315.00,4000.00,3500.00,GBP
TF_POR122_R01_HOME,C_POR122_RES_01,UK122,2026,HOME,5000.00,0.00,0.00,GBP
TF_POR122_R01_INTL,C_POR122_RES_01,UK122,2026,INTL,20400.00,0.00,2500.00,GBP
TF_POR122_R02_HOME,C_POR122_RES_02,UK122,2026,HOME,5000.00,0.00,0.00,GBP
TF_POR122_R02_INTL,C_POR122_RES_02,UK122,2026,INTL,18100.00,0.00,2500.00,GBP
TF_POR122_R03_HOME,C_POR122_RES_03,UK122,2026,HOME,5000.00,0.00,0.00,GBP
TF_POR122_R03_INTL,C_POR122_RES_03,UK122,2026,INTL,18100.00,0.00,2500.00,GBP
TF_POR122_R04_HOME,C_POR122_RES_04,UK122,2026,HOME,5000.00,0.00,0.00,GBP
TF_POR122_R04_INTL,C_POR122_RES_04,UK122,2026,INTL,18100.00,0.00,2500.00,GBP
TF_POR122_R05_HOME,C_POR122_RES_05,UK122,2026,HOME,5000.00,0.00,0.00,GBP
TF_POR122_R05_INTL,C_POR122_RES_05,UK122,2026,INTL,20400.00,0.00,2500.00,GBP
TF_REA123_R01_HOME,C_REA123_RES_01,UK123,2026,HOME,5250.00,0.00,0.00,GBP
TF_REA123_R01_INTL,C_REA123_RES_01,UK123,2026,INTL,22350.00,0.00,1000.00,GBP
TF_REA123_R02_HOME,C_REA123_RES_02,UK123,2026,HOME,5250.00,0.00,0.00,GBP
TF_REA123_R02_INTL,C_REA123_RES_02,UK123,2026,INTL,22350.00,0.00,1000.00,GBP
TF_REA123_R03_HOME,C_REA123_RES_03,UK123,2026,HOME,5250.00,0.00,0.00,GBP
TF_REA123_R03_INTL,C_REA123_RES_03,UK123,2026,INTL,27350.00,0.00,1000.00,GBP
TF_REA123_R04_HOME,C_REA123_RES_04,UK123,2026,HOME,5250.00,0.00,0.00,GBP
TF_REA123_R04_INTL,C_REA123_RES_04,UK123,2026,INTL,27350.00,0.00,1000.00,GBP
TF_REA123_R05_HOME,C_REA123_RES_05,UK123,2026,HOME,5250.00,0.00,0.00,GBP
TF_REA123_R05_INTL,C_REA123_RES_05,UK123,2026,INTL,24450.00,0.00,1000.00,GBP
TF_USW124_R01_HOME,C_USW124_RES_01,UK124,2026,HOME,5006.00,0.00,0.00,GBP
TF_USW124_R01_INTL,C_USW124_RES_01,UK124,2026,INTL,18970.00,2500.00,5000.00,GBP
TF_USW124_R02_HOME,C_USW124_RES_02,UK124,2026,HOME,5006.00,0.00,0.00,GBP
TF_USW124_R02_INTL,C_USW124_RES_02,UK124,2026,INTL,17900.00,2500.00,5000.00,GBP
TF_USW124_R03_HOME,C_USW124_RES_03,UK124,2026,HOME,5006.00,0.00,0.00,GBP
TF_USW124_R03_INTL,C_USW124_RES_03,UK124,2026,INTL,17900.00,2500.00,5000.00,GBP
TF_USW124_R04_HOME,C_USW124_RES_04,UK124,2026,HOME,5006.00,0.00,0.00,GBP
TF_USW124_R04_INTL,C_USW124_RES_04,UK124,2026,INTL,17900.00,2500.00,5000.00,GBP
TF_USW124_R05_HOME,C_USW124_RES_05,UK124,2026,HOME,5006.00,0.00,0.00,GBP
TF_USW124_R05_INTL,C_USW124_RES_05,UK124,2026,INTL,18970.00,2500.00,5000.00,GBP
TF_SOU125_R01_HOME,C_SOU125_RES_01,UK125,2026,HOME,10500.00,0.00,0.00,GBP
TF_SOU125_R01_INTL,C_SOU125_RES_01,UK125,2026,INTL,28900.00,0.00,2000.00,GBP
TF_SOU125_R02_HOME,C_SOU125_RES_02,UK125,2026,HOME,10500.00,0.00,0.00,GBP
TF_SOU125_R02_INTL,C_SOU125_RES_02,UK125,2026,INTL,22100.00,0.00,2000.00,GBP
TF_SOU125_R03_HOME,C_SOU125_RES_03,UK125,2026,HOME,10500.00,0.00,0.00,GBP
TF_SOU125_R03_INTL,C_SOU125_RES_03,UK125,2026,INTL,28900.00,0.00,2000.00,GBP
TF_SOU125_R04_HOME,C_SOU125_RES_04,UK125,2026,HOME,10500.00,0.00,0.00,GBP
TF_SOU125_R04_INTL,C_SOU125_RES_04,UK125,2026,INTL,28900.00,0.00,2000.00,GBP
TF_SOU125_R05_HOME,C_SOU125_RES_05,UK125,2026,HOME,10500.00,0.00,0.00,GBP
TF_SOU125_R05_INTL,C_SOU125_RES_05,UK125,2026,INTL,22100.00,0.00,2000.00,GBP
TF_SOU125_R06_HOME,C_SOU125_RES_06,UK125,2026,HOME,10500.00,0.00,0.00,GBP
TF_SOU125_R06_INTL,C_SOU125_RES_06,UK125,2026,INTL,28900.00,0.00,2000.00,GBP
TF_STA126_R01_HOME,C_STA126_RES_01,UK126,2026,HOME,11500.00,0.00,0.00,GBP
TF_STA126_R01_INTL,C_STA126_RES_01,UK126,2026,INTL,29950.00,0.00,1500.00,GBP
TF_STA126_R02_HOME,C_STA126_RES_02,UK126,2026,HOME,11500.00,0.00,0.00,GBP
TF_STA126_R02_INTL,C_STA126_RES_02,UK126,2026,INTL,25450.00,0.00,1500.00,GBP
TF_STA126_R03_HOME,C_STA126_RES_03,UK126,2026,HOME,11500.00,0.00,0.00,GBP
TF_STA126_R03_INTL,C_STA126_RES_03,UK126,2026,INTL,29950.00,0.00,1500.00,GBP
TF_STA126_R04_HOME,C_STA126_RES_04,UK126,2026,HOME,11500.00,0.00,0.00,GBP
TF_STA126_R04_INTL,C_STA126_RES_04,UK126,2026,INTL,25450.00,0.00,1500.00,GBP
TF_STA126_R05_HOME,C_STA126_RES_05,UK126,2026,HOME,11500.00,0.00,0.00,GBP
TF_STA126_R05_INTL,C_STA126_RES_05,UK126,2026,INTL,29950.00,0.00,1500.00,GBP
TF_STA126_R06_HOME,C_STA126_RES_06,UK126,2026,HOME,11500.00,0.00,0.00,GBP
TF_STA126_R06_INTL,C_STA126_RES_06,UK126,2026,INTL,29950.00,0.00,1500.00,GBP
TF_STA126_R07_HOME,C_STA126_RES_07,UK126,2026,HOME,11500.00,0.00,0.00,GBP
TF_STA126_R07_INTL,C_STA126_RES_07,UK126,2026,INTL,25450.00,0.00,1500.00,GBP
TF_MAR127_R01_HOME,C_MAR127_RES_01,UK127,2026,HOME,4800.00,0.00,0.00,GBP
TF_MAR127_R01_INTL,C_MAR127_RES_01,UK127,2026,INTL,15500.00,0.00,2000.00,GBP
TF_MAR127_R02_HOME,C_MAR127_RES_02,UK127,2026,HOME,4800.00,0.00,0.00,GBP
TF_MAR127_R02_INTL,C_MAR127_RES_02,UK127,2026,INTL,15500.00,0.00,2000.00,GBP
TF_MAR127_R03_HOME,C_MAR127_RES_03,UK127,2026,HOME,4800.00,0.00,0.00,GBP
TF_MAR127_R03_INTL,C_MAR127_RES_03,UK127,2026,INTL,15000.00,0.00,2000.00,GBP
TF_MAR127_R04_HOME,C_MAR127_RES_04,UK127,2026,HOME,4800.00,0.00,0.00,GBP
TF_MAR127_R04_INTL,C_MAR127_RES_04,UK127,2026,INTL,15000.00,0.00,2000.00,GBP
TF_STA128_R01_HOME,C_STA128_RES_01,UK128,2026,HOME,5150.00,0.00,0.00,GBP
TF_STA128_R01_INTL,C_STA128_RES_01,UK128,2026,INTL,17250.00,0.00,3500.00,GBP
TF_STA128_R02_HOME,C_STA128_RES_02,UK128,2026,HOME,5150.00,0.00,0.00,GBP
TF_STA128_R02_INTL,C_STA128_RES_02,UK128,2026,INTL,17250.00,0.00,3500.00,GBP
TF_STA128_R03_HOME,C_STA128_RES_03,UK128,2026,HOME,5150.00,0.00,0.00,GBP
TF_STA128_R03_INTL,C_STA128_RES_03,UK128,2026,INTL,17250.00,0.00,3500.00,GBP
TF_STA128_R04_HOME,C_STA128_RES_04,UK128,2026,HOME,5150.00,0.00,0.00,GBP
TF_STA128_R04_INTL,C_STA128_RES_04,UK128,2026,INTL,17250.00,0.00,3500.00,GBP
TF_STA128_R05_HOME,C_STA128_RES_05,UK128,2026,HOME,5150.00,0.00,0.00,GBP
TF_STA128_R05_INTL,C_STA128_RES_05,UK128,2026,INTL,17250.00,0.00,3500.00,GBP
TF_STI129_R01_HOME,C_STI129_RES_01,UK129,2026,HOME,8900.00,0.00,0.00,GBP
TF_STI129_R01_INTL,C_STI129_RES_01,UK129,2026,INTL,18700.00,7000.00,2000.00,GBP
TF_STI129_R02_HOME,C_STI129_RES_02,UK129,2026,HOME,10100.00,0.00,0.00,GBP
TF_STI129_R02_INTL,C_STI129_RES_02,UK129,2026,INTL,21800.00,7000.00,2000.00,GBP
TF_STI129_R03_HOME,C_STI129_RES_03,UK129,2026,HOME,10100.00,0.00,0.00,GBP
TF_STI129_R03_INTL,C_STI129_RES_03,UK129,2026,INTL,21800.00,7000.00,2000.00,GBP
TF_STI129_R04_HOME,C_STI129_RES_04,UK129,2026,HOME,10100.00,0.00,0.00,GBP
TF_STI129_R04_INTL,C_STI129_RES_04,UK129,2026,INTL,17775.00,7000.00,2000.00,GBP
TF_STI129_R05_HOME,C_STI129_RES_05,UK129,2026,HOME,10100.00,0.00,0.00,GBP
TF_STI129_R05_INTL,C_STI129_RES_05,UK129,2026,INTL,18700.00,7000.00,2000.00,GBP
TF_STI129_R06_HOME,C_STI129_RES_06,UK129,2026,HOME,10100.00,0.00,0.00,GBP
TF_STI129_R06_INTL,C_STI129_RES_06,UK129,2026,INTL,18700.00,7000.00,2000.00,GBP
TF_STR130_R01_HOME,C_STR130_RES_01,UK130,2026,HOME,5238.00,0.00,0.00,GBP
TF_STR130_R01_INTL,C_STR130_RES_01,UK130,2026,INTL,29350.00,6000.00,2000.00,GBP
TF_STR130_R02_HOME,C_STR130_RES_02,UK130,2026,HOME,5238.00,0.00,0.00,GBP
TF_STR130_R02_INTL,C_STR130_RES_02,UK130,2026,INTL,24450.00,6000.00,2000.00,GBP
TF_STR130_R03_HOME,C_STR130_RES_03,UK130,2026,HOME,5238.00,0.00,0.00,GBP
TF_STR130_R03_INTL,C_STR130_RES_03,UK130,2026,INTL,21550.00,0.00,2000.00,GBP
TF_STR130_R04_HOME,C_STR130_RES_04,UK130,2026,HOME,5238.00,0.00,0.00,GBP
TF_STR130_R04_INTL,C_STR130_RES_04,UK130,2026,INTL,21550.00,0.00,2000.00,GBP
TF_STR130_R05_HOME,C_STR130_RES_05,UK130,2026,HOME,5238.00,0.00,0.00,GBP
TF_STR130_R05_INTL,C_STR130_RES_05,UK130,2026,INTL,26150.00,0.00,2000.00,GBP
TF_STR130_R06_HOME,C_STR130_RES_06,UK130,2026,HOME,5238.00,0.00,0.00,GBP
TF_STR130_R06_INTL,C_STR130_RES_06,UK130,2026,INTL,21550.00,0.00,2000.00,GBP
TF_STR130_R07_HOME,C_STR130_RES_07,UK130,2026,HOME,5238.00,0.00,0.00,GBP
TF_STR130_R07_INTL,C_STR130_RES_07,UK130,2026,INTL,21550.00,0.00,2000.00,GBP
TF_SUN132_R01_HOME,C_SUN132_RES_01,UK132,2026,HOME,4700.00,0.00,0.00,GBP
TF_SUN132_R01_INTL,C_SUN132_RES_01,UK132,2026,INTL,17000.00,5500.00,3500.00,GBP
TF_SUN132_R02_HOME,C_SUN132_RES_02,UK132,2026,HOME,4700.00,0.00,0.00,GBP
TF_SUN132_R02_INTL,C_SUN132_RES_02,UK132,2026,INTL,17000.00,5500.00,3500.00,GBP
TF_SUN132_R03_HOME,C_SUN132_RES_03,UK132,2026,HOME,4700.00,0.00,0.00,GBP
TF_SUN132_R03_INTL,C_SUN132_RES_03,UK132,2026,INTL,17000.00,5500.00,3500.00,GBP
TF_SUN132_R04_HOME,C_SUN132_RES_04,UK132,2026,HOME,4700.00,0.00,0.00,GBP
TF_SUN132_R04_INTL,C_SUN132_RES_04,UK132,2026,INTL,17400.00,5500.00,3500.00,GBP
TF_SUN132_R05_HOME,C_SUN132_RES_05,UK132,2026,HOME,4700.00,0.00,0.00,GBP
TF_SUN132_R05_INTL,C_SUN132_RES_05,UK132,2026,INTL,17000.00,5500.00,3500.00,GBP
TF_SUR133_R01_HOME,C_SUR133_RES_01,UK133,2026,HOME,5000.00,0.00,0.00,GBP
TF_SUR133_R01_INTL,C_SUR133_RES_01,UK133,2026,INTL,22100.00,0.00,2000.00,GBP
TF_SUR133_R02_HOME,C_SUR133_RES_02,UK133,2026,HOME,5000.00,0.00,0.00,GBP
TF_SUR133_R02_INTL,C_SUR133_RES_02,UK133,2026,INTL,20400.00,0.00,2000.00,GBP
TF_SUR133_R03_HOME,C_SUR133_RES_03,UK133,2026,HOME,10000.00,0.00,0.00,GBP
TF_SUR133_R03_INTL,C_SUR133_RES_03,UK133,2026,INTL,21500.00,0.00,2000.00,GBP
TF_SUR133_R04_HOME,C_SUR133_RES_04,UK133,2026,HOME,5000.00,0.00,0.00,GBP
TF_SUR133_R04_INTL,C_SUR133_RES_04,UK133,2026,INTL,20400.00,0.00,2000.00,GBP
TF_SUR133_R05_HOME,C_SUR133_RES_05,UK133,2026,HOME,5000.00,0.00,0.00,GBP
TF_SUR133_R05_INTL,C_SUR133_RES_05,UK133,2026,INTL,22100.00,0.00,2000.00,GBP
TF_SUS134_R01_HOME,C_SUS134_RES_01,UK134,2026,HOME,5250.00,0.00,0.00,GBP
TF_SUS134_R01_INTL,C_SUS134_RES_01,UK134,2026,INTL,21500.00,0.00,2000.00,GBP
TF_SUS134_R02_HOME,C_SUS134_RES_02,UK134,2026,HOME,5250.00,0.00,0.00,GBP
TF_SUS134_R02_INTL,C_SUS134_RES_02,UK134,2026,INTL,21500.00,0.00,2000.00,GBP
TF_SUS134_R03_HOME,C_SUS134_RES_03,UK134,2026,HOME,5250.00,0.00,0.00,GBP
TF_SUS134_R03_INTL,C_SUS134_RES_03,UK134,2026,INTL,21500.00,0.00,2000.00,GBP
TF_SUS134_R04_HOME,C_SUS134_RES_04,UK134,2026,HOME,5250.00,0.00,0.00,GBP
TF_SUS134_R04_INTL,C_SUS134_RES_04,UK134,2026,INTL,21500.00,0.00,2000.00,GBP
TF_SUS134_R05_HOME,C_SUS134_RES_05,UK134,2026,HOME,5250.00,0.00,0.00,GBP
TF_SUS134_R05_INTL,C_SUS134_RES_05,UK134,2026,INTL,26350.00,0.00,2000.00,GBP
TF_UAL135_R01_HOME,C_UAL135_RES_01,UK135,2026,HOME,7550.00,0.00,0.00,GBP
TF_UAL135_R01_INTL,C_UAL135_RES_01,UK135,2026,INTL,19845.00,0.00,4000.00,GBP
TF_UAL135_R02_HOME,C_UAL135_RES_02,UK135,2026,HOME,7550.00,0.00,0.00,GBP
TF_UAL135_R02_INTL,C_UAL135_RES_02,UK135,2026,INTL,19845.00,0.00,4000.00,GBP
TF_UAL135_R03_HOME,C_UAL135_RES_03,UK135,2026,HOME,7550.00,0.00,0.00,GBP
TF_UAL135_R03_INTL,C_UAL135_RES_03,UK135,2026,INTL,19845.00,0.00,4000.00,GBP
TF_UAL135_R04_HOME,C_UAL135_RES_04,UK135,2026,HOME,14420.00,7000.00,0.00,GBP
TF_UAL135_R04_INTL,C_UAL135_RES_04,UK135,2026,INTL,30890.00,10000.00,4000.00,GBP
TF_UHI136_R01_HOME,C_UHI136_RES_01,UK136,2026,HOME,5000.00,0.00,0.00,GBP
TF_UHI136_R01_INTL,C_UHI136_RES_01,UK136,2026,INTL,16500.00,0.00,1000.00,GBP
TF_UHI136_R02_HOME,C_UHI136_RES_02,UK136,2026,HOME,5000.00,0.00,0.00,GBP
TF_UHI136_R02_INTL,C_UHI136_RES_02,UK136,2026,INTL,16500.00,0.00,1000.00,GBP
TF_UHI136_R03_HOME,C_UHI136_RES_03,UK136,2026,HOME,5000.00,0.00,0.00,GBP
TF_UHI136_R03_INTL,C_UHI136_RES_03,UK136,2026,INTL,19500.00,0.00,1000.00,GBP
TF_UHI136_R04_HOME,C_UHI136_RES_04,UK136,2026,HOME,5000.00,0.00,0.00,GBP
TF_UHI136_R04_INTL,C_UHI136_RES_04,UK136,2026,INTL,16500.00,0.00,1000.00,GBP
TF_UHI136_R05_HOME,C_UHI136_RES_05,UK136,2026,HOME,5000.00,0.00,0.00,GBP
TF_UHI136_R05_INTL,C_UHI136_RES_05,UK136,2026,INTL,16500.00,0.00,1000.00,GBP
TF_UWE137_R01_HOME,C_UWE137_RES_01,UK137,2026,HOME,10500.00,0.00,0.00,GBP
TF_UWE137_R01_INTL,C_UWE137_RES_01,UK137,2026,INTL,17500.00,0.00,3000.00,GBP
TF_UWE137_R02_HOME,C_UWE137_RES_02,UK137,2026,HOME,10500.00,0.00,0.00,GBP
TF_UWE137_R02_INTL,C_UWE137_RES_02,UK137,2026,INTL,16500.00,0.00,3000.00,GBP
TF_ULS139_R01_HOME,C_ULS139_RES_01,UK139,2026,HOME,5250.00,0.00,0.00,GBP
TF_ULS139_R01_INTL,C_ULS139_RES_01,UK139,2026,INTL,19040.00,0.00,4000.00,GBP
TF_ULS139_R02_HOME,C_ULS139_RES_02,UK139,2026,HOME,5250.00,0.00,0.00,GBP
TF_ULS139_R02_INTL,C_ULS139_RES_02,UK139,2026,INTL,19040.00,0.00,4000.00,GBP
TF_ULS139_R03_HOME,C_ULS139_RES_03,UK139,2026,HOME,5250.00,0.00,0.00,GBP
TF_ULS139_R03_INTL,C_ULS139_RES_03,UK139,2026,INTL,19040.00,0.00,4000.00,GBP
TF_ULS139_R04_HOME,C_ULS139_RES_04,UK139,2026,HOME,5250.00,0.00,0.00,GBP
TF_ULS139_R04_INTL,C_ULS139_RES_04,UK139,2026,INTL,19040.00,0.00,4000.00,GBP
TF_WAR141_R01_HOME,C_WAR141_RES_01,UK141,2026,HOME,5150.00,0.00,0.00,GBP
TF_WAR141_R01_INTL,C_WAR141_RES_01,UK141,2026,INTL,23850.00,0.00,1000.00,GBP
TF_WAR141_R02_HOME,C_WAR141_RES_02,UK141,2026,HOME,11500.00,0.00,0.00,GBP
TF_WAR141_R02_INTL,C_WAR141_RES_02,UK141,2026,INTL,28500.00,0.00,1000.00,GBP
TF_WAR141_R03_HOME,C_WAR141_RES_03,UK141,2026,HOME,13500.00,0.00,0.00,GBP
TF_WAR141_R03_INTL,C_WAR141_RES_03,UK141,2026,INTL,31500.00,0.00,1000.00,GBP
TF_WAR141_R04_HOME,C_WAR141_RES_04,UK141,2026,HOME,13500.00,0.00,0.00,GBP
TF_WAR141_R04_INTL,C_WAR141_RES_04,UK141,2026,INTL,31500.00,0.00,1000.00,GBP
TF_WAR141_R05_HOME,C_WAR141_RES_05,UK141,2026,HOME,5150.00,0.00,0.00,GBP
TF_WAR141_R05_INTL,C_WAR141_RES_05,UK141,2026,INTL,23850.00,0.00,1000.00,GBP
TF_WES142_R01_HOME,C_WES142_RES_01,UK142,2026,HOME,5000.00,0.00,0.00,GBP
TF_WES142_R01_INTL,C_WES142_RES_01,UK142,2026,INTL,16500.00,0.00,4000.00,GBP
TF_WES142_R02_HOME,C_WES142_RES_02,UK142,2026,HOME,5000.00,0.00,0.00,GBP
TF_WES142_R02_INTL,C_WES142_RES_02,UK142,2026,INTL,17500.00,4200000.00,4000.00,GBP
TF_WES142_R03_HOME,C_WES142_RES_03,UK142,2026,HOME,5000.00,0.00,0.00,GBP
TF_WES142_R03_INTL,C_WES142_RES_03,UK142,2026,INTL,16500.00,0.00,4000.00,GBP
TF_WES142_R04_HOME,C_WES142_RES_04,UK142,2026,HOME,5000.00,0.00,0.00,GBP
TF_WES142_R04_INTL,C_WES142_RES_04,UK142,2026,INTL,17500.00,4200000.00,4000.00,GBP
TF_WOL143_R01_HOME,C_WOL143_RES_01,UK143,2026,HOME,5250.00,0.00,0.00,GBP
TF_WOL143_R01_INTL,C_WOL143_RES_01,UK143,2026,INTL,22000.00,2000.00,10500.00,GBP
TF_WOL143_R02_HOME,C_WOL143_RES_02,UK143,2026,HOME,5250.00,0.00,0.00,GBP
TF_WOL143_R02_INTL,C_WOL143_RES_02,UK143,2026,INTL,22000.00,2000.00,10500.00,GBP
TF_WOL143_R03_HOME,C_WOL143_RES_03,UK143,2026,HOME,5250.00,0.00,0.00,GBP
TF_WOL143_R03_INTL,C_WOL143_RES_03,UK143,2026,INTL,22000.00,2000.00,10500.00,GBP
TF_WOL143_R04_HOME,C_WOL143_RES_04,UK143,2026,HOME,5250.00,0.00,0.00,GBP
TF_WOL143_R04_INTL,C_WOL143_RES_04,UK143,2026,INTL,22000.00,2000.00,10500.00,GBP
TF_WOL143_R05_HOME,C_WOL143_RES_05,UK143,2026,HOME,5250.00,0.00,0.00,GBP
TF_WOL143_R05_INTL,C_WOL143_RES_05,UK143,2026,INTL,22000.00,2000.00,10500.00,GBP
TF_WOL143_R06_HOME,C_WOL143_RES_06,UK143,2026,HOME,5250.00,0.00,0.00,GBP
TF_WOL143_R06_INTL,C_WOL143_RES_06,UK143,2026,INTL,22000.00,2000.00,10500.00,GBP
TF_YOR144_R01_HOME,C_YOR144_RES_01,UK144,2026,HOME,5250.00,0.00,0.00,GBP
TF_YOR144_R01_INTL,C_YOR144_RES_01,UK144,2026,INTL,22500.00,0.00,2000.00,GBP
TF_YOR144_R02_HOME,C_YOR144_RES_02,UK144,2026,HOME,5250.00,0.00,0.00,GBP
TF_YOR144_R02_INTL,C_YOR144_RES_02,UK144,2026,INTL,25500.00,0.00,2000.00,GBP
TF_YOR144_R03_HOME,C_YOR144_RES_03,UK144,2026,HOME,5250.00,0.00,0.00,GBP
TF_YOR144_R03_INTL,C_YOR144_RES_03,UK144,2026,INTL,22500.00,0.00,2000.00,GBP
TF_YOR144_R04_HOME,C_YOR144_RES_04,UK144,2026,HOME,5250.00,0.00,0.00,GBP
TF_YOR144_R04_INTL,C_YOR144_RES_04,UK144,2026,INTL,22500.00,0.00,2000.00,GBP
TF_WRX145_R01_HOME,C_WRX145_RES_01,UK145,2026,HOME,4950.00,0.00,0.00,GBP
TF_WRX145_R01_INTL,C_WRX145_RES_01,UK145,2026,INTL,16500.00,2000.00,2000.00,GBP
TF_WRX145_R02_HOME,C_WRX145_RES_02,UK145,2026,HOME,4950.00,0.00,0.00,GBP
TF_WRX145_R02_INTL,C_WRX145_RES_02,UK145,2026,INTL,16500.00,2000.00,2000.00,GBP
TF_WRX145_R03_HOME,C_WRX145_RES_03,UK145,2026,HOME,4950.00,0.00,0.00,GBP
TF_WRX145_R03_INTL,C_WRX145_RES_03,UK145,2026,INTL,16500.00,2000.00,2000.00,GBP
TF_YSJ146_R01_HOME,C_YSJ146_RES_01,UK146,2026,HOME,4786.00,0.00,0.00,GBP
TF_YSJ146_R01_INTL,C_YSJ146_RES_01,UK146,2026,INTL,15000.00,0.00,3000.00,GBP
TF_YSJ146_R02_HOME,C_YSJ146_RES_02,UK146,2026,HOME,4786.00,0.00,0.00,GBP
TF_YSJ146_R02_INTL,C_YSJ146_RES_02,UK146,2026,INTL,15000.00,0.00,3000.00,GBP
TF_YSJ146_R03_HOME,C_YSJ146_RES_03,UK146,2026,HOME,4786.00,0.00,0.00,GBP
TF_YSJ146_R03_INTL,C_YSJ146_RES_03,UK146,2026,INTL,15000.00,0.00,3000.00,GBP
TF_YSJ146_R04_HOME,C_YSJ146_RES_04,UK146,2026,HOME,4786.00,0.00,0.00,GBP
TF_YSJ146_R04_INTL,C_YSJ146_RES_04,UK146,2026,INTL,15000.00,0.00,3000.00,GBP
TF_YSJ146_R05_HOME,C_YSJ146_RES_05,UK146,2026,HOME,4786.00,0.00,0.00,GBP
TF_YSJ146_R05_INTL,C_YSJ146_RES_05,UK146,2026,INTL,15000.00,0.00,3000.00,GBP
TF_YSJ146_R06_HOME,C_YSJ146_RES_06,UK146,2026,HOME,4786.00,0.00,0.00,GBP
TF_YSJ146_R06_INTL,C_YSJ146_RES_06,UK146,2026,INTL,15000.00,0.00,3000.00,GBP
TF_YSJ146_R07_HOME,C_YSJ146_RES_07,UK146,2026,HOME,4786.00,0.00,0.00,GBP
TF_YSJ146_R07_INTL,C_YSJ146_RES_07,UK146,2026,INTL,15000.00,0.00,3000.00,GBP
TF_YSJ146_R08_HOME,C_YSJ146_RES_08,UK146,2026,HOME,4786.00,0.00,0.00,GBP
TF_YSJ146_R08_INTL,C_YSJ146_RES_08,UK146,2026,INTL,15000.00,0.00,3000.00,GBP


























